catalog_id,catalog_name,organization,dataset_name,dataset_title,dataset_url,license,resource_id,resource_name,format,size,themes,kind,match,url
geospatial-jp,G空間情報センター,静岡県,tosikeikaku202306kakegawa,静岡県都市計画基礎調査（掛川市）,https://www.geospatial.jp/ckan/dataset/tosikeikaku202306kakegawa,クリエイティブ・コモンズ 表示,5d698f34-dbe0-4df9-bc83-edc50b44d9cb,00_区域界.zip,ZIP,594847,,archive,strict,https://www.geospatial.jp/ckan/dataset/b57c26fc-4ff4-448b-971c-69599e38ee5c/resource/5d698f34-dbe0-4df9-bc83-edc50b44d9cb/download/00_.zip
geospatial-jp,G空間情報センター,静岡県,tosikeikaku202306kakegawa,静岡県都市計画基礎調査（掛川市）,https://www.geospatial.jp/ckan/dataset/tosikeikaku202306kakegawa,クリエイティブ・コモンズ 表示,03ab1417-59ec-431b-b16a-fa24c4720b73,01_人口.zip,ZIP,107699835,人口,archive,strict,https://www.geospatial.jp/ckan/dataset/b57c26fc-4ff4-448b-971c-69599e38ee5c/resource/03ab1417-59ec-431b-b16a-fa24c4720b73/download/01_.zip
geospatial-jp,G空間情報センター,静岡県,tosikeikaku202306kakegawa,静岡県都市計画基礎調査（掛川市）,https://www.geospatial.jp/ckan/dataset/tosikeikaku202306kakegawa,クリエイティブ・コモンズ 表示,dd4ffb13-df4d-4971-aad6-753228f599d9,02_産業.zip,ZIP,8635204,産業,archive,strict,https://www.geospatial.jp/ckan/dataset/b57c26fc-4ff4-448b-971c-69599e38ee5c/resource/dd4ffb13-df4d-4971-aad6-753228f599d9/download/02_.zip
geospatial-jp,G空間情報センター,静岡県,tosikeikaku202306kakegawa,静岡県都市計画基礎調査（掛川市）,https://www.geospatial.jp/ckan/dataset/tosikeikaku202306kakegawa,クリエイティブ・コモンズ 表示,78bf0b51-15b6-4f45-8b90-c172f9163827,03_土地利用.zip,ZIP,414599947,土地利用,archive,strict,https://www.geospatial.jp/ckan/dataset/b57c26fc-4ff4-448b-971c-69599e38ee5c/resource/78bf0b51-15b6-4f45-8b90-c172f9163827/download/03_.zip
geospatial-jp,G空間情報センター,静岡県,tosikeikaku202306kakegawa,静岡県都市計画基礎調査（掛川市）,https://www.geospatial.jp/ckan/dataset/tosikeikaku202306kakegawa,クリエイティブ・コモンズ 表示,d0a6df34-b951-4fc5-b992-a77075977388,05_都市施設.zip,ZIP,23744964,都市施設,archive,strict,https://www.geospatial.jp/ckan/dataset/b57c26fc-4ff4-448b-971c-69599e38ee5c/resource/d0a6df34-b951-4fc5-b992-a77075977388/download/05_.zip
geospatial-jp,G空間情報センター,静岡県,tosikeikaku202306kakegawa,静岡県都市計画基礎調査（掛川市）,https://www.geospatial.jp/ckan/dataset/tosikeikaku202306kakegawa,クリエイティブ・コモンズ 表示,f22f92eb-cfb2-4e61-883b-985760b611f2,06_地価.zip,ZIP,36269770,地価,archive,strict,https://www.geospatial.jp/ckan/dataset/b57c26fc-4ff4-448b-971c-69599e38ee5c/resource/f22f92eb-cfb2-4e61-883b-985760b611f2/download/06_.zip
geospatial-jp,G空間情報センター,静岡県,tosikeikaku202306kakegawa,静岡県都市計画基礎調査（掛川市）,https://www.geospatial.jp/ckan/dataset/tosikeikaku202306kakegawa,クリエイティブ・コモンズ 表示,825fcb9f-9d08-40f9-868b-911cda261b6d,07_自然環境.zip,ZIP,86080905,自然環境,archive,strict,https://www.geospatial.jp/ckan/dataset/b57c26fc-4ff4-448b-971c-69599e38ee5c/resource/825fcb9f-9d08-40f9-868b-911cda261b6d/download/07_.zip
geospatial-jp,G空間情報センター,静岡県,tosikeikaku202306kakegawa,静岡県都市計画基礎調査（掛川市）,https://www.geospatial.jp/ckan/dataset/tosikeikaku202306kakegawa,クリエイティブ・コモンズ 表示,862480c5-3806-44c7-9759-e02b633cd53f,08_公害および災害.zip,ZIP,16996573,災害,archive,strict,https://www.geospatial.jp/ckan/dataset/b57c26fc-4ff4-448b-971c-69599e38ee5c/resource/862480c5-3806-44c7-9759-e02b633cd53f/download/08_.zip
geospatial-jp,G空間情報センター,静岡県,tosikeikaku202306kakegawa,静岡県都市計画基礎調査（掛川市）,https://www.geospatial.jp/ckan/dataset/tosikeikaku202306kakegawa,クリエイティブ・コモンズ 表示,78c501cd-06c5-4b59-9d56-5a7946d616e9,09_観光・景観・歴史.xls,ZIP,26374,景観,archive,strict,https://www.geospatial.jp/ckan/dataset/b57c26fc-4ff4-448b-971c-69599e38ee5c/resource/78c501cd-06c5-4b59-9d56-5a7946d616e9/download/09_.zip
geospatial-jp,G空間情報センター,静岡県,tosikeikaku202306kakegawa,静岡県都市計画基礎調査（掛川市）,https://www.geospatial.jp/ckan/dataset/tosikeikaku202306kakegawa,クリエイティブ・コモンズ 表示,1278b02e-24ce-4bd4-ad0a-cc98b86a4c69,定義書.zip,,916123,,other,strict,https://www.geospatial.jp/ckan/dataset/b57c26fc-4ff4-448b-971c-69599e38ee5c/resource/1278b02e-24ce-4bd4-ad0a-cc98b86a4c69/download/www.geospatial.jp.zip
geospatial-jp,G空間情報センター,静岡県,tosikeikaku202306minamiizu,静岡県都市計画基礎調査（南伊豆町）,https://www.geospatial.jp/ckan/dataset/tosikeikaku202306minamiizu,クリエイティブ・コモンズ 表示,35a24411-2632-4386-af2d-e54f27b435d7,00_共通.zip,ZIP,71931506,,archive,strict,https://www.geospatial.jp/ckan/dataset/43c218ff-ad02-449f-8ef0-dcbe0683b3e3/resource/35a24411-2632-4386-af2d-e54f27b435d7/download/00_.zip
geospatial-jp,G空間情報センター,静岡県,tosikeikaku202306minamiizu,静岡県都市計画基礎調査（南伊豆町）,https://www.geospatial.jp/ckan/dataset/tosikeikaku202306minamiizu,クリエイティブ・コモンズ 表示,a8186602-3221-4b79-b9cf-f46b487927f2,01_人口.zip,ZIP,35692917,人口,archive,strict,https://www.geospatial.jp/ckan/dataset/43c218ff-ad02-449f-8ef0-dcbe0683b3e3/resource/a8186602-3221-4b79-b9cf-f46b487927f2/download/01_.zip
geospatial-jp,G空間情報センター,静岡県,tosikeikaku202306minamiizu,静岡県都市計画基礎調査（南伊豆町）,https://www.geospatial.jp/ckan/dataset/tosikeikaku202306minamiizu,クリエイティブ・コモンズ 表示,22f7da76-f9a3-4e2c-a44c-26e3caa3c1dc,02_産業.zip,ZIP,5154648,産業,archive,strict,https://www.geospatial.jp/ckan/dataset/43c218ff-ad02-449f-8ef0-dcbe0683b3e3/resource/22f7da76-f9a3-4e2c-a44c-26e3caa3c1dc/download/02_.zip
geospatial-jp,G空間情報センター,静岡県,tosikeikaku202306minamiizu,静岡県都市計画基礎調査（南伊豆町）,https://www.geospatial.jp/ckan/dataset/tosikeikaku202306minamiizu,クリエイティブ・コモンズ 表示,fa2256a5-e80c-46c3-824d-77a54db902a0,03_土地利用.zip,ZIP,98795199,土地利用,archive,strict,https://www.geospatial.jp/ckan/dataset/43c218ff-ad02-449f-8ef0-dcbe0683b3e3/resource/fa2256a5-e80c-46c3-824d-77a54db902a0/download/03_.zip
geospatial-jp,G空間情報センター,静岡県,tosikeikaku202306minamiizu,静岡県都市計画基礎調査（南伊豆町）,https://www.geospatial.jp/ckan/dataset/tosikeikaku202306minamiizu,クリエイティブ・コモンズ 表示,57f7e1df-e3b2-4a29-a2da-0e79e901be8c,06_地価.zip,ZIP,5021609,地価,archive,strict,https://www.geospatial.jp/ckan/dataset/43c218ff-ad02-449f-8ef0-dcbe0683b3e3/resource/57f7e1df-e3b2-4a29-a2da-0e79e901be8c/download/06_.zip
geospatial-jp,G空間情報センター,静岡県,tosikeikaku202306minamiizu,静岡県都市計画基礎調査（南伊豆町）,https://www.geospatial.jp/ckan/dataset/tosikeikaku202306minamiizu,クリエイティブ・コモンズ 表示,1ffb3974-4ac4-4345-a762-ad8a64a370eb,07_自然環境.zip,ZIP,11022843,自然環境,archive,strict,https://www.geospatial.jp/ckan/dataset/43c218ff-ad02-449f-8ef0-dcbe0683b3e3/resource/1ffb3974-4ac4-4345-a762-ad8a64a370eb/download/07_.zip
geospatial-jp,G空間情報センター,静岡県,tosikeikaku202306minamiizu,静岡県都市計画基礎調査（南伊豆町）,https://www.geospatial.jp/ckan/dataset/tosikeikaku202306minamiizu,クリエイティブ・コモンズ 表示,f5f93b9c-56b9-47ef-b6e8-b513706823d0,08_公害および災害.zip,ZIP,9683691,災害,archive,strict,https://www.geospatial.jp/ckan/dataset/43c218ff-ad02-449f-8ef0-dcbe0683b3e3/resource/f5f93b9c-56b9-47ef-b6e8-b513706823d0/download/08_.zip
geospatial-jp,G空間情報センター,静岡県,tosikeikaku202306minamiizu,静岡県都市計画基礎調査（南伊豆町）,https://www.geospatial.jp/ckan/dataset/tosikeikaku202306minamiizu,クリエイティブ・コモンズ 表示,07046b5c-4992-46e7-b17f-82a435f628f9,09_観光・景観・歴史.xls,XLSX,14450,景観,tabular,strict,https://www.geospatial.jp/ckan/dataset/43c218ff-ad02-449f-8ef0-dcbe0683b3e3/resource/07046b5c-4992-46e7-b17f-82a435f628f9/download/304__9310_.xlsx
geospatial-jp,G空間情報センター,静岡県,tosikeikaku202306higashiizu,静岡県都市計画基礎調査（東伊豆町）,https://www.geospatial.jp/ckan/dataset/tosikeikaku202306higashiizu,クリエイティブ・コモンズ 表示,31855e11-98da-48d0-916d-ba729725e226,00_共通.zip,ZIP,61854189,,archive,strict,https://www.geospatial.jp/ckan/dataset/86510ffc-37ed-40b1-80ef-27017b72b1ce/resource/31855e11-98da-48d0-916d-ba729725e226/download/00_.zip
geospatial-jp,G空間情報センター,静岡県,tosikeikaku202306higashiizu,静岡県都市計画基礎調査（東伊豆町）,https://www.geospatial.jp/ckan/dataset/tosikeikaku202306higashiizu,クリエイティブ・コモンズ 表示,fd1b042f-4ddc-443c-af62-e6b64dfdef32,01_人口.zip,ZIP,27490735,人口,archive,strict,https://www.geospatial.jp/ckan/dataset/86510ffc-37ed-40b1-80ef-27017b72b1ce/resource/fd1b042f-4ddc-443c-af62-e6b64dfdef32/download/01_.zip
geospatial-jp,G空間情報センター,静岡県,tosikeikaku202306higashiizu,静岡県都市計画基礎調査（東伊豆町）,https://www.geospatial.jp/ckan/dataset/tosikeikaku202306higashiizu,クリエイティブ・コモンズ 表示,c1bc0b67-d76b-435a-ac3c-fe4c890b99e5,02_産業.zip,ZIP,4029985,産業,archive,strict,https://www.geospatial.jp/ckan/dataset/86510ffc-37ed-40b1-80ef-27017b72b1ce/resource/c1bc0b67-d76b-435a-ac3c-fe4c890b99e5/download/02_.zip
geospatial-jp,G空間情報センター,静岡県,tosikeikaku202306higashiizu,静岡県都市計画基礎調査（東伊豆町）,https://www.geospatial.jp/ckan/dataset/tosikeikaku202306higashiizu,クリエイティブ・コモンズ 表示,3f3d8c03-f9c0-4806-a462-588edc7f4a99,03_土地利用.zip,ZIP,77891741,土地利用,archive,strict,https://www.geospatial.jp/ckan/dataset/86510ffc-37ed-40b1-80ef-27017b72b1ce/resource/3f3d8c03-f9c0-4806-a462-588edc7f4a99/download/03_.zip
geospatial-jp,G空間情報センター,静岡県,tosikeikaku202306higashiizu,静岡県都市計画基礎調査（東伊豆町）,https://www.geospatial.jp/ckan/dataset/tosikeikaku202306higashiizu,クリエイティブ・コモンズ 表示,109c71c5-2f6f-4c49-b848-a7afabe7254a,06_地価.zip,ZIP,3762559,地価,archive,strict,https://www.geospatial.jp/ckan/dataset/86510ffc-37ed-40b1-80ef-27017b72b1ce/resource/109c71c5-2f6f-4c49-b848-a7afabe7254a/download/06_.zip
geospatial-jp,G空間情報センター,静岡県,tosikeikaku202306higashiizu,静岡県都市計画基礎調査（東伊豆町）,https://www.geospatial.jp/ckan/dataset/tosikeikaku202306higashiizu,クリエイティブ・コモンズ 表示,e5dd4729-bb03-4844-b56f-70d25917dea9,07_自然環境.zip,ZIP,8247050,自然環境,archive,strict,https://www.geospatial.jp/ckan/dataset/86510ffc-37ed-40b1-80ef-27017b72b1ce/resource/e5dd4729-bb03-4844-b56f-70d25917dea9/download/07_.zip
geospatial-jp,G空間情報センター,静岡県,tosikeikaku202306higashiizu,静岡県都市計画基礎調査（東伊豆町）,https://www.geospatial.jp/ckan/dataset/tosikeikaku202306higashiizu,クリエイティブ・コモンズ 表示,6ca0904c-bf7f-45c5-844b-c066209fb4f7,08_公害および災害.zip,ZIP,7535140,災害,archive,strict,https://www.geospatial.jp/ckan/dataset/86510ffc-37ed-40b1-80ef-27017b72b1ce/resource/6ca0904c-bf7f-45c5-844b-c066209fb4f7/download/08_.zip
geospatial-jp,G空間情報センター,静岡県,tosikeikaku202306higashiizu,静岡県都市計画基礎調査（東伊豆町）,https://www.geospatial.jp/ckan/dataset/tosikeikaku202306higashiizu,クリエイティブ・コモンズ 表示,3573cbd8-633f-49cb-b85e-599e8dc39404,09_観光・景観・歴史.xls,XLSX,28748,景観,tabular,strict,https://www.geospatial.jp/ckan/dataset/86510ffc-37ed-40b1-80ef-27017b72b1ce/resource/3573cbd8-633f-49cb-b85e-599e8dc39404/download/301__9310_.xlsx
geospatial-jp,G空間情報センター,静岡県,tosikeikaku202306oyama,静岡県都市計画基礎調査（小山町）,https://www.geospatial.jp/ckan/dataset/tosikeikaku202306oyama,クリエイティブ・コモンズ 表示,affc994a-279b-4182-afe6-9348f7002444,00_共通.zip,ZIP,11685782,,archive,strict,https://www.geospatial.jp/ckan/dataset/9f5acd7f-3d97-4a2b-b6f4-4e2e71036dd2/resource/affc994a-279b-4182-afe6-9348f7002444/download/00_.zip
geospatial-jp,G空間情報センター,静岡県,tosikeikaku202306oyama,静岡県都市計画基礎調査（小山町）,https://www.geospatial.jp/ckan/dataset/tosikeikaku202306oyama,クリエイティブ・コモンズ 表示,01cbefcc-dd11-4d58-b96c-b861d767b988,01_人口.zip,ZIP,29595010,人口,archive,strict,https://www.geospatial.jp/ckan/dataset/9f5acd7f-3d97-4a2b-b6f4-4e2e71036dd2/resource/01cbefcc-dd11-4d58-b96c-b861d767b988/download/01_.zip
geospatial-jp,G空間情報センター,静岡県,tosikeikaku202306oyama,静岡県都市計画基礎調査（小山町）,https://www.geospatial.jp/ckan/dataset/tosikeikaku202306oyama,クリエイティブ・コモンズ 表示,08e8c7ca-a950-41af-a227-e05c88e04651,02_産業.zip,ZIP,30294365,産業,archive,strict,https://www.geospatial.jp/ckan/dataset/9f5acd7f-3d97-4a2b-b6f4-4e2e71036dd2/resource/08e8c7ca-a950-41af-a227-e05c88e04651/download/02_.zip
geospatial-jp,G空間情報センター,静岡県,tosikeikaku202306oyama,静岡県都市計画基礎調査（小山町）,https://www.geospatial.jp/ckan/dataset/tosikeikaku202306oyama,クリエイティブ・コモンズ 表示,e1ca8496-7209-4545-b240-3ee1a6f4d346,03_土地利用.zip,ZIP,178803299,土地利用,archive,strict,https://www.geospatial.jp/ckan/dataset/9f5acd7f-3d97-4a2b-b6f4-4e2e71036dd2/resource/e1ca8496-7209-4545-b240-3ee1a6f4d346/download/03_.zip
geospatial-jp,G空間情報センター,静岡県,tosikeikaku202306oyama,静岡県都市計画基礎調査（小山町）,https://www.geospatial.jp/ckan/dataset/tosikeikaku202306oyama,クリエイティブ・コモンズ 表示,304a770b-0dae-4e7c-acdf-a4bfa5cccf79,05_都市施設.zip,ZIP,50840008,都市施設,archive,strict,https://www.geospatial.jp/ckan/dataset/9f5acd7f-3d97-4a2b-b6f4-4e2e71036dd2/resource/304a770b-0dae-4e7c-acdf-a4bfa5cccf79/download/05_.zip
geospatial-jp,G空間情報センター,静岡県,tosikeikaku202306oyama,静岡県都市計画基礎調査（小山町）,https://www.geospatial.jp/ckan/dataset/tosikeikaku202306oyama,クリエイティブ・コモンズ 表示,f75b0252-0385-49ac-88c4-0eecc2e19076,06_地価.zip,ZIP,9873716,地価,archive,strict,https://www.geospatial.jp/ckan/dataset/9f5acd7f-3d97-4a2b-b6f4-4e2e71036dd2/resource/f75b0252-0385-49ac-88c4-0eecc2e19076/download/06_.zip
geospatial-jp,G空間情報センター,静岡県,tosikeikaku202306oyama,静岡県都市計画基礎調査（小山町）,https://www.geospatial.jp/ckan/dataset/tosikeikaku202306oyama,クリエイティブ・コモンズ 表示,cd4c338b-3c80-4248-ac1b-552ee05ce09d,07_自然環境.zip,ZIP,76412537,自然環境,archive,strict,https://www.geospatial.jp/ckan/dataset/9f5acd7f-3d97-4a2b-b6f4-4e2e71036dd2/resource/cd4c338b-3c80-4248-ac1b-552ee05ce09d/download/07_.zip
geospatial-jp,G空間情報センター,静岡県,tosikeikaku202306oyama,静岡県都市計画基礎調査（小山町）,https://www.geospatial.jp/ckan/dataset/tosikeikaku202306oyama,クリエイティブ・コモンズ 表示,0c177cdb-035b-436f-a5f6-45fa43abdd8c,08_公害および災害.zip,ZIP,19977286,災害,archive,strict,https://www.geospatial.jp/ckan/dataset/9f5acd7f-3d97-4a2b-b6f4-4e2e71036dd2/resource/0c177cdb-035b-436f-a5f6-45fa43abdd8c/download/08_.zip
geospatial-jp,G空間情報センター,静岡県,tosikeikaku202306oyama,静岡県都市計画基礎調査（小山町）,https://www.geospatial.jp/ckan/dataset/tosikeikaku202306oyama,クリエイティブ・コモンズ 表示,c71e7f81-32b7-40f6-a0f6-7c1c2a11107a,09_観光・景観・歴史.zip,ZIP,19529488,景観,archive,strict,https://www.geospatial.jp/ckan/dataset/9f5acd7f-3d97-4a2b-b6f4-4e2e71036dd2/resource/c71e7f81-32b7-40f6-a0f6-7c1c2a11107a/download/09_.zip
geospatial-jp,G空間情報センター,静岡県,tosikeikaku202306oyama,静岡県都市計画基礎調査（小山町）,https://www.geospatial.jp/ckan/dataset/tosikeikaku202306oyama,クリエイティブ・コモンズ 表示,be449771-edd2-4059-b865-b355e3668400,定義書.zip,,1646252,,other,strict,https://www.geospatial.jp/ckan/dataset/9f5acd7f-3d97-4a2b-b6f4-4e2e71036dd2/resource/be449771-edd2-4059-b865-b355e3668400/download/.zip
geospatial-jp,G空間情報センター,静岡県,tosikeikaku202306yaizu,静岡県都市計画基礎調査（焼津市）,https://www.geospatial.jp/ckan/dataset/tosikeikaku202306yaizu,GNU Free Documentation License,62c77cae-15f4-46f6-9fd4-fe85c1769132,00_区域界.zip,ZIP,84954,,archive,strict,https://www.geospatial.jp/ckan/dataset/089a6a3b-b20c-462e-9eba-97f0664d1e32/resource/62c77cae-15f4-46f6-9fd4-fe85c1769132/download/00_.zip
geospatial-jp,G空間情報センター,静岡県,tosikeikaku202306yaizu,静岡県都市計画基礎調査（焼津市）,https://www.geospatial.jp/ckan/dataset/tosikeikaku202306yaizu,GNU Free Documentation License,b2bbc65f-a924-4c4a-a022-3efd691241a0,01_人口.zip,ZIP,100588011,人口,archive,strict,https://www.geospatial.jp/ckan/dataset/089a6a3b-b20c-462e-9eba-97f0664d1e32/resource/b2bbc65f-a924-4c4a-a022-3efd691241a0/download/01_.zip
geospatial-jp,G空間情報センター,静岡県,tosikeikaku202306yaizu,静岡県都市計画基礎調査（焼津市）,https://www.geospatial.jp/ckan/dataset/tosikeikaku202306yaizu,GNU Free Documentation License,6aa6543f-5874-4d35-8556-2e597b5438ee,02_産業.zip,ZIP,3505613,産業,archive,strict,https://www.geospatial.jp/ckan/dataset/089a6a3b-b20c-462e-9eba-97f0664d1e32/resource/6aa6543f-5874-4d35-8556-2e597b5438ee/download/02_.zip
geospatial-jp,G空間情報センター,静岡県,tosikeikaku202306yaizu,静岡県都市計画基礎調査（焼津市）,https://www.geospatial.jp/ckan/dataset/tosikeikaku202306yaizu,GNU Free Documentation License,2fb884a9-65fa-4ba8-a875-3c75d4d1a73b,03_土地利用.zip,ZIP,391091010,土地利用,archive,strict,https://www.geospatial.jp/ckan/dataset/089a6a3b-b20c-462e-9eba-97f0664d1e32/resource/2fb884a9-65fa-4ba8-a875-3c75d4d1a73b/download/03_.zip
geospatial-jp,G空間情報センター,静岡県,tosikeikaku202306yaizu,静岡県都市計画基礎調査（焼津市）,https://www.geospatial.jp/ckan/dataset/tosikeikaku202306yaizu,GNU Free Documentation License,b5d5d8b4-773e-406c-8aab-5ca4427d3cfe,05_都市施設.zip,ZIP,53309186,都市施設,archive,strict,https://www.geospatial.jp/ckan/dataset/089a6a3b-b20c-462e-9eba-97f0664d1e32/resource/b5d5d8b4-773e-406c-8aab-5ca4427d3cfe/download/05_.zip
geospatial-jp,G空間情報センター,静岡県,tosikeikaku202306yaizu,静岡県都市計画基礎調査（焼津市）,https://www.geospatial.jp/ckan/dataset/tosikeikaku202306yaizu,GNU Free Documentation License,8c7f8a33-4579-4f39-93b7-0f7cd055220f,06_地価.zip,ZIP,20069155,地価,archive,strict,https://www.geospatial.jp/ckan/dataset/089a6a3b-b20c-462e-9eba-97f0664d1e32/resource/8c7f8a33-4579-4f39-93b7-0f7cd055220f/download/06_.zip
geospatial-jp,G空間情報センター,静岡県,tosikeikaku202306yaizu,静岡県都市計画基礎調査（焼津市）,https://www.geospatial.jp/ckan/dataset/tosikeikaku202306yaizu,GNU Free Documentation License,9b36716f-14ac-4ea1-8633-5cd96575585f,07_自然環境.zip,ZIP,55926989,自然環境,archive,strict,https://www.geospatial.jp/ckan/dataset/089a6a3b-b20c-462e-9eba-97f0664d1e32/resource/9b36716f-14ac-4ea1-8633-5cd96575585f/download/07_.zip
geospatial-jp,G空間情報センター,静岡県,tosikeikaku202306yaizu,静岡県都市計画基礎調査（焼津市）,https://www.geospatial.jp/ckan/dataset/tosikeikaku202306yaizu,GNU Free Documentation License,d71b99f6-86b4-4884-89a1-8fab632b38d7,08_公害および災害.zip,ZIP,12874897,災害,archive,strict,https://www.geospatial.jp/ckan/dataset/089a6a3b-b20c-462e-9eba-97f0664d1e32/resource/d71b99f6-86b4-4884-89a1-8fab632b38d7/download/08_.zip
geospatial-jp,G空間情報センター,静岡県,tosikeikaku202306yaizu,静岡県都市計画基礎調査（焼津市）,https://www.geospatial.jp/ckan/dataset/tosikeikaku202306yaizu,GNU Free Documentation License,909e6761-6321-4caa-a7d9-79fe74992e37,09_観光・景観・歴史.zip,ZIP,12851174,景観,archive,strict,https://www.geospatial.jp/ckan/dataset/089a6a3b-b20c-462e-9eba-97f0664d1e32/resource/909e6761-6321-4caa-a7d9-79fe74992e37/download/09_.zip
geospatial-jp,G空間情報センター,静岡県,tosikeikaku202306yaizu,静岡県都市計画基礎調査（焼津市）,https://www.geospatial.jp/ckan/dataset/tosikeikaku202306yaizu,GNU Free Documentation License,65925f2b-00aa-4389-8d65-944b00cd3a2d,定義書.zip,,729715,,other,strict,https://www.geospatial.jp/ckan/dataset/089a6a3b-b20c-462e-9eba-97f0664d1e32/resource/65925f2b-00aa-4389-8d65-944b00cd3a2d/download/.zip
geospatial-jp,G空間情報センター,静岡県,tosikeikaku202306youkou_gisshiyou,静岡県都市計画基礎調査（都市計画基礎調査要綱・GIS作成仕様書）,https://www.geospatial.jp/ckan/dataset/tosikeikaku202306youkou_gisshiyou,クリエイティブ・コモンズ 表示,0f857ed6-9e53-4cb9-b8f8-7cbc1f8364d6,都市計画基礎調査要綱.pdf,,2192181,,other,strict,https://www.geospatial.jp/ckan/dataset/c0b04ecd-7d74-4574-b82f-0504449e15e6/resource/0f857ed6-9e53-4cb9-b8f8-7cbc1f8364d6/download/.pdf
geospatial-jp,G空間情報センター,静岡県,tosikeikaku202306youkou_gisshiyou,静岡県都市計画基礎調査（都市計画基礎調査要綱・GIS作成仕様書）,https://www.geospatial.jp/ckan/dataset/tosikeikaku202306youkou_gisshiyou,クリエイティブ・コモンズ 表示,6c99d213-87c5-4634-a848-bc928f9832c7,GIS作成仕様書.pdf,PDF,190194,,document,strict,https://www.geospatial.jp/ckan/dataset/c0b04ecd-7d74-4574-b82f-0504449e15e6/resource/6c99d213-87c5-4634-a848-bc928f9832c7/download/gis.pdf
geospatial-jp,G空間情報センター,静岡県,tosikeikaku202306fujinomiya,静岡県都市計画基礎調査（富士宮市）,https://www.geospatial.jp/ckan/dataset/tosikeikaku202306fujinomiya,クリエイティブ・コモンズ 表示,8e6e3d18-ff6b-4494-8b6f-0d5a4938e5e0,00_共通.zip,ZIP,1459683,,archive,strict,https://www.geospatial.jp/ckan/dataset/620a5f46-084d-4b75-9960-c322ac9b2c5c/resource/8e6e3d18-ff6b-4494-8b6f-0d5a4938e5e0/download/00_.zip
geospatial-jp,G空間情報センター,静岡県,tosikeikaku202306fujinomiya,静岡県都市計画基礎調査（富士宮市）,https://www.geospatial.jp/ckan/dataset/tosikeikaku202306fujinomiya,クリエイティブ・コモンズ 表示,a53d03ed-0f80-40ba-b055-0727bb1b9031,01_人口.zip,ZIP,258057033,人口,archive,strict,https://www.geospatial.jp/ckan/dataset/620a5f46-084d-4b75-9960-c322ac9b2c5c/resource/a53d03ed-0f80-40ba-b055-0727bb1b9031/download/01_.zip
geospatial-jp,G空間情報センター,静岡県,tosikeikaku202306fujinomiya,静岡県都市計画基礎調査（富士宮市）,https://www.geospatial.jp/ckan/dataset/tosikeikaku202306fujinomiya,クリエイティブ・コモンズ 表示,0eedad16-37d8-471e-99a7-feab0cfe7fa8,02_産業.zip,ZIP,71701198,産業,archive,strict,https://www.geospatial.jp/ckan/dataset/620a5f46-084d-4b75-9960-c322ac9b2c5c/resource/0eedad16-37d8-471e-99a7-feab0cfe7fa8/download/02_.zip
geospatial-jp,G空間情報センター,静岡県,tosikeikaku202306fujinomiya,静岡県都市計画基礎調査（富士宮市）,https://www.geospatial.jp/ckan/dataset/tosikeikaku202306fujinomiya,クリエイティブ・コモンズ 表示,f9ae1ceb-a967-45d5-bf45-c1fedeaa4c3e,03_土地利用.zip,ZIP,693578363,土地利用,archive,strict,https://www.geospatial.jp/ckan/dataset/620a5f46-084d-4b75-9960-c322ac9b2c5c/resource/f9ae1ceb-a967-45d5-bf45-c1fedeaa4c3e/download/03_.zip
geospatial-jp,G空間情報センター,静岡県,tosikeikaku202306fujinomiya,静岡県都市計画基礎調査（富士宮市）,https://www.geospatial.jp/ckan/dataset/tosikeikaku202306fujinomiya,クリエイティブ・コモンズ 表示,915cc856-7ad0-4b2a-9a7b-2e2fb5fd275d,05_都市施設.zip,ZIP,42304508,都市施設,archive,strict,https://www.geospatial.jp/ckan/dataset/620a5f46-084d-4b75-9960-c322ac9b2c5c/resource/915cc856-7ad0-4b2a-9a7b-2e2fb5fd275d/download/05_.zip
geospatial-jp,G空間情報センター,静岡県,tosikeikaku202306fujinomiya,静岡県都市計画基礎調査（富士宮市）,https://www.geospatial.jp/ckan/dataset/tosikeikaku202306fujinomiya,クリエイティブ・コモンズ 表示,dfffc6aa-49cf-43b4-b460-af561c3b8dfd,06_地価.zip,ZIP,77336646,地価,archive,strict,https://www.geospatial.jp/ckan/dataset/620a5f46-084d-4b75-9960-c322ac9b2c5c/resource/dfffc6aa-49cf-43b4-b460-af561c3b8dfd/download/06_.zip
geospatial-jp,G空間情報センター,静岡県,tosikeikaku202306fujinomiya,静岡県都市計画基礎調査（富士宮市）,https://www.geospatial.jp/ckan/dataset/tosikeikaku202306fujinomiya,クリエイティブ・コモンズ 表示,ac152260-1a66-4f56-a5f4-b15b7fc83da1,07_自然環境.zip,ZIP,76268365,自然環境,archive,strict,https://www.geospatial.jp/ckan/dataset/620a5f46-084d-4b75-9960-c322ac9b2c5c/resource/ac152260-1a66-4f56-a5f4-b15b7fc83da1/download/07_.zip
geospatial-jp,G空間情報センター,静岡県,tosikeikaku202306fujinomiya,静岡県都市計画基礎調査（富士宮市）,https://www.geospatial.jp/ckan/dataset/tosikeikaku202306fujinomiya,クリエイティブ・コモンズ 表示,0353fc39-297a-4793-a137-3a794eb6e6cf,08_公害および災害.zip,ZIP,152712804,災害,archive,strict,https://www.geospatial.jp/ckan/dataset/620a5f46-084d-4b75-9960-c322ac9b2c5c/resource/0353fc39-297a-4793-a137-3a794eb6e6cf/download/08_.zip
geospatial-jp,G空間情報センター,静岡県,tosikeikaku202306fujinomiya,静岡県都市計画基礎調査（富士宮市）,https://www.geospatial.jp/ckan/dataset/tosikeikaku202306fujinomiya,クリエイティブ・コモンズ 表示,4d4ec8c1-cbb5-43ed-a145-55de75e13a73,09_観光・景観・歴史.zip,ZIP,152525772,景観,archive,strict,https://www.geospatial.jp/ckan/dataset/620a5f46-084d-4b75-9960-c322ac9b2c5c/resource/4d4ec8c1-cbb5-43ed-a145-55de75e13a73/download/09_.zip
geospatial-jp,G空間情報センター,静岡県,tosikeikaku202306shizuoka,静岡県都市計画基礎調査（静岡市）,https://www.geospatial.jp/ckan/dataset/tosikeikaku202306shizuoka,クリエイティブ・コモンズ 表示,accfe2e8-b77c-450d-b225-86fa73d5d31a,00_共通.zip,ZIP,3055304,,archive,strict,https://www.geospatial.jp/ckan/dataset/75090cb7-7517-47b3-a5e1-1537d125e317/resource/accfe2e8-b77c-450d-b225-86fa73d5d31a/download/00_.zip
geospatial-jp,G空間情報センター,静岡県,tosikeikaku202306shizuoka,静岡県都市計画基礎調査（静岡市）,https://www.geospatial.jp/ckan/dataset/tosikeikaku202306shizuoka,クリエイティブ・コモンズ 表示,7b4b3ec2-75e6-4085-8ee0-851f5d6bc372,01_人口.zip,ZIP,255958009,人口,archive,strict,https://www.geospatial.jp/ckan/dataset/75090cb7-7517-47b3-a5e1-1537d125e317/resource/7b4b3ec2-75e6-4085-8ee0-851f5d6bc372/download/01_.zip
geospatial-jp,G空間情報センター,静岡県,tosikeikaku202306shizuoka,静岡県都市計画基礎調査（静岡市）,https://www.geospatial.jp/ckan/dataset/tosikeikaku202306shizuoka,クリエイティブ・コモンズ 表示,903ab83b-6cd4-461f-9764-99844745df19,02_産業.zip,ZIP,125884658,産業,archive,strict,https://www.geospatial.jp/ckan/dataset/75090cb7-7517-47b3-a5e1-1537d125e317/resource/903ab83b-6cd4-461f-9764-99844745df19/download/02_.zip
geospatial-jp,G空間情報センター,静岡県,tosikeikaku202306shizuoka,静岡県都市計画基礎調査（静岡市）,https://www.geospatial.jp/ckan/dataset/tosikeikaku202306shizuoka,クリエイティブ・コモンズ 表示,55ba4ed3-a8dd-4028-a8c0-d37afb8502d5,03_土地利用（調書、GISデータ）.zip,ZIP,50721123,土地利用,archive,strict,https://www.geospatial.jp/ckan/dataset/75090cb7-7517-47b3-a5e1-1537d125e317/resource/55ba4ed3-a8dd-4028-a8c0-d37afb8502d5/download/03_gis.zip
geospatial-jp,G空間情報センター,静岡県,tosikeikaku202306shizuoka,静岡県都市計画基礎調査（静岡市）,https://www.geospatial.jp/ckan/dataset/tosikeikaku202306shizuoka,クリエイティブ・コモンズ 表示,5c7e2120-9339-4b0b-acbf-8dcbbabe8765,03_土地利用（PDF1）.zip,ZIP,586745527,土地利用,archive,strict,https://www.geospatial.jp/ckan/dataset/75090cb7-7517-47b3-a5e1-1537d125e317/resource/5c7e2120-9339-4b0b-acbf-8dcbbabe8765/download/03_pdf1.zip
geospatial-jp,G空間情報センター,静岡県,tosikeikaku202306shizuoka,静岡県都市計画基礎調査（静岡市）,https://www.geospatial.jp/ckan/dataset/tosikeikaku202306shizuoka,クリエイティブ・コモンズ 表示,46bfb588-775d-46df-be9c-bf7f35005039,03_土地利用（PDF2）.zip,ZIP,665593070,土地利用,archive,strict,https://www.geospatial.jp/ckan/dataset/75090cb7-7517-47b3-a5e1-1537d125e317/resource/46bfb588-775d-46df-be9c-bf7f35005039/download/03_pdf2.zip
geospatial-jp,G空間情報センター,静岡県,tosikeikaku202306shizuoka,静岡県都市計画基礎調査（静岡市）,https://www.geospatial.jp/ckan/dataset/tosikeikaku202306shizuoka,クリエイティブ・コモンズ 表示,75b0d13f-1cc6-4033-a9e8-c02cc2ddaa6c,05_都市施設.zip,ZIP,173034240,都市施設,archive,strict,https://www.geospatial.jp/ckan/dataset/75090cb7-7517-47b3-a5e1-1537d125e317/resource/75b0d13f-1cc6-4033-a9e8-c02cc2ddaa6c/download/05_.zip
geospatial-jp,G空間情報センター,静岡県,tosikeikaku202306shizuoka,静岡県都市計画基礎調査（静岡市）,https://www.geospatial.jp/ckan/dataset/tosikeikaku202306shizuoka,クリエイティブ・コモンズ 表示,a5f13685-6d7f-40af-b9f8-e38dbc926a78,06_地価.zip,ZIP,156116605,地価,archive,strict,https://www.geospatial.jp/ckan/dataset/75090cb7-7517-47b3-a5e1-1537d125e317/resource/a5f13685-6d7f-40af-b9f8-e38dbc926a78/download/06_.zip
geospatial-jp,G空間情報センター,静岡県,tosikeikaku202306shizuoka,静岡県都市計画基礎調査（静岡市）,https://www.geospatial.jp/ckan/dataset/tosikeikaku202306shizuoka,クリエイティブ・コモンズ 表示,5d69fb7f-33aa-4dd6-b5f8-ee1e37eaf9cf,07_自然環境.zip,ZIP,167333432,自然環境,archive,strict,https://www.geospatial.jp/ckan/dataset/75090cb7-7517-47b3-a5e1-1537d125e317/resource/5d69fb7f-33aa-4dd6-b5f8-ee1e37eaf9cf/download/07_.zip
geospatial-jp,G空間情報センター,静岡県,tosikeikaku202306shizuoka,静岡県都市計画基礎調査（静岡市）,https://www.geospatial.jp/ckan/dataset/tosikeikaku202306shizuoka,クリエイティブ・コモンズ 表示,75a8e56c-37f8-480d-9aed-67830b726be1,08_公害および災害.zip,ZIP,221715315,災害,archive,strict,https://www.geospatial.jp/ckan/dataset/75090cb7-7517-47b3-a5e1-1537d125e317/resource/75a8e56c-37f8-480d-9aed-67830b726be1/download/08_.zip
geospatial-jp,G空間情報センター,静岡県,tosikeikaku202306shizuoka,静岡県都市計画基礎調査（静岡市）,https://www.geospatial.jp/ckan/dataset/tosikeikaku202306shizuoka,クリエイティブ・コモンズ 表示,3cffae0e-95e5-4664-8f64-04f1804bd87e,09_観光・景観・歴史.zip,ZIP,52313492,景観,archive,strict,https://www.geospatial.jp/ckan/dataset/75090cb7-7517-47b3-a5e1-1537d125e317/resource/3cffae0e-95e5-4664-8f64-04f1804bd87e/download/09_.zip
geospatial-jp,G空間情報センター,静岡県,tosikeikaku202306susono,静岡県都市計画基礎調査（裾野市）,https://www.geospatial.jp/ckan/dataset/tosikeikaku202306susono,クリエイティブ・コモンズ 表示,1eddc201-a94f-4ac7-9d06-16282341be6a,00_共通.zip,ZIP,16671681,,archive,strict,https://www.geospatial.jp/ckan/dataset/60c5fb26-bace-44c4-93a0-47edc1abfb14/resource/1eddc201-a94f-4ac7-9d06-16282341be6a/download/00_.zip
geospatial-jp,G空間情報センター,静岡県,tosikeikaku202306susono,静岡県都市計画基礎調査（裾野市）,https://www.geospatial.jp/ckan/dataset/tosikeikaku202306susono,クリエイティブ・コモンズ 表示,e9177d49-eeed-4718-9ca6-d99b07a46d48,01_人口.zip,ZIP,20893621,人口,archive,strict,https://www.geospatial.jp/ckan/dataset/60c5fb26-bace-44c4-93a0-47edc1abfb14/resource/e9177d49-eeed-4718-9ca6-d99b07a46d48/download/01_.zip
geospatial-jp,G空間情報センター,静岡県,tosikeikaku202306susono,静岡県都市計画基礎調査（裾野市）,https://www.geospatial.jp/ckan/dataset/tosikeikaku202306susono,クリエイティブ・コモンズ 表示,fb574495-26da-4f55-a553-ff66ff6fcdf8,02_産業.zip,ZIP,45580663,産業,archive,strict,https://www.geospatial.jp/ckan/dataset/60c5fb26-bace-44c4-93a0-47edc1abfb14/resource/fb574495-26da-4f55-a553-ff66ff6fcdf8/download/02_.zip
geospatial-jp,G空間情報センター,静岡県,tosikeikaku202306susono,静岡県都市計画基礎調査（裾野市）,https://www.geospatial.jp/ckan/dataset/tosikeikaku202306susono,クリエイティブ・コモンズ 表示,e0b5a271-656d-4884-afe3-ce767ba377b7,03_土地利用.zip,ZIP,156680636,土地利用,archive,strict,https://www.geospatial.jp/ckan/dataset/60c5fb26-bace-44c4-93a0-47edc1abfb14/resource/e0b5a271-656d-4884-afe3-ce767ba377b7/download/03_.zip
geospatial-jp,G空間情報センター,静岡県,tosikeikaku202306susono,静岡県都市計画基礎調査（裾野市）,https://www.geospatial.jp/ckan/dataset/tosikeikaku202306susono,クリエイティブ・コモンズ 表示,37cbf572-d551-49f7-8dae-1c9c13cf63be,05_都市施設.zip,ZIP,140969762,都市施設,archive,strict,https://www.geospatial.jp/ckan/dataset/60c5fb26-bace-44c4-93a0-47edc1abfb14/resource/37cbf572-d551-49f7-8dae-1c9c13cf63be/download/05_.zip
geospatial-jp,G空間情報センター,静岡県,tosikeikaku202306susono,静岡県都市計画基礎調査（裾野市）,https://www.geospatial.jp/ckan/dataset/tosikeikaku202306susono,クリエイティブ・コモンズ 表示,8a15995d-2e15-4843-b550-d538bcb93748,06_地価.zip,ZIP,13947785,地価,archive,strict,https://www.geospatial.jp/ckan/dataset/60c5fb26-bace-44c4-93a0-47edc1abfb14/resource/8a15995d-2e15-4843-b550-d538bcb93748/download/06_.zip
geospatial-jp,G空間情報センター,静岡県,tosikeikaku202306susono,静岡県都市計画基礎調査（裾野市）,https://www.geospatial.jp/ckan/dataset/tosikeikaku202306susono,クリエイティブ・コモンズ 表示,e790d933-c30d-49c5-8cc9-307668131cb4,07_自然環境.zip,ZIP,60996398,自然環境,archive,strict,https://www.geospatial.jp/ckan/dataset/60c5fb26-bace-44c4-93a0-47edc1abfb14/resource/e790d933-c30d-49c5-8cc9-307668131cb4/download/07_.zip
geospatial-jp,G空間情報センター,静岡県,tosikeikaku202306susono,静岡県都市計画基礎調査（裾野市）,https://www.geospatial.jp/ckan/dataset/tosikeikaku202306susono,クリエイティブ・コモンズ 表示,25be82d2-61a2-4de2-857c-9fa1848838fc,08_公害および災害.zip,ZIP,27470941,災害,archive,strict,https://www.geospatial.jp/ckan/dataset/60c5fb26-bace-44c4-93a0-47edc1abfb14/resource/25be82d2-61a2-4de2-857c-9fa1848838fc/download/08_.zip
geospatial-jp,G空間情報センター,静岡県,tosikeikaku202306susono,静岡県都市計画基礎調査（裾野市）,https://www.geospatial.jp/ckan/dataset/tosikeikaku202306susono,クリエイティブ・コモンズ 表示,d60d8c2e-8bbf-4bc2-ae69-adf51f2db9fd,09_観光・景観・歴史.zip,ZIP,27491349,景観,archive,strict,https://www.geospatial.jp/ckan/dataset/60c5fb26-bace-44c4-93a0-47edc1abfb14/resource/d60d8c2e-8bbf-4bc2-ae69-adf51f2db9fd/download/09_.zip
geospatial-jp,G空間情報センター,静岡県,tosikeikaku202306gotemba,静岡県都市計画基礎調査（御殿場市）,https://www.geospatial.jp/ckan/dataset/tosikeikaku202306gotemba,クリエイティブ・コモンズ 表示,cbe9c343-7af5-427c-a3a8-aef9721d124d,00_共通.zip,ZIP,292195,,archive,strict,https://www.geospatial.jp/ckan/dataset/902881df-8e40-4095-a7e2-71c5540e4454/resource/cbe9c343-7af5-427c-a3a8-aef9721d124d/download/00_.zip
geospatial-jp,G空間情報センター,静岡県,tosikeikaku202306gotemba,静岡県都市計画基礎調査（御殿場市）,https://www.geospatial.jp/ckan/dataset/tosikeikaku202306gotemba,クリエイティブ・コモンズ 表示,d548ffbc-deed-49f5-803c-af249ff08374,01_人口.zip,ZIP,34752675,人口,archive,strict,https://www.geospatial.jp/ckan/dataset/902881df-8e40-4095-a7e2-71c5540e4454/resource/d548ffbc-deed-49f5-803c-af249ff08374/download/01_.zip
geospatial-jp,G空間情報センター,静岡県,tosikeikaku202306gotemba,静岡県都市計画基礎調査（御殿場市）,https://www.geospatial.jp/ckan/dataset/tosikeikaku202306gotemba,クリエイティブ・コモンズ 表示,05bf7193-d925-4fe4-a1cc-56a2734b6f62,02_産業.zip,ZIP,39063427,産業,archive,strict,https://www.geospatial.jp/ckan/dataset/902881df-8e40-4095-a7e2-71c5540e4454/resource/05bf7193-d925-4fe4-a1cc-56a2734b6f62/download/02_.zip
geospatial-jp,G空間情報センター,静岡県,tosikeikaku202306gotemba,静岡県都市計画基礎調査（御殿場市）,https://www.geospatial.jp/ckan/dataset/tosikeikaku202306gotemba,クリエイティブ・コモンズ 表示,e8966ad2-f29e-4c7e-ac19-09fe5c6373ba,03_土地利用.zip,ZIP,219592274,土地利用,archive,strict,https://www.geospatial.jp/ckan/dataset/902881df-8e40-4095-a7e2-71c5540e4454/resource/e8966ad2-f29e-4c7e-ac19-09fe5c6373ba/download/03_.zip
geospatial-jp,G空間情報センター,静岡県,tosikeikaku202306gotemba,静岡県都市計画基礎調査（御殿場市）,https://www.geospatial.jp/ckan/dataset/tosikeikaku202306gotemba,クリエイティブ・コモンズ 表示,6601d846-7037-4203-8a8e-c40db72459cd,05_都市施設.zip,ZIP,42625119,都市施設,archive,strict,https://www.geospatial.jp/ckan/dataset/902881df-8e40-4095-a7e2-71c5540e4454/resource/6601d846-7037-4203-8a8e-c40db72459cd/download/05_.zip
geospatial-jp,G空間情報センター,静岡県,tosikeikaku202306gotemba,静岡県都市計画基礎調査（御殿場市）,https://www.geospatial.jp/ckan/dataset/tosikeikaku202306gotemba,クリエイティブ・コモンズ 表示,be5af0ea-c42d-4842-bd58-6abae517685e,06_地価.zip,ZIP,14392562,地価,archive,strict,https://www.geospatial.jp/ckan/dataset/902881df-8e40-4095-a7e2-71c5540e4454/resource/be5af0ea-c42d-4842-bd58-6abae517685e/download/06_.zip
geospatial-jp,G空間情報センター,静岡県,tosikeikaku202306gotemba,静岡県都市計画基礎調査（御殿場市）,https://www.geospatial.jp/ckan/dataset/tosikeikaku202306gotemba,クリエイティブ・コモンズ 表示,92ae0255-0c31-476d-b6e4-bb67ead3e4d1,07_自然環境.zip,ZIP,96253443,自然環境,archive,strict,https://www.geospatial.jp/ckan/dataset/902881df-8e40-4095-a7e2-71c5540e4454/resource/92ae0255-0c31-476d-b6e4-bb67ead3e4d1/download/07_.zip
geospatial-jp,G空間情報センター,静岡県,tosikeikaku202306gotemba,静岡県都市計画基礎調査（御殿場市）,https://www.geospatial.jp/ckan/dataset/tosikeikaku202306gotemba,クリエイティブ・コモンズ 表示,70739762-4739-4ae8-bfb4-eeb19fe704a6,08_公害および災害.zip,ZIP,29191075,災害,archive,strict,https://www.geospatial.jp/ckan/dataset/902881df-8e40-4095-a7e2-71c5540e4454/resource/70739762-4739-4ae8-bfb4-eeb19fe704a6/download/08_.zip
geospatial-jp,G空間情報センター,静岡県,tosikeikaku202306gotemba,静岡県都市計画基礎調査（御殿場市）,https://www.geospatial.jp/ckan/dataset/tosikeikaku202306gotemba,クリエイティブ・コモンズ 表示,440a9fb1-7d87-4bf8-8ae4-0c9f5d894103,09_観光・景観・歴史.zip,ZIP,28430603,景観,archive,strict,https://www.geospatial.jp/ckan/dataset/902881df-8e40-4095-a7e2-71c5540e4454/resource/440a9fb1-7d87-4bf8-8ae4-0c9f5d894103/download/09_.zip
geospatial-jp,G空間情報センター,静岡県,tosikeikaku202306gotemba,静岡県都市計画基礎調査（御殿場市）,https://www.geospatial.jp/ckan/dataset/tosikeikaku202306gotemba,クリエイティブ・コモンズ 表示,0c969397-918a-4e78-95be-143c22ca1448,定義書.zip,,20398321,,other,strict,https://www.geospatial.jp/ckan/dataset/902881df-8e40-4095-a7e2-71c5540e4454/resource/0c969397-918a-4e78-95be-143c22ca1448/download/.zip
geospatial-jp,G空間情報センター,静岡県,tosikeikaku202306izunokuni,静岡県都市計画基礎調査（伊豆の国市）,https://www.geospatial.jp/ckan/dataset/tosikeikaku202306izunokuni,クリエイティブ・コモンズ 表示,49aa1e92-4cdc-4212-b1a3-08334561b4c7,00_共通.zip,ZIP,12116820,,archive,strict,https://www.geospatial.jp/ckan/dataset/3d74b7f0-8ff3-4a22-a530-bfc96609fcfe/resource/49aa1e92-4cdc-4212-b1a3-08334561b4c7/download/00_.zip
geospatial-jp,G空間情報センター,静岡県,tosikeikaku202306izunokuni,静岡県都市計画基礎調査（伊豆の国市）,https://www.geospatial.jp/ckan/dataset/tosikeikaku202306izunokuni,クリエイティブ・コモンズ 表示,401706d9-49ad-4137-a205-d34a0b364444,01_人口.zip,ZIP,36407389,人口,archive,strict,https://www.geospatial.jp/ckan/dataset/3d74b7f0-8ff3-4a22-a530-bfc96609fcfe/resource/401706d9-49ad-4137-a205-d34a0b364444/download/01_.zip
geospatial-jp,G空間情報センター,静岡県,tosikeikaku202306izunokuni,静岡県都市計画基礎調査（伊豆の国市）,https://www.geospatial.jp/ckan/dataset/tosikeikaku202306izunokuni,クリエイティブ・コモンズ 表示,ffa6b87b-6fd4-4c5a-96bc-82a6857ee51e,02_産業.zip,ZIP,25375696,産業,archive,strict,https://www.geospatial.jp/ckan/dataset/3d74b7f0-8ff3-4a22-a530-bfc96609fcfe/resource/ffa6b87b-6fd4-4c5a-96bc-82a6857ee51e/download/02_.zip
geospatial-jp,G空間情報センター,静岡県,tosikeikaku202306izunokuni,静岡県都市計画基礎調査（伊豆の国市）,https://www.geospatial.jp/ckan/dataset/tosikeikaku202306izunokuni,クリエイティブ・コモンズ 表示,d5495ecd-86e3-4fe7-a9af-17f2146a059a,03_土地利用.zip,ZIP,158149956,土地利用,archive,strict,https://www.geospatial.jp/ckan/dataset/3d74b7f0-8ff3-4a22-a530-bfc96609fcfe/resource/d5495ecd-86e3-4fe7-a9af-17f2146a059a/download/03_.zip
geospatial-jp,G空間情報センター,静岡県,tosikeikaku202306izunokuni,静岡県都市計画基礎調査（伊豆の国市）,https://www.geospatial.jp/ckan/dataset/tosikeikaku202306izunokuni,クリエイティブ・コモンズ 表示,433f12f9-2e1c-4271-b892-77b3ef8e1079,05_都市施設.zip,ZIP,33319892,都市施設,archive,strict,https://www.geospatial.jp/ckan/dataset/3d74b7f0-8ff3-4a22-a530-bfc96609fcfe/resource/433f12f9-2e1c-4271-b892-77b3ef8e1079/download/05_.zip
geospatial-jp,G空間情報センター,静岡県,tosikeikaku202306izunokuni,静岡県都市計画基礎調査（伊豆の国市）,https://www.geospatial.jp/ckan/dataset/tosikeikaku202306izunokuni,クリエイティブ・コモンズ 表示,d533610f-cd30-451a-8f88-a1d4d86121cd,06_地価.zip,ZIP,10341948,地価,archive,strict,https://www.geospatial.jp/ckan/dataset/3d74b7f0-8ff3-4a22-a530-bfc96609fcfe/resource/d533610f-cd30-451a-8f88-a1d4d86121cd/download/06_.zip
geospatial-jp,G空間情報センター,静岡県,tosikeikaku202306izunokuni,静岡県都市計画基礎調査（伊豆の国市）,https://www.geospatial.jp/ckan/dataset/tosikeikaku202306izunokuni,クリエイティブ・コモンズ 表示,591bc0de-fe65-4fbe-a7f8-a5bf3b7d2cb2,07_自然環境.zip,ZIP,24488045,自然環境,archive,strict,https://www.geospatial.jp/ckan/dataset/3d74b7f0-8ff3-4a22-a530-bfc96609fcfe/resource/591bc0de-fe65-4fbe-a7f8-a5bf3b7d2cb2/download/07_.zip
geospatial-jp,G空間情報センター,静岡県,tosikeikaku202306izunokuni,静岡県都市計画基礎調査（伊豆の国市）,https://www.geospatial.jp/ckan/dataset/tosikeikaku202306izunokuni,クリエイティブ・コモンズ 表示,9e23fc0c-1662-441b-99ad-005e7a5cd9d6,08_公害および災害.zip,ZIP,21128170,災害,archive,strict,https://www.geospatial.jp/ckan/dataset/3d74b7f0-8ff3-4a22-a530-bfc96609fcfe/resource/9e23fc0c-1662-441b-99ad-005e7a5cd9d6/download/08_.zip
geospatial-jp,G空間情報センター,静岡県,tosikeikaku202306izunokuni,静岡県都市計画基礎調査（伊豆の国市）,https://www.geospatial.jp/ckan/dataset/tosikeikaku202306izunokuni,クリエイティブ・コモンズ 表示,4cb589e0-10df-4ff6-8d2b-0d8c8105ee07,09_観光・景観・歴史.zip,ZIP,20364838,景観,archive,strict,https://www.geospatial.jp/ckan/dataset/3d74b7f0-8ff3-4a22-a530-bfc96609fcfe/resource/4cb589e0-10df-4ff6-8d2b-0d8c8105ee07/download/09_.zip
geospatial-jp,G空間情報センター,静岡県,tosikeikaku202306mishima,静岡県都市計画基礎調査（三島市）,https://www.geospatial.jp/ckan/dataset/tosikeikaku202306mishima,クリエイティブ・コモンズ 表示,bde9e2f0-d203-442b-a8a5-5471c3fda6e1,00_共通.zip,ZIP,1087192,,archive,strict,https://www.geospatial.jp/ckan/dataset/3833d051-7547-423c-a97c-ff0d64329af7/resource/bde9e2f0-d203-442b-a8a5-5471c3fda6e1/download/00_.zip
geospatial-jp,G空間情報センター,静岡県,tosikeikaku202306mishima,静岡県都市計画基礎調査（三島市）,https://www.geospatial.jp/ckan/dataset/tosikeikaku202306mishima,クリエイティブ・コモンズ 表示,260b7cfd-4a9c-4ea6-a171-d0ab3db81ce9,01_人口.zip,ZIP,45048912,人口,archive,strict,https://www.geospatial.jp/ckan/dataset/3833d051-7547-423c-a97c-ff0d64329af7/resource/260b7cfd-4a9c-4ea6-a171-d0ab3db81ce9/download/01_.zip
geospatial-jp,G空間情報センター,静岡県,tosikeikaku202306mishima,静岡県都市計画基礎調査（三島市）,https://www.geospatial.jp/ckan/dataset/tosikeikaku202306mishima,クリエイティブ・コモンズ 表示,7c1a198c-7f01-4d78-bc35-c728b5775ee6,02_産業.zip,ZIP,38402360,産業,archive,strict,https://www.geospatial.jp/ckan/dataset/3833d051-7547-423c-a97c-ff0d64329af7/resource/7c1a198c-7f01-4d78-bc35-c728b5775ee6/download/02_.zip
geospatial-jp,G空間情報センター,静岡県,tosikeikaku202306mishima,静岡県都市計画基礎調査（三島市）,https://www.geospatial.jp/ckan/dataset/tosikeikaku202306mishima,クリエイティブ・コモンズ 表示,58ca5dad-5f1b-42b9-b55f-acb9f652149a,03_土地利用.zip,ZIP,258447787,土地利用,archive,strict,https://www.geospatial.jp/ckan/dataset/3833d051-7547-423c-a97c-ff0d64329af7/resource/58ca5dad-5f1b-42b9-b55f-acb9f652149a/download/03_.zip
geospatial-jp,G空間情報センター,静岡県,tosikeikaku202306mishima,静岡県都市計画基礎調査（三島市）,https://www.geospatial.jp/ckan/dataset/tosikeikaku202306mishima,クリエイティブ・コモンズ 表示,932cac4e-ae73-4ed1-b76b-e44aa245243f,05_都市施設.zip,ZIP,31353497,都市施設,archive,strict,https://www.geospatial.jp/ckan/dataset/3833d051-7547-423c-a97c-ff0d64329af7/resource/932cac4e-ae73-4ed1-b76b-e44aa245243f/download/05_.zip
geospatial-jp,G空間情報センター,静岡県,tosikeikaku202306mishima,静岡県都市計画基礎調査（三島市）,https://www.geospatial.jp/ckan/dataset/tosikeikaku202306mishima,クリエイティブ・コモンズ 表示,650d6307-141d-4d61-ba23-802c0cfe491d,06_地価.zip,ZIP,40967537,地価,archive,strict,https://www.geospatial.jp/ckan/dataset/3833d051-7547-423c-a97c-ff0d64329af7/resource/650d6307-141d-4d61-ba23-802c0cfe491d/download/06_.zip
geospatial-jp,G空間情報センター,静岡県,tosikeikaku202306mishima,静岡県都市計画基礎調査（三島市）,https://www.geospatial.jp/ckan/dataset/tosikeikaku202306mishima,クリエイティブ・コモンズ 表示,6b6f62b1-f7ed-4775-aee2-82e49d6175cd,07_自然環境.zip,ZIP,78942055,自然環境,archive,strict,https://www.geospatial.jp/ckan/dataset/3833d051-7547-423c-a97c-ff0d64329af7/resource/6b6f62b1-f7ed-4775-aee2-82e49d6175cd/download/07_.zip
geospatial-jp,G空間情報センター,静岡県,tosikeikaku202306mishima,静岡県都市計画基礎調査（三島市）,https://www.geospatial.jp/ckan/dataset/tosikeikaku202306mishima,クリエイティブ・コモンズ 表示,58d93f16-c606-450f-98a5-52aaebe4c473,08_公害および災害.zip,ZIP,81999237,災害,archive,strict,https://www.geospatial.jp/ckan/dataset/3833d051-7547-423c-a97c-ff0d64329af7/resource/58d93f16-c606-450f-98a5-52aaebe4c473/download/08_.zip
geospatial-jp,G空間情報センター,静岡県,tosikeikaku202306mishima,静岡県都市計画基礎調査（三島市）,https://www.geospatial.jp/ckan/dataset/tosikeikaku202306mishima,クリエイティブ・コモンズ 表示,6d6da6e6-4d4d-44f8-94dc-612235ee0ca7,09_観光・景観・歴史.zip,ZIP,80792700,景観,archive,strict,https://www.geospatial.jp/ckan/dataset/3833d051-7547-423c-a97c-ff0d64329af7/resource/6d6da6e6-4d4d-44f8-94dc-612235ee0ca7/download/09_.zip
geospatial-jp,G空間情報センター,静岡県,tosikeikaku202306fujieda,静岡県都市計画基礎調査（藤枝市）,https://www.geospatial.jp/ckan/dataset/tosikeikaku202306fujieda,クリエイティブ・コモンズ 表示,f67a4cae-9567-419e-b71c-aac433e18ad6,00_共通.zip,ZIP,609565,,archive,strict,https://www.geospatial.jp/ckan/dataset/5ae0a13b-040c-4627-a6ed-a11f4a4dbcd1/resource/f67a4cae-9567-419e-b71c-aac433e18ad6/download/00_.zip
geospatial-jp,G空間情報センター,静岡県,tosikeikaku202306fujieda,静岡県都市計画基礎調査（藤枝市）,https://www.geospatial.jp/ckan/dataset/tosikeikaku202306fujieda,クリエイティブ・コモンズ 表示,2d9670ac-82f4-4b4e-a702-f8f9a6758188,01_人口.zip,ZIP,306070220,人口,archive,strict,https://www.geospatial.jp/ckan/dataset/5ae0a13b-040c-4627-a6ed-a11f4a4dbcd1/resource/2d9670ac-82f4-4b4e-a702-f8f9a6758188/download/01_.zip
geospatial-jp,G空間情報センター,静岡県,tosikeikaku202306fujieda,静岡県都市計画基礎調査（藤枝市）,https://www.geospatial.jp/ckan/dataset/tosikeikaku202306fujieda,クリエイティブ・コモンズ 表示,d90a3a98-461d-4e96-9e26-da5c66d39c34,02_産業.zip,ZIP,5515111,産業,archive,strict,https://www.geospatial.jp/ckan/dataset/5ae0a13b-040c-4627-a6ed-a11f4a4dbcd1/resource/d90a3a98-461d-4e96-9e26-da5c66d39c34/download/02_.zip
geospatial-jp,G空間情報センター,静岡県,tosikeikaku202306fujieda,静岡県都市計画基礎調査（藤枝市）,https://www.geospatial.jp/ckan/dataset/tosikeikaku202306fujieda,クリエイティブ・コモンズ 表示,f6b4e07b-d2c9-4958-bbca-99afd34d321d,03_土地利用.zip,ZIP,,土地利用,archive,strict,https://www.geospatial.jp/ckan/dataset/5ae0a13b-040c-4627-a6ed-a11f4a4dbcd1/resource/f6b4e07b-d2c9-4958-bbca-99afd34d321d/download/03_.zip
geospatial-jp,G空間情報センター,静岡県,tosikeikaku202306fujieda,静岡県都市計画基礎調査（藤枝市）,https://www.geospatial.jp/ckan/dataset/tosikeikaku202306fujieda,クリエイティブ・コモンズ 表示,2487e5f6-fca5-46c2-b540-ab0d7bc67845,05_都市施設.zip,ZIP,72082647,都市施設,archive,strict,https://www.geospatial.jp/ckan/dataset/5ae0a13b-040c-4627-a6ed-a11f4a4dbcd1/resource/2487e5f6-fca5-46c2-b540-ab0d7bc67845/download/05_.zip
geospatial-jp,G空間情報センター,静岡県,tosikeikaku202306fujieda,静岡県都市計画基礎調査（藤枝市）,https://www.geospatial.jp/ckan/dataset/tosikeikaku202306fujieda,クリエイティブ・コモンズ 表示,8104b46f-1f42-4dfb-8f92-1b2015f4616d,06_地価.zip,ZIP,44614798,地価,archive,strict,https://www.geospatial.jp/ckan/dataset/5ae0a13b-040c-4627-a6ed-a11f4a4dbcd1/resource/8104b46f-1f42-4dfb-8f92-1b2015f4616d/download/06_.zip
geospatial-jp,G空間情報センター,静岡県,tosikeikaku202306fujieda,静岡県都市計画基礎調査（藤枝市）,https://www.geospatial.jp/ckan/dataset/tosikeikaku202306fujieda,クリエイティブ・コモンズ 表示,c8d8f537-309c-41f3-9411-97cd381e07f1,07_自然環境.zip,ZIP,66334752,自然環境,archive,strict,https://www.geospatial.jp/ckan/dataset/5ae0a13b-040c-4627-a6ed-a11f4a4dbcd1/resource/c8d8f537-309c-41f3-9411-97cd381e07f1/download/07_.zip
geospatial-jp,G空間情報センター,静岡県,tosikeikaku202306fujieda,静岡県都市計画基礎調査（藤枝市）,https://www.geospatial.jp/ckan/dataset/tosikeikaku202306fujieda,クリエイティブ・コモンズ 表示,4dcb6a26-f721-4022-b840-406a99686bf2,08_公害および災害.zip,ZIP,34477631,災害,archive,strict,https://www.geospatial.jp/ckan/dataset/5ae0a13b-040c-4627-a6ed-a11f4a4dbcd1/resource/4dcb6a26-f721-4022-b840-406a99686bf2/download/08_.zip
geospatial-jp,G空間情報センター,静岡県,tosikeikaku202306fujieda,静岡県都市計画基礎調査（藤枝市）,https://www.geospatial.jp/ckan/dataset/tosikeikaku202306fujieda,クリエイティブ・コモンズ 表示,13ff56df-1909-4298-bc0b-149f582c44ff,09_観光・景観・歴史.zip,ZIP,34703733,景観,archive,strict,https://www.geospatial.jp/ckan/dataset/5ae0a13b-040c-4627-a6ed-a11f4a4dbcd1/resource/13ff56df-1909-4298-bc0b-149f582c44ff/download/09_.zip
geospatial-jp,G空間情報センター,静岡県,tosikeikaku202306fujieda,静岡県都市計画基礎調査（藤枝市）,https://www.geospatial.jp/ckan/dataset/tosikeikaku202306fujieda,クリエイティブ・コモンズ 表示,7b451f19-547c-4b1e-8782-038204a0ff42,定義書.zip,,729941,,other,strict,https://www.geospatial.jp/ckan/dataset/5ae0a13b-040c-4627-a6ed-a11f4a4dbcd1/resource/7b451f19-547c-4b1e-8782-038204a0ff42/download/.zip
geospatial-jp,G空間情報センター,静岡県,tosikeikaku202306kosai,静岡県都市計画基礎調査（湖西市）,https://www.geospatial.jp/ckan/dataset/tosikeikaku202306kosai,クリエイティブ・コモンズ 表示,af736f2c-e150-4cc2-a48d-a217104f852b,00_共通.zip,ZIP,1185879,,archive,strict,https://www.geospatial.jp/ckan/dataset/cb16f534-6b8e-4b5f-a82f-8b2e7d938f54/resource/af736f2c-e150-4cc2-a48d-a217104f852b/download/00_.zip
geospatial-jp,G空間情報センター,静岡県,tosikeikaku202306kosai,静岡県都市計画基礎調査（湖西市）,https://www.geospatial.jp/ckan/dataset/tosikeikaku202306kosai,クリエイティブ・コモンズ 表示,1abd1117-77d3-491f-b853-b435d2e38a41,01_人口.zip,ZIP,117078764,人口,archive,strict,https://www.geospatial.jp/ckan/dataset/cb16f534-6b8e-4b5f-a82f-8b2e7d938f54/resource/1abd1117-77d3-491f-b853-b435d2e38a41/download/01_.zip
geospatial-jp,G空間情報センター,静岡県,tosikeikaku202306kosai,静岡県都市計画基礎調査（湖西市）,https://www.geospatial.jp/ckan/dataset/tosikeikaku202306kosai,クリエイティブ・コモンズ 表示,5917e61c-2126-4917-bf59-e80d3f88a86e,02_産業.zip,ZIP,4558598,産業,archive,strict,https://www.geospatial.jp/ckan/dataset/cb16f534-6b8e-4b5f-a82f-8b2e7d938f54/resource/5917e61c-2126-4917-bf59-e80d3f88a86e/download/02_.zip
geospatial-jp,G空間情報センター,静岡県,tosikeikaku202306kosai,静岡県都市計画基礎調査（湖西市）,https://www.geospatial.jp/ckan/dataset/tosikeikaku202306kosai,クリエイティブ・コモンズ 表示,e4a68350-bb1e-4384-9787-bedf27545cf0,03_土地利用.zip,ZIP,185704578,土地利用,archive,strict,https://www.geospatial.jp/ckan/dataset/cb16f534-6b8e-4b5f-a82f-8b2e7d938f54/resource/e4a68350-bb1e-4384-9787-bedf27545cf0/download/03_.zip
geospatial-jp,G空間情報センター,静岡県,tosikeikaku202306kosai,静岡県都市計画基礎調査（湖西市）,https://www.geospatial.jp/ckan/dataset/tosikeikaku202306kosai,クリエイティブ・コモンズ 表示,c918a5e7-b613-4178-8f15-9c8942cd25a4,05_都市施設.zip,ZIP,42600228,都市施設,archive,strict,https://www.geospatial.jp/ckan/dataset/cb16f534-6b8e-4b5f-a82f-8b2e7d938f54/resource/c918a5e7-b613-4178-8f15-9c8942cd25a4/download/05_.zip
geospatial-jp,G空間情報センター,静岡県,tosikeikaku202306kosai,静岡県都市計画基礎調査（湖西市）,https://www.geospatial.jp/ckan/dataset/tosikeikaku202306kosai,クリエイティブ・コモンズ 表示,fed69181-6434-4ca8-9a6a-489cd877b983,06_地価.zip,ZIP,7338209,地価,archive,strict,https://www.geospatial.jp/ckan/dataset/cb16f534-6b8e-4b5f-a82f-8b2e7d938f54/resource/fed69181-6434-4ca8-9a6a-489cd877b983/download/06_.zip
geospatial-jp,G空間情報センター,静岡県,tosikeikaku202306kosai,静岡県都市計画基礎調査（湖西市）,https://www.geospatial.jp/ckan/dataset/tosikeikaku202306kosai,クリエイティブ・コモンズ 表示,48f7f39a-b000-4a31-a6bc-ceee8019a994,07_自然環境.zip,ZIP,64129482,自然環境,archive,strict,https://www.geospatial.jp/ckan/dataset/cb16f534-6b8e-4b5f-a82f-8b2e7d938f54/resource/48f7f39a-b000-4a31-a6bc-ceee8019a994/download/07_.zip
geospatial-jp,G空間情報センター,静岡県,tosikeikaku202306kosai,静岡県都市計画基礎調査（湖西市）,https://www.geospatial.jp/ckan/dataset/tosikeikaku202306kosai,クリエイティブ・コモンズ 表示,e6677385-b314-445d-a141-99599793f47c,08_公害および災害.zip,ZIP,11672223,災害,archive,strict,https://www.geospatial.jp/ckan/dataset/cb16f534-6b8e-4b5f-a82f-8b2e7d938f54/resource/e6677385-b314-445d-a141-99599793f47c/download/08_.zip
geospatial-jp,G空間情報センター,静岡県,tosikeikaku202306kosai,静岡県都市計画基礎調査（湖西市）,https://www.geospatial.jp/ckan/dataset/tosikeikaku202306kosai,クリエイティブ・コモンズ 表示,996132e7-ef5a-476c-af72-a7d29f05a259,09_観光・景観・歴史.zip,ZIP,14526953,景観,archive,strict,https://www.geospatial.jp/ckan/dataset/cb16f534-6b8e-4b5f-a82f-8b2e7d938f54/resource/996132e7-ef5a-476c-af72-a7d29f05a259/download/09_.zip
geospatial-jp,G空間情報センター,静岡県,tosikeikaku202306hamamatsu,静岡県都市計画基礎調査（浜松市）,https://www.geospatial.jp/ckan/dataset/tosikeikaku202306hamamatsu,クリエイティブ・コモンズ 表示,879a3433-ee01-468f-ae80-060868af51d1,00_共通.zip,ZIP,1567224,,archive,strict,https://www.geospatial.jp/ckan/dataset/26f4a8eb-523c-4594-ae62-6103dd1ec3e4/resource/879a3433-ee01-468f-ae80-060868af51d1/download/00_.zip
geospatial-jp,G空間情報センター,静岡県,tosikeikaku202306hamamatsu,静岡県都市計画基礎調査（浜松市）,https://www.geospatial.jp/ckan/dataset/tosikeikaku202306hamamatsu,クリエイティブ・コモンズ 表示,344ce9a8-186d-40eb-8cb9-756e34a08726,01_人口.zip,ZIP,420984533,人口,archive,strict,https://www.geospatial.jp/ckan/dataset/26f4a8eb-523c-4594-ae62-6103dd1ec3e4/resource/344ce9a8-186d-40eb-8cb9-756e34a08726/download/01_.zip
geospatial-jp,G空間情報センター,静岡県,tosikeikaku202306hamamatsu,静岡県都市計画基礎調査（浜松市）,https://www.geospatial.jp/ckan/dataset/tosikeikaku202306hamamatsu,クリエイティブ・コモンズ 表示,b714b0e5-2292-4a5f-878c-bf63187deee1,02_産業.zip,ZIP,71332472,産業,archive,strict,https://www.geospatial.jp/ckan/dataset/26f4a8eb-523c-4594-ae62-6103dd1ec3e4/resource/b714b0e5-2292-4a5f-878c-bf63187deee1/download/02_.zip
geospatial-jp,G空間情報センター,静岡県,tosikeikaku202306hamamatsu,静岡県都市計画基礎調査（浜松市）,https://www.geospatial.jp/ckan/dataset/tosikeikaku202306hamamatsu,クリエイティブ・コモンズ 表示,4377f36b-4062-4302-8c34-777635daa537,03_土地利用（調書、GISデータ）.zip,ZIP,106015582,土地利用,archive,strict,https://www.geospatial.jp/ckan/dataset/26f4a8eb-523c-4594-ae62-6103dd1ec3e4/resource/4377f36b-4062-4302-8c34-777635daa537/download/03_gis.zip
geospatial-jp,G空間情報センター,静岡県,tosikeikaku202306hamamatsu,静岡県都市計画基礎調査（浜松市）,https://www.geospatial.jp/ckan/dataset/tosikeikaku202306hamamatsu,クリエイティブ・コモンズ 表示,cdb55873-4bb2-4cc4-a5c7-9e4fe753ade9,03_土地利用（PDF）.zip,ZIP,661794243,土地利用,archive,strict,https://www.geospatial.jp/ckan/dataset/26f4a8eb-523c-4594-ae62-6103dd1ec3e4/resource/cdb55873-4bb2-4cc4-a5c7-9e4fe753ade9/download/03_pdf.zip
geospatial-jp,G空間情報センター,静岡県,tosikeikaku202306hamamatsu,静岡県都市計画基礎調査（浜松市）,https://www.geospatial.jp/ckan/dataset/tosikeikaku202306hamamatsu,クリエイティブ・コモンズ 表示,da1106d1-b7c9-4600-afc3-bfb14a07bf62,05_都市施設.zip,ZIP,272085448,都市施設,archive,strict,https://www.geospatial.jp/ckan/dataset/26f4a8eb-523c-4594-ae62-6103dd1ec3e4/resource/da1106d1-b7c9-4600-afc3-bfb14a07bf62/download/05_.zip
geospatial-jp,G空間情報センター,静岡県,tosikeikaku202306hamamatsu,静岡県都市計画基礎調査（浜松市）,https://www.geospatial.jp/ckan/dataset/tosikeikaku202306hamamatsu,クリエイティブ・コモンズ 表示,d7ee89cf-6c22-4240-9cb4-c9ca8b58545d,06_地価.zip,ZIP,29774749,地価,archive,strict,https://www.geospatial.jp/ckan/dataset/26f4a8eb-523c-4594-ae62-6103dd1ec3e4/resource/d7ee89cf-6c22-4240-9cb4-c9ca8b58545d/download/06_.zip
geospatial-jp,G空間情報センター,静岡県,tosikeikaku202306hamamatsu,静岡県都市計画基礎調査（浜松市）,https://www.geospatial.jp/ckan/dataset/tosikeikaku202306hamamatsu,クリエイティブ・コモンズ 表示,87e9bdb2-1963-405f-8c3f-efb612b281dd,07_自然環境.zip,ZIP,278367509,自然環境,archive,strict,https://www.geospatial.jp/ckan/dataset/26f4a8eb-523c-4594-ae62-6103dd1ec3e4/resource/87e9bdb2-1963-405f-8c3f-efb612b281dd/download/07_.zip
geospatial-jp,G空間情報センター,静岡県,tosikeikaku202306hamamatsu,静岡県都市計画基礎調査（浜松市）,https://www.geospatial.jp/ckan/dataset/tosikeikaku202306hamamatsu,クリエイティブ・コモンズ 表示,e379d217-67cf-4e7b-b0cf-de1e71809312,08_公害および災害.zip,ZIP,55393859,災害,archive,strict,https://www.geospatial.jp/ckan/dataset/26f4a8eb-523c-4594-ae62-6103dd1ec3e4/resource/e379d217-67cf-4e7b-b0cf-de1e71809312/download/08_.zip
geospatial-jp,G空間情報センター,静岡県,tosikeikaku202306hamamatsu,静岡県都市計画基礎調査（浜松市）,https://www.geospatial.jp/ckan/dataset/tosikeikaku202306hamamatsu,クリエイティブ・コモンズ 表示,6811cf4d-43c1-451e-8d0c-db3b5a703009,09_観光・景観・歴史.zip,ZIP,54332793,景観,archive,strict,https://www.geospatial.jp/ckan/dataset/26f4a8eb-523c-4594-ae62-6103dd1ec3e4/resource/6811cf4d-43c1-451e-8d0c-db3b5a703009/download/09_.zip
geospatial-jp,G空間情報センター,静岡県,tosikeikaku202306kannami,静岡県都市計画基礎調査（函南町）,https://www.geospatial.jp/ckan/dataset/tosikeikaku202306kannami,クリエイティブ・コモンズ 表示,c44375e6-3e0d-4790-a113-414ed0749637,00_共通.zip,ZIP,10546678,,archive,strict,https://www.geospatial.jp/ckan/dataset/8454031a-5da2-4770-8795-3bf9ed1bcbd7/resource/c44375e6-3e0d-4790-a113-414ed0749637/download/00_.zip
geospatial-jp,G空間情報センター,静岡県,tosikeikaku202306kannami,静岡県都市計画基礎調査（函南町）,https://www.geospatial.jp/ckan/dataset/tosikeikaku202306kannami,クリエイティブ・コモンズ 表示,5f0c5e39-6fcc-4b97-9258-0e884dd3a0db,01_人口.zip,ZIP,24032817,人口,archive,strict,https://www.geospatial.jp/ckan/dataset/8454031a-5da2-4770-8795-3bf9ed1bcbd7/resource/5f0c5e39-6fcc-4b97-9258-0e884dd3a0db/download/01_.zip
geospatial-jp,G空間情報センター,静岡県,tosikeikaku202306kannami,静岡県都市計画基礎調査（函南町）,https://www.geospatial.jp/ckan/dataset/tosikeikaku202306kannami,クリエイティブ・コモンズ 表示,8ad8783b-b640-40cb-8321-4de8d1c08ebe,02_産業.zip,ZIP,14904593,産業,archive,strict,https://www.geospatial.jp/ckan/dataset/8454031a-5da2-4770-8795-3bf9ed1bcbd7/resource/8ad8783b-b640-40cb-8321-4de8d1c08ebe/download/02_.zip
geospatial-jp,G空間情報センター,静岡県,tosikeikaku202306kannami,静岡県都市計画基礎調査（函南町）,https://www.geospatial.jp/ckan/dataset/tosikeikaku202306kannami,クリエイティブ・コモンズ 表示,bb02d4c1-3532-46ab-986c-cd6d78555a57,03_土地利用.zip,ZIP,126754232,土地利用,archive,strict,https://www.geospatial.jp/ckan/dataset/8454031a-5da2-4770-8795-3bf9ed1bcbd7/resource/bb02d4c1-3532-46ab-986c-cd6d78555a57/download/03_.zip
geospatial-jp,G空間情報センター,静岡県,tosikeikaku202306kannami,静岡県都市計画基礎調査（函南町）,https://www.geospatial.jp/ckan/dataset/tosikeikaku202306kannami,クリエイティブ・コモンズ 表示,88adf599-df60-4ce3-8a4b-db4e01ff0c4e,05_都市施設.zip,ZIP,22585019,都市施設,archive,strict,https://www.geospatial.jp/ckan/dataset/8454031a-5da2-4770-8795-3bf9ed1bcbd7/resource/88adf599-df60-4ce3-8a4b-db4e01ff0c4e/download/05_.zip
geospatial-jp,G空間情報センター,静岡県,tosikeikaku202306kannami,静岡県都市計画基礎調査（函南町）,https://www.geospatial.jp/ckan/dataset/tosikeikaku202306kannami,クリエイティブ・コモンズ 表示,776eec89-8ee2-4074-8e2f-b1cfd0c07e14,06_地価.zip,ZIP,9287388,地価,archive,strict,https://www.geospatial.jp/ckan/dataset/8454031a-5da2-4770-8795-3bf9ed1bcbd7/resource/776eec89-8ee2-4074-8e2f-b1cfd0c07e14/download/06_.zip
geospatial-jp,G空間情報センター,静岡県,tosikeikaku202306kannami,静岡県都市計画基礎調査（函南町）,https://www.geospatial.jp/ckan/dataset/tosikeikaku202306kannami,クリエイティブ・コモンズ 表示,3503b2dc-0708-4343-9356-1fa37d0a4e8e,07_自然環境.zip,ZIP,16832815,自然環境,archive,strict,https://www.geospatial.jp/ckan/dataset/8454031a-5da2-4770-8795-3bf9ed1bcbd7/resource/3503b2dc-0708-4343-9356-1fa37d0a4e8e/download/07_.zip
geospatial-jp,G空間情報センター,静岡県,tosikeikaku202306kannami,静岡県都市計画基礎調査（函南町）,https://www.geospatial.jp/ckan/dataset/tosikeikaku202306kannami,クリエイティブ・コモンズ 表示,0fdfd0e7-fcfb-4e70-a8df-4e1e3339b9ae,08_公害および災害.zip,ZIP,19255705,災害,archive,strict,https://www.geospatial.jp/ckan/dataset/8454031a-5da2-4770-8795-3bf9ed1bcbd7/resource/0fdfd0e7-fcfb-4e70-a8df-4e1e3339b9ae/download/08_.zip
geospatial-jp,G空間情報センター,静岡県,tosikeikaku202306kannami,静岡県都市計画基礎調査（函南町）,https://www.geospatial.jp/ckan/dataset/tosikeikaku202306kannami,クリエイティブ・コモンズ 表示,0215012d-9681-4c18-aadb-ff418edd9690,09_観光・景観・歴史.zip,ZIP,18370348,景観,archive,strict,https://www.geospatial.jp/ckan/dataset/8454031a-5da2-4770-8795-3bf9ed1bcbd7/resource/0215012d-9681-4c18-aadb-ff418edd9690/download/09_.zip
geospatial-jp,G空間情報センター,静岡県,tosikeikaku202306numazu,静岡県都市計画基礎調査（沼津市）,https://www.geospatial.jp/ckan/dataset/tosikeikaku202306numazu,クリエイティブ・コモンズ 表示,3f0452b6-b6fe-4a61-a7cf-6e6f8a6a31af,00_共通.zip,ZIP,1720261,,archive,strict,https://www.geospatial.jp/ckan/dataset/4642eb24-96b1-4295-995b-a77a796645fe/resource/3f0452b6-b6fe-4a61-a7cf-6e6f8a6a31af/download/00_.zip
geospatial-jp,G空間情報センター,静岡県,tosikeikaku202306numazu,静岡県都市計画基礎調査（沼津市）,https://www.geospatial.jp/ckan/dataset/tosikeikaku202306numazu,クリエイティブ・コモンズ 表示,67baa00e-4325-4a99-aec0-45b2de459a4c,01_人口.zip,ZIP,144634814,人口,archive,strict,https://www.geospatial.jp/ckan/dataset/4642eb24-96b1-4295-995b-a77a796645fe/resource/67baa00e-4325-4a99-aec0-45b2de459a4c/download/01_.zip
geospatial-jp,G空間情報センター,静岡県,tosikeikaku202306numazu,静岡県都市計画基礎調査（沼津市）,https://www.geospatial.jp/ckan/dataset/tosikeikaku202306numazu,クリエイティブ・コモンズ 表示,ee8bfd2c-00f7-431b-98c5-7ef00c86665f,02_産業.zip,ZIP,61363912,産業,archive,strict,https://www.geospatial.jp/ckan/dataset/4642eb24-96b1-4295-995b-a77a796645fe/resource/ee8bfd2c-00f7-431b-98c5-7ef00c86665f/download/02_.zip
geospatial-jp,G空間情報センター,静岡県,tosikeikaku202306numazu,静岡県都市計画基礎調査（沼津市）,https://www.geospatial.jp/ckan/dataset/tosikeikaku202306numazu,クリエイティブ・コモンズ 表示,e42dcd3b-ca83-4a0d-bee3-6c3f23e8e5ee,03_土地利用.zip,ZIP,601139180,土地利用,archive,strict,https://www.geospatial.jp/ckan/dataset/4642eb24-96b1-4295-995b-a77a796645fe/resource/e42dcd3b-ca83-4a0d-bee3-6c3f23e8e5ee/download/03_.zip
geospatial-jp,G空間情報センター,静岡県,tosikeikaku202306numazu,静岡県都市計画基礎調査（沼津市）,https://www.geospatial.jp/ckan/dataset/tosikeikaku202306numazu,クリエイティブ・コモンズ 表示,d32c7704-c5f9-43b9-98ee-39d94300e8be,05_都市施設.zip,ZIP,103299737,都市施設,archive,strict,https://www.geospatial.jp/ckan/dataset/4642eb24-96b1-4295-995b-a77a796645fe/resource/d32c7704-c5f9-43b9-98ee-39d94300e8be/download/05_.zip
geospatial-jp,G空間情報センター,静岡県,tosikeikaku202306numazu,静岡県都市計画基礎調査（沼津市）,https://www.geospatial.jp/ckan/dataset/tosikeikaku202306numazu,クリエイティブ・コモンズ 表示,78e36a98-144c-4c0c-a502-84c3858e0548,06_地価.zip,ZIP,67610596,地価,archive,strict,https://www.geospatial.jp/ckan/dataset/4642eb24-96b1-4295-995b-a77a796645fe/resource/78e36a98-144c-4c0c-a502-84c3858e0548/download/06_.zip
geospatial-jp,G空間情報センター,静岡県,tosikeikaku202306numazu,静岡県都市計画基礎調査（沼津市）,https://www.geospatial.jp/ckan/dataset/tosikeikaku202306numazu,クリエイティブ・コモンズ 表示,46e6372e-87e0-489e-a7f5-b7256113c78b,07_自然環境.zip,ZIP,102896074,自然環境,archive,strict,https://www.geospatial.jp/ckan/dataset/4642eb24-96b1-4295-995b-a77a796645fe/resource/46e6372e-87e0-489e-a7f5-b7256113c78b/download/07_.zip
geospatial-jp,G空間情報センター,静岡県,tosikeikaku202306numazu,静岡県都市計画基礎調査（沼津市）,https://www.geospatial.jp/ckan/dataset/tosikeikaku202306numazu,クリエイティブ・コモンズ 表示,3c2cd6d8-dd1d-45af-809b-ec33f5b607be,08_公害および災害.zip,ZIP,132287456,災害,archive,strict,https://www.geospatial.jp/ckan/dataset/4642eb24-96b1-4295-995b-a77a796645fe/resource/3c2cd6d8-dd1d-45af-809b-ec33f5b607be/download/08_.zip
geospatial-jp,G空間情報センター,静岡県,tosikeikaku202306numazu,静岡県都市計画基礎調査（沼津市）,https://www.geospatial.jp/ckan/dataset/tosikeikaku202306numazu,クリエイティブ・コモンズ 表示,befe2973-2350-4e69-9f7e-6678f748e296,09_観光・景観・歴史.zip,ZIP,130589677,景観,archive,strict,https://www.geospatial.jp/ckan/dataset/4642eb24-96b1-4295-995b-a77a796645fe/resource/befe2973-2350-4e69-9f7e-6678f748e296/download/09_.zip
geospatial-jp,G空間情報センター,静岡県,tosikeikaku202306iwata,静岡県都市計画基礎調査（磐田市）,https://www.geospatial.jp/ckan/dataset/tosikeikaku202306iwata,クリエイティブ・コモンズ 表示,9fd093a4-c1bf-4de8-bbb9-261b291348c8,00_共通.zip,ZIP,1251412,,archive,strict,https://www.geospatial.jp/ckan/dataset/0cebf0ad-8bef-4a4e-9f55-4e3082491793/resource/9fd093a4-c1bf-4de8-bbb9-261b291348c8/download/00_.zip
geospatial-jp,G空間情報センター,静岡県,tosikeikaku202306iwata,静岡県都市計画基礎調査（磐田市）,https://www.geospatial.jp/ckan/dataset/tosikeikaku202306iwata,クリエイティブ・コモンズ 表示,b30313dc-fde9-4b6a-b532-123faf8c2e24,01_人口.zip,ZIP,306853017,人口,archive,strict,https://www.geospatial.jp/ckan/dataset/0cebf0ad-8bef-4a4e-9f55-4e3082491793/resource/b30313dc-fde9-4b6a-b532-123faf8c2e24/download/01_.zip
geospatial-jp,G空間情報センター,静岡県,tosikeikaku202306iwata,静岡県都市計画基礎調査（磐田市）,https://www.geospatial.jp/ckan/dataset/tosikeikaku202306iwata,クリエイティブ・コモンズ 表示,371aa622-e775-4d8e-9f65-eeb56ca1a162,02_産業.zip,ZIP,4961010,産業,archive,strict,https://www.geospatial.jp/ckan/dataset/0cebf0ad-8bef-4a4e-9f55-4e3082491793/resource/371aa622-e775-4d8e-9f65-eeb56ca1a162/download/02_.zip
geospatial-jp,G空間情報センター,静岡県,tosikeikaku202306iwata,静岡県都市計画基礎調査（磐田市）,https://www.geospatial.jp/ckan/dataset/tosikeikaku202306iwata,クリエイティブ・コモンズ 表示,61b55279-778a-44ff-9145-5f1e0987df68,03_土地利用.zip,ZIP,520126943,土地利用,archive,strict,https://www.geospatial.jp/ckan/dataset/0cebf0ad-8bef-4a4e-9f55-4e3082491793/resource/61b55279-778a-44ff-9145-5f1e0987df68/download/03_.zip
geospatial-jp,G空間情報センター,静岡県,tosikeikaku202306iwata,静岡県都市計画基礎調査（磐田市）,https://www.geospatial.jp/ckan/dataset/tosikeikaku202306iwata,クリエイティブ・コモンズ 表示,89f853fe-fbb2-40a5-87de-1deafbfc2f3b,05_都市施設.zip,ZIP,94070713,都市施設,archive,strict,https://www.geospatial.jp/ckan/dataset/0cebf0ad-8bef-4a4e-9f55-4e3082491793/resource/89f853fe-fbb2-40a5-87de-1deafbfc2f3b/download/05_.zip
geospatial-jp,G空間情報センター,静岡県,tosikeikaku202306iwata,静岡県都市計画基礎調査（磐田市）,https://www.geospatial.jp/ckan/dataset/tosikeikaku202306iwata,クリエイティブ・コモンズ 表示,95c76c22-506d-4c55-ad85-9fded8be2af1,06_地価.zip,ZIP,22460000,地価,archive,strict,https://www.geospatial.jp/ckan/dataset/0cebf0ad-8bef-4a4e-9f55-4e3082491793/resource/95c76c22-506d-4c55-ad85-9fded8be2af1/download/06_.zip
geospatial-jp,G空間情報センター,静岡県,tosikeikaku202306iwata,静岡県都市計画基礎調査（磐田市）,https://www.geospatial.jp/ckan/dataset/tosikeikaku202306iwata,クリエイティブ・コモンズ 表示,c0fdcca5-5176-4eac-85f3-f79689fceb88,07_自然環境.zip,ZIP,82029883,自然環境,archive,strict,https://www.geospatial.jp/ckan/dataset/0cebf0ad-8bef-4a4e-9f55-4e3082491793/resource/c0fdcca5-5176-4eac-85f3-f79689fceb88/download/07_.zip
geospatial-jp,G空間情報センター,静岡県,tosikeikaku202306iwata,静岡県都市計画基礎調査（磐田市）,https://www.geospatial.jp/ckan/dataset/tosikeikaku202306iwata,クリエイティブ・コモンズ 表示,c1d7dadd-9b54-450e-bc93-bd78df7cf430,08_公害および災害.zip,ZIP,29370426,災害,archive,strict,https://www.geospatial.jp/ckan/dataset/0cebf0ad-8bef-4a4e-9f55-4e3082491793/resource/c1d7dadd-9b54-450e-bc93-bd78df7cf430/download/08_.zip
geospatial-jp,G空間情報センター,静岡県,tosikeikaku202306iwata,静岡県都市計画基礎調査（磐田市）,https://www.geospatial.jp/ckan/dataset/tosikeikaku202306iwata,クリエイティブ・コモンズ 表示,0af1164e-5e82-42f8-9f02-7320f78d9f2e,09_観光・景観・歴史.zip,ZIP,44705313,景観,archive,strict,https://www.geospatial.jp/ckan/dataset/0cebf0ad-8bef-4a4e-9f55-4e3082491793/resource/0af1164e-5e82-42f8-9f02-7320f78d9f2e/download/09_.zip
geospatial-jp,G空間情報センター,静岡県,tosikeikaku202306fuji,静岡県都市計画基礎調査（富士市）,https://www.geospatial.jp/ckan/dataset/tosikeikaku202306fuji,クリエイティブ・コモンズ 表示,e8f739b5-6fcc-4f76-ac90-6b1e2ffe025a,00_共通.zip,ZIP,1677947,,archive,strict,https://www.geospatial.jp/ckan/dataset/ef2d8bae-1c8e-4b71-9bde-c79cbdbe6fa7/resource/e8f739b5-6fcc-4f76-ac90-6b1e2ffe025a/download/00_.zip
geospatial-jp,G空間情報センター,静岡県,tosikeikaku202306fuji,静岡県都市計画基礎調査（富士市）,https://www.geospatial.jp/ckan/dataset/tosikeikaku202306fuji,クリエイティブ・コモンズ 表示,1c762938-b03e-4cac-b24d-795c992a2d64,01_人口.zip,ZIP,376261487,人口,archive,strict,https://www.geospatial.jp/ckan/dataset/ef2d8bae-1c8e-4b71-9bde-c79cbdbe6fa7/resource/1c762938-b03e-4cac-b24d-795c992a2d64/download/01_.zip
geospatial-jp,G空間情報センター,静岡県,tosikeikaku202306fuji,静岡県都市計画基礎調査（富士市）,https://www.geospatial.jp/ckan/dataset/tosikeikaku202306fuji,クリエイティブ・コモンズ 表示,69b77e23-2ff1-499d-ac8a-f5908a7effaf,02_産業.zip,ZIP,42877860,産業,archive,strict,https://www.geospatial.jp/ckan/dataset/ef2d8bae-1c8e-4b71-9bde-c79cbdbe6fa7/resource/69b77e23-2ff1-499d-ac8a-f5908a7effaf/download/02_.zip
geospatial-jp,G空間情報センター,静岡県,tosikeikaku202306fuji,静岡県都市計画基礎調査（富士市）,https://www.geospatial.jp/ckan/dataset/tosikeikaku202306fuji,クリエイティブ・コモンズ 表示,6442ade4-3e23-41f9-b662-d7003026c4dd,03_土地利用.zip,ZIP,470188272,土地利用,archive,strict,https://www.geospatial.jp/ckan/dataset/ef2d8bae-1c8e-4b71-9bde-c79cbdbe6fa7/resource/6442ade4-3e23-41f9-b662-d7003026c4dd/download/03_.zip
geospatial-jp,G空間情報センター,静岡県,tosikeikaku202306fuji,静岡県都市計画基礎調査（富士市）,https://www.geospatial.jp/ckan/dataset/tosikeikaku202306fuji,クリエイティブ・コモンズ 表示,61ccc34e-e57b-4f0b-8f25-fecf8497fe2c,05_都市施設.zip,ZIP,112629148,都市施設,archive,strict,https://www.geospatial.jp/ckan/dataset/ef2d8bae-1c8e-4b71-9bde-c79cbdbe6fa7/resource/61ccc34e-e57b-4f0b-8f25-fecf8497fe2c/download/05_.zip
geospatial-jp,G空間情報センター,静岡県,tosikeikaku202306fuji,静岡県都市計画基礎調査（富士市）,https://www.geospatial.jp/ckan/dataset/tosikeikaku202306fuji,クリエイティブ・コモンズ 表示,fe6385d5-34ce-4c8d-936d-6177d72bfe97,06_地価.zip,ZIP,54050493,地価,archive,strict,https://www.geospatial.jp/ckan/dataset/ef2d8bae-1c8e-4b71-9bde-c79cbdbe6fa7/resource/fe6385d5-34ce-4c8d-936d-6177d72bfe97/download/06_.zip
geospatial-jp,G空間情報センター,静岡県,tosikeikaku202306fuji,静岡県都市計画基礎調査（富士市）,https://www.geospatial.jp/ckan/dataset/tosikeikaku202306fuji,クリエイティブ・コモンズ 表示,a1f4c3e1-e622-416f-b756-b575e7d87a36,07_自然環境.zip,ZIP,87771273,自然環境,archive,strict,https://www.geospatial.jp/ckan/dataset/ef2d8bae-1c8e-4b71-9bde-c79cbdbe6fa7/resource/a1f4c3e1-e622-416f-b756-b575e7d87a36/download/07_.zip
geospatial-jp,G空間情報センター,静岡県,tosikeikaku202306fuji,静岡県都市計画基礎調査（富士市）,https://www.geospatial.jp/ckan/dataset/tosikeikaku202306fuji,クリエイティブ・コモンズ 表示,33101afb-7f5e-4f14-b231-3da69451e334,08_公害および災害.zip,ZIP,91277484,災害,archive,strict,https://www.geospatial.jp/ckan/dataset/ef2d8bae-1c8e-4b71-9bde-c79cbdbe6fa7/resource/33101afb-7f5e-4f14-b231-3da69451e334/download/08_.zip
geospatial-jp,G空間情報センター,静岡県,tosikeikaku202306fuji,静岡県都市計画基礎調査（富士市）,https://www.geospatial.jp/ckan/dataset/tosikeikaku202306fuji,クリエイティブ・コモンズ 表示,30488cbe-a4d5-401f-b561-f2e69878f40f,09_観光・景観・歴史.zip,ZIP,88586132,景観,archive,strict,https://www.geospatial.jp/ckan/dataset/ef2d8bae-1c8e-4b71-9bde-c79cbdbe6fa7/resource/30488cbe-a4d5-401f-b561-f2e69878f40f/download/09_.zip
geospatial-jp,G空間情報センター,静岡県,tosikeikaku202306shimizu,静岡県都市計画基礎調査（清水町）,https://www.geospatial.jp/ckan/dataset/tosikeikaku202306shimizu,クリエイティブ・コモンズ 表示,e5736a85-c356-455f-bffb-30c5cdb521c4,00_共通.zip,ZIP,1028556,,archive,strict,https://www.geospatial.jp/ckan/dataset/12f52377-687c-438c-a642-c30e094b9abc/resource/e5736a85-c356-455f-bffb-30c5cdb521c4/download/00_.zip
geospatial-jp,G空間情報センター,静岡県,tosikeikaku202306shimizu,静岡県都市計画基礎調査（清水町）,https://www.geospatial.jp/ckan/dataset/tosikeikaku202306shimizu,クリエイティブ・コモンズ 表示,51fa2a5b-ab45-4e16-a83f-4834fd1a9e07,01_人口.zip,ZIP,11515524,人口,archive,strict,https://www.geospatial.jp/ckan/dataset/12f52377-687c-438c-a642-c30e094b9abc/resource/51fa2a5b-ab45-4e16-a83f-4834fd1a9e07/download/01_.zip
geospatial-jp,G空間情報センター,静岡県,tosikeikaku202306shimizu,静岡県都市計画基礎調査（清水町）,https://www.geospatial.jp/ckan/dataset/tosikeikaku202306shimizu,クリエイティブ・コモンズ 表示,4b9a236d-d05a-4a75-b5cc-1243364f1bea,02_産業.zip,ZIP,4914480,産業,archive,strict,https://www.geospatial.jp/ckan/dataset/12f52377-687c-438c-a642-c30e094b9abc/resource/4b9a236d-d05a-4a75-b5cc-1243364f1bea/download/02_.zip
geospatial-jp,G空間情報センター,静岡県,tosikeikaku202306shimizu,静岡県都市計画基礎調査（清水町）,https://www.geospatial.jp/ckan/dataset/tosikeikaku202306shimizu,クリエイティブ・コモンズ 表示,5769f73a-bdeb-465c-bbbd-70512d52edf0,03_土地利用.zip,ZIP,25800965,土地利用,archive,strict,https://www.geospatial.jp/ckan/dataset/12f52377-687c-438c-a642-c30e094b9abc/resource/5769f73a-bdeb-465c-bbbd-70512d52edf0/download/03_.zip
geospatial-jp,G空間情報センター,静岡県,tosikeikaku202306shimizu,静岡県都市計画基礎調査（清水町）,https://www.geospatial.jp/ckan/dataset/tosikeikaku202306shimizu,クリエイティブ・コモンズ 表示,6f138e80-384c-43b2-be88-d1b5f7b2f809,05_都市施設.zip,ZIP,3913980,都市施設,archive,strict,https://www.geospatial.jp/ckan/dataset/12f52377-687c-438c-a642-c30e094b9abc/resource/6f138e80-384c-43b2-be88-d1b5f7b2f809/download/05_.zip
geospatial-jp,G空間情報センター,静岡県,tosikeikaku202306shimizu,静岡県都市計画基礎調査（清水町）,https://www.geospatial.jp/ckan/dataset/tosikeikaku202306shimizu,クリエイティブ・コモンズ 表示,939d3922-5ffd-4962-9263-dd10671c064b,06_地価.zip,ZIP,5456525,地価,archive,strict,https://www.geospatial.jp/ckan/dataset/12f52377-687c-438c-a642-c30e094b9abc/resource/939d3922-5ffd-4962-9263-dd10671c064b/download/06_.zip
geospatial-jp,G空間情報センター,静岡県,tosikeikaku202306shimizu,静岡県都市計画基礎調査（清水町）,https://www.geospatial.jp/ckan/dataset/tosikeikaku202306shimizu,クリエイティブ・コモンズ 表示,d06782ea-1617-423f-856a-4819a2091283,07_自然環境.zip,ZIP,2750830,自然環境,archive,strict,https://www.geospatial.jp/ckan/dataset/12f52377-687c-438c-a642-c30e094b9abc/resource/d06782ea-1617-423f-856a-4819a2091283/download/07_.zip
geospatial-jp,G空間情報センター,静岡県,tosikeikaku202306shimizu,静岡県都市計画基礎調査（清水町）,https://www.geospatial.jp/ckan/dataset/tosikeikaku202306shimizu,クリエイティブ・コモンズ 表示,929c6668-9880-4cb5-ab52-c0cff9552a85,08_公害および災害.zip,ZIP,6306811,災害,archive,strict,https://www.geospatial.jp/ckan/dataset/12f52377-687c-438c-a642-c30e094b9abc/resource/929c6668-9880-4cb5-ab52-c0cff9552a85/download/08_.zip
geospatial-jp,G空間情報センター,静岡県,tosikeikaku202306shimizu,静岡県都市計画基礎調査（清水町）,https://www.geospatial.jp/ckan/dataset/tosikeikaku202306shimizu,クリエイティブ・コモンズ 表示,b8a6f7bd-f86c-4bf9-9e84-01c619a2af59,09_観光・景観・歴史.zip,ZIP,5850432,景観,archive,strict,https://www.geospatial.jp/ckan/dataset/12f52377-687c-438c-a642-c30e094b9abc/resource/b8a6f7bd-f86c-4bf9-9e84-01c619a2af59/download/09_.zip
geospatial-jp,G空間情報センター,静岡県,tosikeikaku202306nagaizumi,静岡県都市計画基礎調査（長泉町）,https://www.geospatial.jp/ckan/dataset/tosikeikaku202306nagaizumi,クリエイティブ・コモンズ 表示,fa97a2c4-ecb2-4dca-8dde-2dab4ebbca3c,01_人口.zip,ZIP,46978750,人口,archive,strict,https://www.geospatial.jp/ckan/dataset/45634a6e-4a7a-4ffc-8d34-25c924116556/resource/fa97a2c4-ecb2-4dca-8dde-2dab4ebbca3c/download/01_.zip
geospatial-jp,G空間情報センター,静岡県,tosikeikaku202306nagaizumi,静岡県都市計画基礎調査（長泉町）,https://www.geospatial.jp/ckan/dataset/tosikeikaku202306nagaizumi,クリエイティブ・コモンズ 表示,6ce3cd22-732f-47c8-9668-d60b17fd9607,00_共通.zip,ZIP,1061272,,archive,strict,https://www.geospatial.jp/ckan/dataset/45634a6e-4a7a-4ffc-8d34-25c924116556/resource/6ce3cd22-732f-47c8-9668-d60b17fd9607/download/00_.zip
geospatial-jp,G空間情報センター,静岡県,tosikeikaku202306nagaizumi,静岡県都市計画基礎調査（長泉町）,https://www.geospatial.jp/ckan/dataset/tosikeikaku202306nagaizumi,クリエイティブ・コモンズ 表示,2d77b7ac-bca0-4cf4-8fe4-9f846adc4449,01_人口.zip,ZIP,21990689,人口,archive,strict,https://www.geospatial.jp/ckan/dataset/45634a6e-4a7a-4ffc-8d34-25c924116556/resource/2d77b7ac-bca0-4cf4-8fe4-9f846adc4449/download/01_.zip
geospatial-jp,G空間情報センター,静岡県,tosikeikaku202306nagaizumi,静岡県都市計画基礎調査（長泉町）,https://www.geospatial.jp/ckan/dataset/tosikeikaku202306nagaizumi,クリエイティブ・コモンズ 表示,3e38d472-73ea-42d4-87a4-7d70d99248b9,02_産業.zip,ZIP,13233934,産業,archive,strict,https://www.geospatial.jp/ckan/dataset/45634a6e-4a7a-4ffc-8d34-25c924116556/resource/3e38d472-73ea-42d4-87a4-7d70d99248b9/download/02_.zip
geospatial-jp,G空間情報センター,静岡県,tosikeikaku202306nagaizumi,静岡県都市計画基礎調査（長泉町）,https://www.geospatial.jp/ckan/dataset/tosikeikaku202306nagaizumi,クリエイティブ・コモンズ 表示,dff3e41a-b755-47a0-9a49-2a348f4ed148,03_土地利用.zip,ZIP,70134832,土地利用,archive,strict,https://www.geospatial.jp/ckan/dataset/45634a6e-4a7a-4ffc-8d34-25c924116556/resource/dff3e41a-b755-47a0-9a49-2a348f4ed148/download/03_.zip
geospatial-jp,G空間情報センター,静岡県,tosikeikaku202306nagaizumi,静岡県都市計画基礎調査（長泉町）,https://www.geospatial.jp/ckan/dataset/tosikeikaku202306nagaizumi,クリエイティブ・コモンズ 表示,4d17ef11-006f-478c-a771-485b4b42e646,05_都市施設.zip,ZIP,15488625,都市施設,archive,strict,https://www.geospatial.jp/ckan/dataset/45634a6e-4a7a-4ffc-8d34-25c924116556/resource/4d17ef11-006f-478c-a771-485b4b42e646/download/05_.zip
geospatial-jp,G空間情報センター,静岡県,tosikeikaku202306nagaizumi,静岡県都市計画基礎調査（長泉町）,https://www.geospatial.jp/ckan/dataset/tosikeikaku202306nagaizumi,クリエイティブ・コモンズ 表示,76d619fc-11bb-4e07-be64-f6a97b78cd74,06_地価.zip,ZIP,14421803,地価,archive,strict,https://www.geospatial.jp/ckan/dataset/45634a6e-4a7a-4ffc-8d34-25c924116556/resource/76d619fc-11bb-4e07-be64-f6a97b78cd74/download/06_.zip
geospatial-jp,G空間情報センター,静岡県,tosikeikaku202306nagaizumi,静岡県都市計画基礎調査（長泉町）,https://www.geospatial.jp/ckan/dataset/tosikeikaku202306nagaizumi,クリエイティブ・コモンズ 表示,272e4203-64c0-4eba-ab2c-7725d689c315,07_自然環境.zip,ZIP,8342190,自然環境,archive,strict,https://www.geospatial.jp/ckan/dataset/45634a6e-4a7a-4ffc-8d34-25c924116556/resource/272e4203-64c0-4eba-ab2c-7725d689c315/download/07_.zip
geospatial-jp,G空間情報センター,静岡県,tosikeikaku202306nagaizumi,静岡県都市計画基礎調査（長泉町）,https://www.geospatial.jp/ckan/dataset/tosikeikaku202306nagaizumi,クリエイティブ・コモンズ 表示,2781f93e-eb5b-4b52-ba71-6d5178825348,08_公害および災害.zip,ZIP,18392635,災害,archive,strict,https://www.geospatial.jp/ckan/dataset/45634a6e-4a7a-4ffc-8d34-25c924116556/resource/2781f93e-eb5b-4b52-ba71-6d5178825348/download/08_.zip
geospatial-jp,G空間情報センター,静岡県,tosikeikaku202306nagaizumi,静岡県都市計画基礎調査（長泉町）,https://www.geospatial.jp/ckan/dataset/tosikeikaku202306nagaizumi,クリエイティブ・コモンズ 表示,e39732e8-4afe-4ad1-9909-b74750abfa7e,09_観光・景観・歴史.zip,ZIP,16835274,景観,archive,strict,https://www.geospatial.jp/ckan/dataset/45634a6e-4a7a-4ffc-8d34-25c924116556/resource/e39732e8-4afe-4ad1-9909-b74750abfa7e/download/09_.zip
geospatial-jp,G空間情報センター,静岡県,tosikeikaku202306kawazu,静岡県都市計画基礎調査（河津町）,https://www.geospatial.jp/ckan/dataset/tosikeikaku202306kawazu,クリエイティブ・コモンズ 表示,7b643a40-b2ec-4859-8522-6440c0c045e7,00_共通.zip,ZIP,148219584,,archive,strict,https://www.geospatial.jp/ckan/dataset/f37ab17e-bb1e-43f1-b393-e86a880411e8/resource/7b643a40-b2ec-4859-8522-6440c0c045e7/download/00_.zip
geospatial-jp,G空間情報センター,静岡県,tosikeikaku202306kawazu,静岡県都市計画基礎調査（河津町）,https://www.geospatial.jp/ckan/dataset/tosikeikaku202306kawazu,クリエイティブ・コモンズ 表示,492bcccb-9204-41f7-9917-311849058033,01_人口.zip,ZIP,46978750,人口,archive,strict,https://www.geospatial.jp/ckan/dataset/f37ab17e-bb1e-43f1-b393-e86a880411e8/resource/492bcccb-9204-41f7-9917-311849058033/download/01_.zip
geospatial-jp,G空間情報センター,静岡県,tosikeikaku202306kawazu,静岡県都市計画基礎調査（河津町）,https://www.geospatial.jp/ckan/dataset/tosikeikaku202306kawazu,クリエイティブ・コモンズ 表示,9d2a6976-84f5-4743-8e7b-87d5af5a9107,02_産業.zip,ZIP,4431260,産業,archive,strict,https://www.geospatial.jp/ckan/dataset/f37ab17e-bb1e-43f1-b393-e86a880411e8/resource/9d2a6976-84f5-4743-8e7b-87d5af5a9107/download/02_.zip
geospatial-jp,G空間情報センター,静岡県,tosikeikaku202306kawazu,静岡県都市計画基礎調査（河津町）,https://www.geospatial.jp/ckan/dataset/tosikeikaku202306kawazu,クリエイティブ・コモンズ 表示,74a9f769-7c68-4a88-bec9-5126b3822e91,03_土地利用.zip,ZIP,88620408,土地利用,archive,strict,https://www.geospatial.jp/ckan/dataset/f37ab17e-bb1e-43f1-b393-e86a880411e8/resource/74a9f769-7c68-4a88-bec9-5126b3822e91/download/03_.zip
geospatial-jp,G空間情報センター,静岡県,tosikeikaku202306kawazu,静岡県都市計画基礎調査（河津町）,https://www.geospatial.jp/ckan/dataset/tosikeikaku202306kawazu,クリエイティブ・コモンズ 表示,c8eb6280-61e6-4385-9c80-599f32e7c8ba,06_地価.zip,ZIP,4471469,地価,archive,strict,https://www.geospatial.jp/ckan/dataset/f37ab17e-bb1e-43f1-b393-e86a880411e8/resource/c8eb6280-61e6-4385-9c80-599f32e7c8ba/download/06_.zip
geospatial-jp,G空間情報センター,静岡県,tosikeikaku202306kawazu,静岡県都市計画基礎調査（河津町）,https://www.geospatial.jp/ckan/dataset/tosikeikaku202306kawazu,クリエイティブ・コモンズ 表示,c3bde012-fbcc-4af3-927d-b417a206fd7c,07_自然環境.zip,ZIP,9732189,自然環境,archive,strict,https://www.geospatial.jp/ckan/dataset/f37ab17e-bb1e-43f1-b393-e86a880411e8/resource/c3bde012-fbcc-4af3-927d-b417a206fd7c/download/07_.zip
geospatial-jp,G空間情報センター,静岡県,tosikeikaku202306kawazu,静岡県都市計画基礎調査（河津町）,https://www.geospatial.jp/ckan/dataset/tosikeikaku202306kawazu,クリエイティブ・コモンズ 表示,fb6446e8-5b08-47c3-bc1f-ac49fb65276a,08_公害および災害.zip,ZIP,8677952,災害,archive,strict,https://www.geospatial.jp/ckan/dataset/f37ab17e-bb1e-43f1-b393-e86a880411e8/resource/fb6446e8-5b08-47c3-bc1f-ac49fb65276a/download/08_.zip
geospatial-jp,G空間情報センター,静岡県,tosikeikaku202306kawazu,静岡県都市計画基礎調査（河津町）,https://www.geospatial.jp/ckan/dataset/tosikeikaku202306kawazu,クリエイティブ・コモンズ 表示,796725c3-f609-4ad3-8ed3-d6f6c03bdd2e,09_観光・景観・歴史.xls,XLSX,20731,景観,tabular,strict,https://www.geospatial.jp/ckan/dataset/f37ab17e-bb1e-43f1-b393-e86a880411e8/resource/796725c3-f609-4ad3-8ed3-d6f6c03bdd2e/download/302__9310_-3.xlsx
geospatial-jp,G空間情報センター,静岡県,tosikeikaku202306shimoda,静岡県都市計画基礎調査（下田市）,https://www.geospatial.jp/ckan/dataset/tosikeikaku202306shimoda,クリエイティブ・コモンズ 表示,4c73aa75-a551-4efa-9850-ad27844f0b71,00_共通.zip,ZIP,123770351,,archive,strict,https://www.geospatial.jp/ckan/dataset/e076cfcd-6251-4e3e-b1c7-eee457d4993a/resource/4c73aa75-a551-4efa-9850-ad27844f0b71/download/00_.zip
geospatial-jp,G空間情報センター,静岡県,tosikeikaku202306shimoda,静岡県都市計画基礎調査（下田市）,https://www.geospatial.jp/ckan/dataset/tosikeikaku202306shimoda,クリエイティブ・コモンズ 表示,811d0ead-2048-4a7b-a3ab-e97bae20a9f5,01_人口.zip,ZIP,186989882,人口,archive,strict,https://www.geospatial.jp/ckan/dataset/e076cfcd-6251-4e3e-b1c7-eee457d4993a/resource/811d0ead-2048-4a7b-a3ab-e97bae20a9f5/download/01_.zip
geospatial-jp,G空間情報センター,静岡県,tosikeikaku202306shimoda,静岡県都市計画基礎調査（下田市）,https://www.geospatial.jp/ckan/dataset/tosikeikaku202306shimoda,クリエイティブ・コモンズ 表示,0193f09d-ea49-4ca0-bae3-5d80cf2c1dce,02_産業.zip,ZIP,8517695,産業,archive,strict,https://www.geospatial.jp/ckan/dataset/e076cfcd-6251-4e3e-b1c7-eee457d4993a/resource/0193f09d-ea49-4ca0-bae3-5d80cf2c1dce/download/02_.zip
geospatial-jp,G空間情報センター,静岡県,tosikeikaku202306shimoda,静岡県都市計画基礎調査（下田市）,https://www.geospatial.jp/ckan/dataset/tosikeikaku202306shimoda,クリエイティブ・コモンズ 表示,dff10ecd-d489-452f-bb71-e162444aeaed,03_土地利用.zip,ZIP,121685210,土地利用,archive,strict,https://www.geospatial.jp/ckan/dataset/e076cfcd-6251-4e3e-b1c7-eee457d4993a/resource/dff10ecd-d489-452f-bb71-e162444aeaed/download/03_.zip
geospatial-jp,G空間情報センター,静岡県,tosikeikaku202306shimoda,静岡県都市計画基礎調査（下田市）,https://www.geospatial.jp/ckan/dataset/tosikeikaku202306shimoda,クリエイティブ・コモンズ 表示,037001e1-7614-4e16-bcce-49d9e832e09f,05_都市施設.zip,ZIP,32846353,都市施設,archive,strict,https://www.geospatial.jp/ckan/dataset/e076cfcd-6251-4e3e-b1c7-eee457d4993a/resource/037001e1-7614-4e16-bcce-49d9e832e09f/download/05_.zip
geospatial-jp,G空間情報センター,静岡県,tosikeikaku202306shimoda,静岡県都市計画基礎調査（下田市）,https://www.geospatial.jp/ckan/dataset/tosikeikaku202306shimoda,クリエイティブ・コモンズ 表示,01a5df45-c2fe-41f5-8e80-f509f073898e,06_地価.zip,ZIP,8414825,地価,archive,strict,https://www.geospatial.jp/ckan/dataset/e076cfcd-6251-4e3e-b1c7-eee457d4993a/resource/01a5df45-c2fe-41f5-8e80-f509f073898e/download/06_.zip
geospatial-jp,G空間情報センター,静岡県,tosikeikaku202306shimoda,静岡県都市計画基礎調査（下田市）,https://www.geospatial.jp/ckan/dataset/tosikeikaku202306shimoda,クリエイティブ・コモンズ 表示,c8c13603-8933-4105-bfbb-a5b7ef3681f6,07_自然環境.zip,ZIP,17654841,自然環境,archive,strict,https://www.geospatial.jp/ckan/dataset/e076cfcd-6251-4e3e-b1c7-eee457d4993a/resource/c8c13603-8933-4105-bfbb-a5b7ef3681f6/download/07_.zip
geospatial-jp,G空間情報センター,静岡県,tosikeikaku202306shimoda,静岡県都市計画基礎調査（下田市）,https://www.geospatial.jp/ckan/dataset/tosikeikaku202306shimoda,クリエイティブ・コモンズ 表示,23121a9b-b3e5-457f-96f4-c45e93627d3d,08_公害および災害.zip,ZIP,8385417,災害,archive,strict,https://www.geospatial.jp/ckan/dataset/e076cfcd-6251-4e3e-b1c7-eee457d4993a/resource/23121a9b-b3e5-457f-96f4-c45e93627d3d/download/08_.zip
geospatial-jp,G空間情報センター,静岡県,tosikeikaku202306shimoda,静岡県都市計画基礎調査（下田市）,https://www.geospatial.jp/ckan/dataset/tosikeikaku202306shimoda,クリエイティブ・コモンズ 表示,3b6957b6-7a83-4e60-bccf-73aaa2d9e6b9,09_観光・景観・歴史.xls,XLSX,20526,景観,tabular,strict,https://www.geospatial.jp/ckan/dataset/e076cfcd-6251-4e3e-b1c7-eee457d4993a/resource/3b6957b6-7a83-4e60-bccf-73aaa2d9e6b9/download/219__9310_.xlsx
geospatial-jp,G空間情報センター,静岡県,tosikeikaku202306makinohara,静岡県都市計画基礎調査（牧之原市）,https://www.geospatial.jp/ckan/dataset/tosikeikaku202306makinohara,クリエイティブ・コモンズ 表示,9baa7fac-521b-40c0-8ae2-ec57db24b8ac,00_区域界.zip,ZIP,149787,,archive,strict,https://www.geospatial.jp/ckan/dataset/3ee1a3d2-cd4f-4664-87b2-1783cd1cf093/resource/9baa7fac-521b-40c0-8ae2-ec57db24b8ac/download/00_.zip
geospatial-jp,G空間情報センター,静岡県,tosikeikaku202306makinohara,静岡県都市計画基礎調査（牧之原市）,https://www.geospatial.jp/ckan/dataset/tosikeikaku202306makinohara,クリエイティブ・コモンズ 表示,61941f3f-2d5a-42b3-ac66-e2e7f78d87d5,01_人口.zip,ZIP,106612613,人口,archive,strict,https://www.geospatial.jp/ckan/dataset/3ee1a3d2-cd4f-4664-87b2-1783cd1cf093/resource/61941f3f-2d5a-42b3-ac66-e2e7f78d87d5/download/01_.zip
geospatial-jp,G空間情報センター,静岡県,tosikeikaku202306makinohara,静岡県都市計画基礎調査（牧之原市）,https://www.geospatial.jp/ckan/dataset/tosikeikaku202306makinohara,クリエイティブ・コモンズ 表示,b29f6ff3-2800-43a7-a8b3-120b939d3670,02_産業.zip,ZIP,7373591,産業,archive,strict,https://www.geospatial.jp/ckan/dataset/3ee1a3d2-cd4f-4664-87b2-1783cd1cf093/resource/b29f6ff3-2800-43a7-a8b3-120b939d3670/download/02_.zip
geospatial-jp,G空間情報センター,静岡県,tosikeikaku202306makinohara,静岡県都市計画基礎調査（牧之原市）,https://www.geospatial.jp/ckan/dataset/tosikeikaku202306makinohara,クリエイティブ・コモンズ 表示,1a492315-7383-429e-a47c-18b4e39ba111,03_土地利用.zip,ZIP,313239267,土地利用,archive,strict,https://www.geospatial.jp/ckan/dataset/3ee1a3d2-cd4f-4664-87b2-1783cd1cf093/resource/1a492315-7383-429e-a47c-18b4e39ba111/download/03_.zip
geospatial-jp,G空間情報センター,静岡県,tosikeikaku202306makinohara,静岡県都市計画基礎調査（牧之原市）,https://www.geospatial.jp/ckan/dataset/tosikeikaku202306makinohara,クリエイティブ・コモンズ 表示,b81fbad8-23d5-428a-8e72-891517f0e44a,05_都市施設.zip,ZIP,6140751,都市施設,archive,strict,https://www.geospatial.jp/ckan/dataset/3ee1a3d2-cd4f-4664-87b2-1783cd1cf093/resource/b81fbad8-23d5-428a-8e72-891517f0e44a/download/05_.zip
geospatial-jp,G空間情報センター,静岡県,tosikeikaku202306makinohara,静岡県都市計画基礎調査（牧之原市）,https://www.geospatial.jp/ckan/dataset/tosikeikaku202306makinohara,クリエイティブ・コモンズ 表示,55ecec30-9228-4f14-8c8f-cd1f549d0431,06_地価.zip,ZIP,31060187,地価,archive,strict,https://www.geospatial.jp/ckan/dataset/3ee1a3d2-cd4f-4664-87b2-1783cd1cf093/resource/55ecec30-9228-4f14-8c8f-cd1f549d0431/download/06_.zip
geospatial-jp,G空間情報センター,静岡県,tosikeikaku202306makinohara,静岡県都市計画基礎調査（牧之原市）,https://www.geospatial.jp/ckan/dataset/tosikeikaku202306makinohara,クリエイティブ・コモンズ 表示,02f0cd56-9efc-44d3-b780-f5359894e94d,07_自然環境.zip,ZIP,19299140,自然環境,archive,strict,https://www.geospatial.jp/ckan/dataset/3ee1a3d2-cd4f-4664-87b2-1783cd1cf093/resource/02f0cd56-9efc-44d3-b780-f5359894e94d/download/07_.zip
geospatial-jp,G空間情報センター,静岡県,tosikeikaku202306makinohara,静岡県都市計画基礎調査（牧之原市）,https://www.geospatial.jp/ckan/dataset/tosikeikaku202306makinohara,クリエイティブ・コモンズ 表示,dad30273-585c-415a-b8e9-db72f0c51684,08_公害および災害.zip,ZIP,12271484,災害,archive,strict,https://www.geospatial.jp/ckan/dataset/3ee1a3d2-cd4f-4664-87b2-1783cd1cf093/resource/dad30273-585c-415a-b8e9-db72f0c51684/download/08_.zip
geospatial-jp,G空間情報センター,静岡県,tosikeikaku202306makinohara,静岡県都市計画基礎調査（牧之原市）,https://www.geospatial.jp/ckan/dataset/tosikeikaku202306makinohara,クリエイティブ・コモンズ 表示,41b3f3a5-4a66-4c45-92f8-936b2c1e1c43,09_観光・景観・歴史.xls,XLS,68608,景観,tabular,strict,https://www.geospatial.jp/ckan/dataset/3ee1a3d2-cd4f-4664-87b2-1783cd1cf093/resource/41b3f3a5-4a66-4c45-92f8-936b2c1e1c43/download/226__9310_.xls
geospatial-jp,G空間情報センター,静岡県,tosikeikaku202306makinohara,静岡県都市計画基礎調査（牧之原市）,https://www.geospatial.jp/ckan/dataset/tosikeikaku202306makinohara,クリエイティブ・コモンズ 表示,0589022e-74e5-4558-883e-4110af5e0290,定義書.zip,,1191186,,other,strict,https://www.geospatial.jp/ckan/dataset/3ee1a3d2-cd4f-4664-87b2-1783cd1cf093/resource/0589022e-74e5-4558-883e-4110af5e0290/download/.zip
geospatial-jp,G空間情報センター,静岡県,tosikeikaku202306itou,静岡県都市計画基礎調査（伊東市）,https://www.geospatial.jp/ckan/dataset/tosikeikaku202306itou,クリエイティブ・コモンズ 表示,500f7caf-970e-4ea7-86bb-9558fc6630f6,00_共通.zip,ZIP,682156,,archive,strict,https://www.geospatial.jp/ckan/dataset/4c319d46-177a-4c86-92c2-9307195b0af8/resource/500f7caf-970e-4ea7-86bb-9558fc6630f6/download/00_.zip
geospatial-jp,G空間情報センター,静岡県,tosikeikaku202306itou,静岡県都市計画基礎調査（伊東市）,https://www.geospatial.jp/ckan/dataset/tosikeikaku202306itou,クリエイティブ・コモンズ 表示,a6ad57a9-50f0-432a-bb0d-aa244a623149,01_人口.zip,ZIP,42174133,人口,archive,strict,https://www.geospatial.jp/ckan/dataset/4c319d46-177a-4c86-92c2-9307195b0af8/resource/a6ad57a9-50f0-432a-bb0d-aa244a623149/download/01_.zip
geospatial-jp,G空間情報センター,静岡県,tosikeikaku202306itou,静岡県都市計画基礎調査（伊東市）,https://www.geospatial.jp/ckan/dataset/tosikeikaku202306itou,クリエイティブ・コモンズ 表示,43dd0691-0c4b-4255-b48d-8a9bce1d60a1,02_産業.zip,ZIP,11132273,産業,archive,strict,https://www.geospatial.jp/ckan/dataset/4c319d46-177a-4c86-92c2-9307195b0af8/resource/43dd0691-0c4b-4255-b48d-8a9bce1d60a1/download/02_.zip
geospatial-jp,G空間情報センター,静岡県,tosikeikaku202306itou,静岡県都市計画基礎調査（伊東市）,https://www.geospatial.jp/ckan/dataset/tosikeikaku202306itou,クリエイティブ・コモンズ 表示,d57b054b-dd82-41ff-94ed-45b663c355de,03_土地利用.zip,ZIP,196219615,土地利用,archive,strict,https://www.geospatial.jp/ckan/dataset/4c319d46-177a-4c86-92c2-9307195b0af8/resource/d57b054b-dd82-41ff-94ed-45b663c355de/download/03_.zip
geospatial-jp,G空間情報センター,静岡県,tosikeikaku202306itou,静岡県都市計画基礎調査（伊東市）,https://www.geospatial.jp/ckan/dataset/tosikeikaku202306itou,クリエイティブ・コモンズ 表示,3f31244d-5680-42f6-8da9-e552fe097fb4,05_都市施設.zip,ZIP,13462978,都市施設,archive,strict,https://www.geospatial.jp/ckan/dataset/4c319d46-177a-4c86-92c2-9307195b0af8/resource/3f31244d-5680-42f6-8da9-e552fe097fb4/download/05_.zip
geospatial-jp,G空間情報センター,静岡県,tosikeikaku202306itou,静岡県都市計画基礎調査（伊東市）,https://www.geospatial.jp/ckan/dataset/tosikeikaku202306itou,クリエイティブ・コモンズ 表示,c1c47c36-3454-40fd-bd96-cf463105af25,06_地価.zip,ZIP,5317579,地価,archive,strict,https://www.geospatial.jp/ckan/dataset/4c319d46-177a-4c86-92c2-9307195b0af8/resource/c1c47c36-3454-40fd-bd96-cf463105af25/download/06_.zip
geospatial-jp,G空間情報センター,静岡県,tosikeikaku202306itou,静岡県都市計画基礎調査（伊東市）,https://www.geospatial.jp/ckan/dataset/tosikeikaku202306itou,クリエイティブ・コモンズ 表示,18ac2a40-0c6d-49d8-bbb7-1a2258b3a03c,07_自然環境.zip,ZIP,8388265,自然環境,archive,strict,https://www.geospatial.jp/ckan/dataset/4c319d46-177a-4c86-92c2-9307195b0af8/resource/18ac2a40-0c6d-49d8-bbb7-1a2258b3a03c/download/07_.zip
geospatial-jp,G空間情報センター,静岡県,tosikeikaku202306itou,静岡県都市計画基礎調査（伊東市）,https://www.geospatial.jp/ckan/dataset/tosikeikaku202306itou,クリエイティブ・コモンズ 表示,26c827b8-66bd-43f1-a502-307a6929570d,08_公害および災害.zip,ZIP,5760170,災害,archive,strict,https://www.geospatial.jp/ckan/dataset/4c319d46-177a-4c86-92c2-9307195b0af8/resource/26c827b8-66bd-43f1-a502-307a6929570d/download/08_.zip
geospatial-jp,G空間情報センター,静岡県,tosikeikaku202306itou,静岡県都市計画基礎調査（伊東市）,https://www.geospatial.jp/ckan/dataset/tosikeikaku202306itou,クリエイティブ・コモンズ 表示,376ecae5-bdbe-4902-b0d7-e3e6095de65f,09_観光・景観・歴史.xls,XLSX,23205,景観,tabular,strict,https://www.geospatial.jp/ckan/dataset/4c319d46-177a-4c86-92c2-9307195b0af8/resource/376ecae5-bdbe-4902-b0d7-e3e6095de65f/download/208__9310_.xlsx
geospatial-jp,G空間情報センター,静岡県,tosikeikaku202306itou,静岡県都市計画基礎調査（伊東市）,https://www.geospatial.jp/ckan/dataset/tosikeikaku202306itou,クリエイティブ・コモンズ 表示,e2e3c395-c8d8-4328-9f6a-5d8c6ec64e23,定義書.zip,,1320219,,other,strict,https://www.geospatial.jp/ckan/dataset/4c319d46-177a-4c86-92c2-9307195b0af8/resource/e2e3c395-c8d8-4328-9f6a-5d8c6ec64e23/download/.zip
geospatial-jp,G空間情報センター,静岡県,tosikeikaku202306izu,静岡県都市計画基礎調査（伊豆市）,https://www.geospatial.jp/ckan/dataset/tosikeikaku202306izu,クリエイティブ・コモンズ 表示,3e01f118-a394-4906-b2b4-e221fc1fd04f,00_共通.zip,ZIP,2092636,,archive,strict,https://www.geospatial.jp/ckan/dataset/a7482422-97d8-4b9e-8562-ff5bb65dd226/resource/3e01f118-a394-4906-b2b4-e221fc1fd04f/download/00_.zip
geospatial-jp,G空間情報センター,静岡県,tosikeikaku202306izu,静岡県都市計画基礎調査（伊豆市）,https://www.geospatial.jp/ckan/dataset/tosikeikaku202306izu,クリエイティブ・コモンズ 表示,59d8bfd6-51cc-4ad8-ac49-44da932f4616,01_人口.zip,ZIP,213185640,人口,archive,strict,https://www.geospatial.jp/ckan/dataset/a7482422-97d8-4b9e-8562-ff5bb65dd226/resource/59d8bfd6-51cc-4ad8-ac49-44da932f4616/download/01_.zip
geospatial-jp,G空間情報センター,静岡県,tosikeikaku202306izu,静岡県都市計画基礎調査（伊豆市）,https://www.geospatial.jp/ckan/dataset/tosikeikaku202306izu,クリエイティブ・コモンズ 表示,d81745b9-37e1-4969-9c93-9f3314b2daf5,02_産業.zip,ZIP,28034935,産業,archive,strict,https://www.geospatial.jp/ckan/dataset/a7482422-97d8-4b9e-8562-ff5bb65dd226/resource/d81745b9-37e1-4969-9c93-9f3314b2daf5/download/02_.zip
geospatial-jp,G空間情報センター,静岡県,tosikeikaku202306izu,静岡県都市計画基礎調査（伊豆市）,https://www.geospatial.jp/ckan/dataset/tosikeikaku202306izu,クリエイティブ・コモンズ 表示,abc7cf85-362d-46a2-80aa-868f98e73ac0,03_土地利用.zip,ZIP,433777008,土地利用,archive,strict,https://www.geospatial.jp/ckan/dataset/a7482422-97d8-4b9e-8562-ff5bb65dd226/resource/abc7cf85-362d-46a2-80aa-868f98e73ac0/download/03_.zip
geospatial-jp,G空間情報センター,静岡県,tosikeikaku202306izu,静岡県都市計画基礎調査（伊豆市）,https://www.geospatial.jp/ckan/dataset/tosikeikaku202306izu,クリエイティブ・コモンズ 表示,1267e82e-a85d-48cf-925a-c7a3a72f1e8d,05_都市施設.zip,ZIP,37650494,都市施設,archive,strict,https://www.geospatial.jp/ckan/dataset/a7482422-97d8-4b9e-8562-ff5bb65dd226/resource/1267e82e-a85d-48cf-925a-c7a3a72f1e8d/download/05_.zip
geospatial-jp,G空間情報センター,静岡県,tosikeikaku202306izu,静岡県都市計画基礎調査（伊豆市）,https://www.geospatial.jp/ckan/dataset/tosikeikaku202306izu,クリエイティブ・コモンズ 表示,64087051-4c12-4215-940c-8bb29a6dbe35,06_地価.zip,ZIP,25525912,地価,archive,strict,https://www.geospatial.jp/ckan/dataset/a7482422-97d8-4b9e-8562-ff5bb65dd226/resource/64087051-4c12-4215-940c-8bb29a6dbe35/download/06_.zip
geospatial-jp,G空間情報センター,静岡県,tosikeikaku202306izu,静岡県都市計画基礎調査（伊豆市）,https://www.geospatial.jp/ckan/dataset/tosikeikaku202306izu,クリエイティブ・コモンズ 表示,3b858de1-dab7-4504-96df-876c95a29728,07_自然環境.zip,ZIP,29898623,自然環境,archive,strict,https://www.geospatial.jp/ckan/dataset/a7482422-97d8-4b9e-8562-ff5bb65dd226/resource/3b858de1-dab7-4504-96df-876c95a29728/download/07_.zip
geospatial-jp,G空間情報センター,静岡県,tosikeikaku202306izu,静岡県都市計画基礎調査（伊豆市）,https://www.geospatial.jp/ckan/dataset/tosikeikaku202306izu,クリエイティブ・コモンズ 表示,10789ea5-9b18-4a14-a8f7-44232377a80a,08_公害および災害.zip,ZIP,51227700,災害,archive,strict,https://www.geospatial.jp/ckan/dataset/a7482422-97d8-4b9e-8562-ff5bb65dd226/resource/10789ea5-9b18-4a14-a8f7-44232377a80a/download/08_.zip
geospatial-jp,G空間情報センター,静岡県,tosikeikaku202306izu,静岡県都市計画基礎調査（伊豆市）,https://www.geospatial.jp/ckan/dataset/tosikeikaku202306izu,クリエイティブ・コモンズ 表示,ac6f9a5e-d01b-4062-a77a-93defcabb0c2,09_観光・景観・歴史.xls,XLS,86016,景観,tabular,strict,https://www.geospatial.jp/ckan/dataset/a7482422-97d8-4b9e-8562-ff5bb65dd226/resource/ac6f9a5e-d01b-4062-a77a-93defcabb0c2/download/222__09__h27.xls
geospatial-jp,G空間情報センター,静岡県,tosikeikaku202306atami,静岡県都市計画基礎調査（熱海市）,https://www.geospatial.jp/ckan/dataset/tosikeikaku202306atami,クリエイティブ・コモンズ 表示,8ea0d055-96a7-4a3f-a301-9ef3ba76c263,00_共通.zip,ZIP,567552,,archive,strict,https://www.geospatial.jp/ckan/dataset/91fa39a7-86ca-496f-b725-a62761aed157/resource/8ea0d055-96a7-4a3f-a301-9ef3ba76c263/download/00_.zip
geospatial-jp,G空間情報センター,静岡県,tosikeikaku202306atami,静岡県都市計画基礎調査（熱海市）,https://www.geospatial.jp/ckan/dataset/tosikeikaku202306atami,クリエイティブ・コモンズ 表示,a35518ac-60e8-4b76-ae85-387dff59fbf9,01_人口.zip,ZIP,40836801,人口,archive,strict,https://www.geospatial.jp/ckan/dataset/91fa39a7-86ca-496f-b725-a62761aed157/resource/a35518ac-60e8-4b76-ae85-387dff59fbf9/download/01_.zip
geospatial-jp,G空間情報センター,静岡県,tosikeikaku202306atami,静岡県都市計画基礎調査（熱海市）,https://www.geospatial.jp/ckan/dataset/tosikeikaku202306atami,クリエイティブ・コモンズ 表示,cc2883cb-ebef-4823-bfec-a1067d497922,02_産業.zip,ZIP,15535535,産業,archive,strict,https://www.geospatial.jp/ckan/dataset/91fa39a7-86ca-496f-b725-a62761aed157/resource/cc2883cb-ebef-4823-bfec-a1067d497922/download/02_.zip
geospatial-jp,G空間情報センター,静岡県,tosikeikaku202306atami,静岡県都市計画基礎調査（熱海市）,https://www.geospatial.jp/ckan/dataset/tosikeikaku202306atami,クリエイティブ・コモンズ 表示,affeeea7-9663-49f8-9118-d215445fca18,03_土地利用.zip,ZIP,132066158,土地利用,archive,strict,https://www.geospatial.jp/ckan/dataset/91fa39a7-86ca-496f-b725-a62761aed157/resource/affeeea7-9663-49f8-9118-d215445fca18/download/03_.zip
geospatial-jp,G空間情報センター,静岡県,tosikeikaku202306atami,静岡県都市計画基礎調査（熱海市）,https://www.geospatial.jp/ckan/dataset/tosikeikaku202306atami,クリエイティブ・コモンズ 表示,1f8ab4a8-01cb-40fe-aea0-f79097551eaf,05_都市施設.zip,ZIP,22637146,都市施設,archive,strict,https://www.geospatial.jp/ckan/dataset/91fa39a7-86ca-496f-b725-a62761aed157/resource/1f8ab4a8-01cb-40fe-aea0-f79097551eaf/download/05_.zip
geospatial-jp,G空間情報センター,静岡県,tosikeikaku202306atami,静岡県都市計画基礎調査（熱海市）,https://www.geospatial.jp/ckan/dataset/tosikeikaku202306atami,クリエイティブ・コモンズ 表示,7b4c7413-08a9-4261-9872-3ce8490fc252,06_地価.zip,ZIP,7518389,地価,archive,strict,https://www.geospatial.jp/ckan/dataset/91fa39a7-86ca-496f-b725-a62761aed157/resource/7b4c7413-08a9-4261-9872-3ce8490fc252/download/06_.zip
geospatial-jp,G空間情報センター,静岡県,tosikeikaku202306atami,静岡県都市計画基礎調査（熱海市）,https://www.geospatial.jp/ckan/dataset/tosikeikaku202306atami,クリエイティブ・コモンズ 表示,ebbbf76f-b9ea-41d4-98be-c1d69f4d40ad,07_自然環境.zip,ZIP,15960139,自然環境,archive,strict,https://www.geospatial.jp/ckan/dataset/91fa39a7-86ca-496f-b725-a62761aed157/resource/ebbbf76f-b9ea-41d4-98be-c1d69f4d40ad/download/07_.zip
geospatial-jp,G空間情報センター,静岡県,tosikeikaku202306atami,静岡県都市計画基礎調査（熱海市）,https://www.geospatial.jp/ckan/dataset/tosikeikaku202306atami,クリエイティブ・コモンズ 表示,571b2a8b-763a-4873-b569-bec9be3c0eaa,08_公害および災害.zip,ZIP,15109582,災害,archive,strict,https://www.geospatial.jp/ckan/dataset/91fa39a7-86ca-496f-b725-a62761aed157/resource/571b2a8b-763a-4873-b569-bec9be3c0eaa/download/08_.zip
geospatial-jp,G空間情報センター,静岡県,tosikeikaku202306atami,静岡県都市計画基礎調査（熱海市）,https://www.geospatial.jp/ckan/dataset/tosikeikaku202306atami,クリエイティブ・コモンズ 表示,02a7faac-d692-4a62-9f35-bbba95a8acaf,09_観光・景観・歴史.xls,XLSX,44027,景観,tabular,strict,https://www.geospatial.jp/ckan/dataset/91fa39a7-86ca-496f-b725-a62761aed157/resource/02a7faac-d692-4a62-9f35-bbba95a8acaf/download/205__9310_.xlsx
geospatial-jp,G空間情報センター,静岡県,tosikeikaku202306shimada,静岡県都市計画基礎調査（島田市）,https://www.geospatial.jp/ckan/dataset/tosikeikaku202306shimada,クリエイティブ・コモンズ 表示,7084bd7f-8bed-4f8c-b602-7fd7c1b456c7,00_区域界.zip,ZIP,151654,,archive,strict,https://www.geospatial.jp/ckan/dataset/e129eeef-7f57-4d3d-8888-03278337a7e1/resource/7084bd7f-8bed-4f8c-b602-7fd7c1b456c7/download/00_.zip
geospatial-jp,G空間情報センター,静岡県,tosikeikaku202306shimada,静岡県都市計画基礎調査（島田市）,https://www.geospatial.jp/ckan/dataset/tosikeikaku202306shimada,クリエイティブ・コモンズ 表示,3633a221-b72d-4abb-b7a6-053b222f3003,01_人口.zip,ZIP,358909254,人口,archive,strict,https://www.geospatial.jp/ckan/dataset/e129eeef-7f57-4d3d-8888-03278337a7e1/resource/3633a221-b72d-4abb-b7a6-053b222f3003/download/01_.zip
geospatial-jp,G空間情報センター,静岡県,tosikeikaku202306shimada,静岡県都市計画基礎調査（島田市）,https://www.geospatial.jp/ckan/dataset/tosikeikaku202306shimada,クリエイティブ・コモンズ 表示,92a9c2db-a275-4c9b-a5d1-a251764a2037,02_産業.zip,ZIP,19250839,産業,archive,strict,https://www.geospatial.jp/ckan/dataset/e129eeef-7f57-4d3d-8888-03278337a7e1/resource/92a9c2db-a275-4c9b-a5d1-a251764a2037/download/02_.zip
geospatial-jp,G空間情報センター,静岡県,tosikeikaku202306shimada,静岡県都市計画基礎調査（島田市）,https://www.geospatial.jp/ckan/dataset/tosikeikaku202306shimada,クリエイティブ・コモンズ 表示,fbce8485-719b-416b-8188-8bebbed6dbdf,03_土地利用.zip,ZIP,782388873,土地利用,archive,strict,https://www.geospatial.jp/ckan/dataset/e129eeef-7f57-4d3d-8888-03278337a7e1/resource/fbce8485-719b-416b-8188-8bebbed6dbdf/download/03_.zip
geospatial-jp,G空間情報センター,静岡県,tosikeikaku202306shimada,静岡県都市計画基礎調査（島田市）,https://www.geospatial.jp/ckan/dataset/tosikeikaku202306shimada,クリエイティブ・コモンズ 表示,89a6c070-a71b-4b74-8a0b-b0fb57594c1e,05_都市施設.zip,ZIP,158691445,都市施設,archive,strict,https://www.geospatial.jp/ckan/dataset/e129eeef-7f57-4d3d-8888-03278337a7e1/resource/89a6c070-a71b-4b74-8a0b-b0fb57594c1e/download/05_.zip
geospatial-jp,G空間情報センター,静岡県,tosikeikaku202306shimada,静岡県都市計画基礎調査（島田市）,https://www.geospatial.jp/ckan/dataset/tosikeikaku202306shimada,クリエイティブ・コモンズ 表示,6a8cbd73-beb4-482f-ab67-1b158a3b94d4,06_地価.zip,ZIP,39786328,地価,archive,strict,https://www.geospatial.jp/ckan/dataset/e129eeef-7f57-4d3d-8888-03278337a7e1/resource/6a8cbd73-beb4-482f-ab67-1b158a3b94d4/download/06_.zip
geospatial-jp,G空間情報センター,静岡県,tosikeikaku202306shimada,静岡県都市計画基礎調査（島田市）,https://www.geospatial.jp/ckan/dataset/tosikeikaku202306shimada,クリエイティブ・コモンズ 表示,93ffef46-8c44-4aa9-a6cf-7bd5d717c72f,07_自然環境.zip,ZIP,79095546,自然環境,archive,strict,https://www.geospatial.jp/ckan/dataset/e129eeef-7f57-4d3d-8888-03278337a7e1/resource/93ffef46-8c44-4aa9-a6cf-7bd5d717c72f/download/07_.zip
geospatial-jp,G空間情報センター,静岡県,tosikeikaku202306shimada,静岡県都市計画基礎調査（島田市）,https://www.geospatial.jp/ckan/dataset/tosikeikaku202306shimada,クリエイティブ・コモンズ 表示,4c86dc0a-017c-4bd2-bd7d-17c199e482b8,08_公害および災害.zip,ZIP,75081034,災害,archive,strict,https://www.geospatial.jp/ckan/dataset/e129eeef-7f57-4d3d-8888-03278337a7e1/resource/4c86dc0a-017c-4bd2-bd7d-17c199e482b8/download/08_.zip
geospatial-jp,G空間情報センター,静岡県,tosikeikaku202306shimada,静岡県都市計画基礎調査（島田市）,https://www.geospatial.jp/ckan/dataset/tosikeikaku202306shimada,クリエイティブ・コモンズ 表示,bf260fd7-d864-4f02-aaff-04e2a5d59474,09_観光・景観・歴史.xls,XLS,126976,景観,tabular,strict,https://www.geospatial.jp/ckan/dataset/e129eeef-7f57-4d3d-8888-03278337a7e1/resource/bf260fd7-d864-4f02-aaff-04e2a5d59474/download/209__9310_.xls
geospatial-jp,G空間情報センター,静岡県,tosikeikaku202306shimada,静岡県都市計画基礎調査（島田市）,https://www.geospatial.jp/ckan/dataset/tosikeikaku202306shimada,クリエイティブ・コモンズ 表示,7e7ab727-aa51-4da8-af42-e2a721d1f817,定義書.zip,,1184571,,other,strict,https://www.geospatial.jp/ckan/dataset/e129eeef-7f57-4d3d-8888-03278337a7e1/resource/7e7ab727-aa51-4da8-af42-e2a721d1f817/download/.zip
geospatial-jp,G空間情報センター,静岡県,tosikeikaku202306kikugawa,静岡県都市計画基礎調査（菊川市）,https://www.geospatial.jp/ckan/dataset/tosikeikaku202306kikugawa,クリエイティブ・コモンズ 表示,b749aef6-cb8b-4e29-8480-55bf299cd6e1,00_区域界.zip,ZIP,73923,,archive,strict,https://www.geospatial.jp/ckan/dataset/2335873b-5c52-4612-92e5-bdbf128b2cdc/resource/b749aef6-cb8b-4e29-8480-55bf299cd6e1/download/00_.zip
geospatial-jp,G空間情報センター,静岡県,tosikeikaku202306kikugawa,静岡県都市計画基礎調査（菊川市）,https://www.geospatial.jp/ckan/dataset/tosikeikaku202306kikugawa,クリエイティブ・コモンズ 表示,a29b1969-b37f-4295-91ce-5d308fd1d18e,01_人口.zip,ZIP,54689289,人口,archive,strict,https://www.geospatial.jp/ckan/dataset/2335873b-5c52-4612-92e5-bdbf128b2cdc/resource/a29b1969-b37f-4295-91ce-5d308fd1d18e/download/01_.zip
geospatial-jp,G空間情報センター,静岡県,tosikeikaku202306kikugawa,静岡県都市計画基礎調査（菊川市）,https://www.geospatial.jp/ckan/dataset/tosikeikaku202306kikugawa,クリエイティブ・コモンズ 表示,e313f46b-073e-44ec-8ed4-87f1fce8072f,02_産業.zip,ZIP,9732358,産業,archive,strict,https://www.geospatial.jp/ckan/dataset/2335873b-5c52-4612-92e5-bdbf128b2cdc/resource/e313f46b-073e-44ec-8ed4-87f1fce8072f/download/02_.zip
geospatial-jp,G空間情報センター,静岡県,tosikeikaku202306kikugawa,静岡県都市計画基礎調査（菊川市）,https://www.geospatial.jp/ckan/dataset/tosikeikaku202306kikugawa,クリエイティブ・コモンズ 表示,b5ab5552-e874-41c3-a6d4-736bbc62b90a,03_土地利用.zip,ZIP,689463921,土地利用,archive,strict,https://www.geospatial.jp/ckan/dataset/2335873b-5c52-4612-92e5-bdbf128b2cdc/resource/b5ab5552-e874-41c3-a6d4-736bbc62b90a/download/03_.zip
geospatial-jp,G空間情報センター,静岡県,tosikeikaku202306kikugawa,静岡県都市計画基礎調査（菊川市）,https://www.geospatial.jp/ckan/dataset/tosikeikaku202306kikugawa,クリエイティブ・コモンズ 表示,8a5c8578-1d3f-48d3-ac54-bd1015027cb6,05_都市施設.zip,ZIP,15845723,都市施設,archive,strict,https://www.geospatial.jp/ckan/dataset/2335873b-5c52-4612-92e5-bdbf128b2cdc/resource/8a5c8578-1d3f-48d3-ac54-bd1015027cb6/download/05_.zip
geospatial-jp,G空間情報センター,静岡県,tosikeikaku202306kikugawa,静岡県都市計画基礎調査（菊川市）,https://www.geospatial.jp/ckan/dataset/tosikeikaku202306kikugawa,クリエイティブ・コモンズ 表示,79a152b6-4439-4c77-ac11-daabe42a8c90,06_地価.zip,ZIP,6431373,地価,archive,strict,https://www.geospatial.jp/ckan/dataset/2335873b-5c52-4612-92e5-bdbf128b2cdc/resource/79a152b6-4439-4c77-ac11-daabe42a8c90/download/06_.zip
geospatial-jp,G空間情報センター,静岡県,tosikeikaku202306kikugawa,静岡県都市計画基礎調査（菊川市）,https://www.geospatial.jp/ckan/dataset/tosikeikaku202306kikugawa,クリエイティブ・コモンズ 表示,c773c14d-f696-4452-a66d-91e84881c84a,07_自然環境.zip,ZIP,13317902,自然環境,archive,strict,https://www.geospatial.jp/ckan/dataset/2335873b-5c52-4612-92e5-bdbf128b2cdc/resource/c773c14d-f696-4452-a66d-91e84881c84a/download/07_.zip
geospatial-jp,G空間情報センター,静岡県,tosikeikaku202306kikugawa,静岡県都市計画基礎調査（菊川市）,https://www.geospatial.jp/ckan/dataset/tosikeikaku202306kikugawa,クリエイティブ・コモンズ 表示,26f74946-abec-4e8f-aca5-357ee3da15f9,08_公害および災害.zip,ZIP,11166764,災害,archive,strict,https://www.geospatial.jp/ckan/dataset/2335873b-5c52-4612-92e5-bdbf128b2cdc/resource/26f74946-abec-4e8f-aca5-357ee3da15f9/download/08_.zip
geospatial-jp,G空間情報センター,静岡県,tosikeikaku202306kikugawa,静岡県都市計画基礎調査（菊川市）,https://www.geospatial.jp/ckan/dataset/tosikeikaku202306kikugawa,クリエイティブ・コモンズ 表示,e643154f-7ede-4679-b202-d766e9c21c71,09_観光・景観・歴史.xls,XLS,73728,景観,tabular,strict,https://www.geospatial.jp/ckan/dataset/2335873b-5c52-4612-92e5-bdbf128b2cdc/resource/e643154f-7ede-4679-b202-d766e9c21c71/download/223__9310_.xls
geospatial-jp,G空間情報センター,静岡県,tosikeikaku202306kikugawa,静岡県都市計画基礎調査（菊川市）,https://www.geospatial.jp/ckan/dataset/tosikeikaku202306kikugawa,クリエイティブ・コモンズ 表示,8afb2449-0021-495b-b8fc-04cffd936831,定義書.zip,,868698,,other,strict,https://www.geospatial.jp/ckan/dataset/2335873b-5c52-4612-92e5-bdbf128b2cdc/resource/8afb2449-0021-495b-b8fc-04cffd936831/download/.zip
geospatial-jp,G空間情報センター,静岡県,tosikeikaku202306omaezaki,静岡県都市計画基礎調査（御前崎市）,https://www.geospatial.jp/ckan/dataset/tosikeikaku202306omaezaki,クリエイティブ・コモンズ 表示,e7bd8247-f279-4da2-910b-f2e5d820fbd3,00_区域界.zip,ZIP,73923,,archive,strict,https://www.geospatial.jp/ckan/dataset/ce0a9f85-aa09-4965-873b-7d45782bee1a/resource/e7bd8247-f279-4da2-910b-f2e5d820fbd3/download/00_.zip
geospatial-jp,G空間情報センター,静岡県,tosikeikaku202306omaezaki,静岡県都市計画基礎調査（御前崎市）,https://www.geospatial.jp/ckan/dataset/tosikeikaku202306omaezaki,クリエイティブ・コモンズ 表示,11eb9c99-7a6f-48af-a983-c0c044e2c885,01_人口.zip,ZIP,54689289,人口,archive,strict,https://www.geospatial.jp/ckan/dataset/ce0a9f85-aa09-4965-873b-7d45782bee1a/resource/11eb9c99-7a6f-48af-a983-c0c044e2c885/download/01_.zip
geospatial-jp,G空間情報センター,静岡県,tosikeikaku202306omaezaki,静岡県都市計画基礎調査（御前崎市）,https://www.geospatial.jp/ckan/dataset/tosikeikaku202306omaezaki,クリエイティブ・コモンズ 表示,1f12e01e-7f61-432d-a805-901c4ca29853,02_産業.zip,ZIP,9732358,産業,archive,strict,https://www.geospatial.jp/ckan/dataset/ce0a9f85-aa09-4965-873b-7d45782bee1a/resource/1f12e01e-7f61-432d-a805-901c4ca29853/download/02_.zip
geospatial-jp,G空間情報センター,静岡県,tosikeikaku202306omaezaki,静岡県都市計画基礎調査（御前崎市）,https://www.geospatial.jp/ckan/dataset/tosikeikaku202306omaezaki,クリエイティブ・コモンズ 表示,d3d14ab9-4d97-4865-9c7c-899df1cf9af5,03_土地利用.zip,ZIP,159107158,土地利用,archive,strict,https://www.geospatial.jp/ckan/dataset/ce0a9f85-aa09-4965-873b-7d45782bee1a/resource/d3d14ab9-4d97-4865-9c7c-899df1cf9af5/download/03_.zip
geospatial-jp,G空間情報センター,静岡県,tosikeikaku202306omaezaki,静岡県都市計画基礎調査（御前崎市）,https://www.geospatial.jp/ckan/dataset/tosikeikaku202306omaezaki,クリエイティブ・コモンズ 表示,8633d476-00ab-4ce6-bc8e-ae068bc01b8d,05_都市施設.zip,ZIP,15845723,都市施設,archive,strict,https://www.geospatial.jp/ckan/dataset/ce0a9f85-aa09-4965-873b-7d45782bee1a/resource/8633d476-00ab-4ce6-bc8e-ae068bc01b8d/download/05_.zip
geospatial-jp,G空間情報センター,静岡県,tosikeikaku202306omaezaki,静岡県都市計画基礎調査（御前崎市）,https://www.geospatial.jp/ckan/dataset/tosikeikaku202306omaezaki,クリエイティブ・コモンズ 表示,8ab02b8a-6a75-448f-b1a4-ee45741763b9,06_地価.zip,ZIP,6431373,地価,archive,strict,https://www.geospatial.jp/ckan/dataset/ce0a9f85-aa09-4965-873b-7d45782bee1a/resource/8ab02b8a-6a75-448f-b1a4-ee45741763b9/download/06_.zip
geospatial-jp,G空間情報センター,静岡県,tosikeikaku202306omaezaki,静岡県都市計画基礎調査（御前崎市）,https://www.geospatial.jp/ckan/dataset/tosikeikaku202306omaezaki,クリエイティブ・コモンズ 表示,c553b3b3-26c9-4be0-ad38-932a0317816a,08_公害および災害.zip,ZIP,11166764,災害,archive,strict,https://www.geospatial.jp/ckan/dataset/ce0a9f85-aa09-4965-873b-7d45782bee1a/resource/c553b3b3-26c9-4be0-ad38-932a0317816a/download/08_.zip
geospatial-jp,G空間情報センター,静岡県,tosikeikaku202306omaezaki,静岡県都市計画基礎調査（御前崎市）,https://www.geospatial.jp/ckan/dataset/tosikeikaku202306omaezaki,クリエイティブ・コモンズ 表示,3d9c474c-8f87-481e-8ebf-2199a312d005,09_観光・景観・歴史.xls,XLS,73728,景観,tabular,strict,https://www.geospatial.jp/ckan/dataset/ce0a9f85-aa09-4965-873b-7d45782bee1a/resource/3d9c474c-8f87-481e-8ebf-2199a312d005/download/223__9310_.xls
geospatial-jp,G空間情報センター,静岡県,tosikeikaku202306omaezaki,静岡県都市計画基礎調査（御前崎市）,https://www.geospatial.jp/ckan/dataset/tosikeikaku202306omaezaki,クリエイティブ・コモンズ 表示,0a21e64d-e866-4f36-b809-613b209e1720,定義書.zip,,868698,,other,strict,https://www.geospatial.jp/ckan/dataset/ce0a9f85-aa09-4965-873b-7d45782bee1a/resource/0a21e64d-e866-4f36-b809-613b209e1720/download/.zip
geospatial-jp,G空間情報センター,静岡県,tosikeikaku202306yoshida,静岡県都市計画基礎調査（吉田町）,https://www.geospatial.jp/ckan/dataset/tosikeikaku202306yoshida,クリエイティブ・コモンズ 表示,513d035e-8f79-467b-bb1e-4e3eeb34ae6e,00_区域界.zip,ZIP,51390,,archive,strict,https://www.geospatial.jp/ckan/dataset/01865a5d-bd5f-451a-8c24-36d21d494830/resource/513d035e-8f79-467b-bb1e-4e3eeb34ae6e/download/00_.zip
geospatial-jp,G空間情報センター,静岡県,tosikeikaku202306yoshida,静岡県都市計画基礎調査（吉田町）,https://www.geospatial.jp/ckan/dataset/tosikeikaku202306yoshida,クリエイティブ・コモンズ 表示,e8d2b8d3-cfed-4c06-af95-db8a64335d65,01_人口.zip,ZIP,37634060,人口,archive,strict,https://www.geospatial.jp/ckan/dataset/01865a5d-bd5f-451a-8c24-36d21d494830/resource/e8d2b8d3-cfed-4c06-af95-db8a64335d65/download/01_.zip
geospatial-jp,G空間情報センター,静岡県,tosikeikaku202306yoshida,静岡県都市計画基礎調査（吉田町）,https://www.geospatial.jp/ckan/dataset/tosikeikaku202306yoshida,クリエイティブ・コモンズ 表示,22d0b945-b2fc-4ed2-bab8-b0fee44c7006,02_産業.zip,ZIP,5203262,産業,archive,strict,https://www.geospatial.jp/ckan/dataset/01865a5d-bd5f-451a-8c24-36d21d494830/resource/22d0b945-b2fc-4ed2-bab8-b0fee44c7006/download/02_.zip
geospatial-jp,G空間情報センター,静岡県,tosikeikaku202306yoshida,静岡県都市計画基礎調査（吉田町）,https://www.geospatial.jp/ckan/dataset/tosikeikaku202306yoshida,クリエイティブ・コモンズ 表示,a1c80744-587e-4196-8f48-f364b4f85dd1,03_土地利用.zip,ZIP,217364943,土地利用,archive,strict,https://www.geospatial.jp/ckan/dataset/01865a5d-bd5f-451a-8c24-36d21d494830/resource/a1c80744-587e-4196-8f48-f364b4f85dd1/download/03_.zip
geospatial-jp,G空間情報センター,静岡県,tosikeikaku202306yoshida,静岡県都市計画基礎調査（吉田町）,https://www.geospatial.jp/ckan/dataset/tosikeikaku202306yoshida,クリエイティブ・コモンズ 表示,f62967ad-33b0-4bf5-b6a2-47309323a629,05_都市施設.zip,ZIP,15085169,都市施設,archive,strict,https://www.geospatial.jp/ckan/dataset/01865a5d-bd5f-451a-8c24-36d21d494830/resource/f62967ad-33b0-4bf5-b6a2-47309323a629/download/05_.zip
geospatial-jp,G空間情報センター,静岡県,tosikeikaku202306yoshida,静岡県都市計画基礎調査（吉田町）,https://www.geospatial.jp/ckan/dataset/tosikeikaku202306yoshida,クリエイティブ・コモンズ 表示,40ed782b-e823-459f-a0be-70ce93bf033b,06_地価.zip,ZIP,21664653,地価,archive,strict,https://www.geospatial.jp/ckan/dataset/01865a5d-bd5f-451a-8c24-36d21d494830/resource/40ed782b-e823-459f-a0be-70ce93bf033b/download/06_.zip
geospatial-jp,G空間情報センター,静岡県,tosikeikaku202306yoshida,静岡県都市計画基礎調査（吉田町）,https://www.geospatial.jp/ckan/dataset/tosikeikaku202306yoshida,クリエイティブ・コモンズ 表示,1ba406b2-de77-4594-a102-a00cea2ddb59,07_自然環境.zip,ZIP,11045267,自然環境,archive,strict,https://www.geospatial.jp/ckan/dataset/01865a5d-bd5f-451a-8c24-36d21d494830/resource/1ba406b2-de77-4594-a102-a00cea2ddb59/download/07_.zip
geospatial-jp,G空間情報センター,静岡県,tosikeikaku202306yoshida,静岡県都市計画基礎調査（吉田町）,https://www.geospatial.jp/ckan/dataset/tosikeikaku202306yoshida,クリエイティブ・コモンズ 表示,6919f9b2-9b3b-4ff2-b299-76f3b4ed8118,08_公害および災害.zip,ZIP,9982821,災害,archive,strict,https://www.geospatial.jp/ckan/dataset/01865a5d-bd5f-451a-8c24-36d21d494830/resource/6919f9b2-9b3b-4ff2-b299-76f3b4ed8118/download/08_.zip
geospatial-jp,G空間情報センター,静岡県,tosikeikaku202306yoshida,静岡県都市計画基礎調査（吉田町）,https://www.geospatial.jp/ckan/dataset/tosikeikaku202306yoshida,クリエイティブ・コモンズ 表示,90f6cc96-6eca-49dd-8f33-10660e8f9ffb,09_観光・景観・歴史.xls,XLS,57856,景観,tabular,strict,https://www.geospatial.jp/ckan/dataset/01865a5d-bd5f-451a-8c24-36d21d494830/resource/90f6cc96-6eca-49dd-8f33-10660e8f9ffb/download/424__9310_.xls
geospatial-jp,G空間情報センター,静岡県,tosikeikaku202306yoshida,静岡県都市計画基礎調査（吉田町）,https://www.geospatial.jp/ckan/dataset/tosikeikaku202306yoshida,クリエイティブ・コモンズ 表示,66c90ce0-967a-4fca-a63b-5ac7f2281397,定義書.zip,,1177839,,other,strict,https://www.geospatial.jp/ckan/dataset/01865a5d-bd5f-451a-8c24-36d21d494830/resource/66c90ce0-967a-4fca-a63b-5ac7f2281397/download/.zip
geospatial-jp,G空間情報センター,静岡県,tosikeikaku202306fukuroi,静岡県都市計画基礎調査（袋井市）,https://www.geospatial.jp/ckan/dataset/tosikeikaku202306fukuroi,クリエイティブ・コモンズ 表示,387ce3c6-8fe3-4368-a87b-49d06563aa1a,00_区域界.zip,ZIP,242715,,archive,strict,https://www.geospatial.jp/ckan/dataset/68b6c3d2-267c-41be-81dd-cb137e8928b4/resource/387ce3c6-8fe3-4368-a87b-49d06563aa1a/download/00_.zip
geospatial-jp,G空間情報センター,静岡県,tosikeikaku202306fukuroi,静岡県都市計画基礎調査（袋井市）,https://www.geospatial.jp/ckan/dataset/tosikeikaku202306fukuroi,クリエイティブ・コモンズ 表示,d423203d-30a6-4854-a983-7ca66bdea96d,01_人口.zip,ZIP,57553350,人口,archive,strict,https://www.geospatial.jp/ckan/dataset/68b6c3d2-267c-41be-81dd-cb137e8928b4/resource/d423203d-30a6-4854-a983-7ca66bdea96d/download/01_.zip
geospatial-jp,G空間情報センター,静岡県,tosikeikaku202306fukuroi,静岡県都市計画基礎調査（袋井市）,https://www.geospatial.jp/ckan/dataset/tosikeikaku202306fukuroi,クリエイティブ・コモンズ 表示,f0abbfbd-e8ec-4c13-96f7-2d738bf30388,02_産業.zip,ZIP,6787284,産業,archive,strict,https://www.geospatial.jp/ckan/dataset/68b6c3d2-267c-41be-81dd-cb137e8928b4/resource/f0abbfbd-e8ec-4c13-96f7-2d738bf30388/download/02_.zip
geospatial-jp,G空間情報センター,静岡県,tosikeikaku202306fukuroi,静岡県都市計画基礎調査（袋井市）,https://www.geospatial.jp/ckan/dataset/tosikeikaku202306fukuroi,クリエイティブ・コモンズ 表示,269327f9-dc3e-41a0-a7ac-ec8bdf3d08b0,03_土地利用.zip,ZIP,314139328,土地利用,archive,strict,https://www.geospatial.jp/ckan/dataset/68b6c3d2-267c-41be-81dd-cb137e8928b4/resource/269327f9-dc3e-41a0-a7ac-ec8bdf3d08b0/download/03_.zip
geospatial-jp,G空間情報センター,静岡県,tosikeikaku202306fukuroi,静岡県都市計画基礎調査（袋井市）,https://www.geospatial.jp/ckan/dataset/tosikeikaku202306fukuroi,クリエイティブ・コモンズ 表示,a3d4042a-c894-4848-8c9b-c1fc2bbf8b46,05_都市施設.zip,ZIP,16998388,都市施設,archive,strict,https://www.geospatial.jp/ckan/dataset/68b6c3d2-267c-41be-81dd-cb137e8928b4/resource/a3d4042a-c894-4848-8c9b-c1fc2bbf8b46/download/05_.zip
geospatial-jp,G空間情報センター,静岡県,tosikeikaku202306fukuroi,静岡県都市計画基礎調査（袋井市）,https://www.geospatial.jp/ckan/dataset/tosikeikaku202306fukuroi,クリエイティブ・コモンズ 表示,922475b8-8bfb-4119-a76a-57678f5577e5,06_地価.zip,ZIP,27307593,地価,archive,strict,https://www.geospatial.jp/ckan/dataset/68b6c3d2-267c-41be-81dd-cb137e8928b4/resource/922475b8-8bfb-4119-a76a-57678f5577e5/download/06_.zip
geospatial-jp,G空間情報センター,静岡県,tosikeikaku202306fukuroi,静岡県都市計画基礎調査（袋井市）,https://www.geospatial.jp/ckan/dataset/tosikeikaku202306fukuroi,クリエイティブ・コモンズ 表示,bf059540-ba64-430b-9150-5a54fc2fc60d,07_自然環境.zip,ZIP,30172402,自然環境,archive,strict,https://www.geospatial.jp/ckan/dataset/68b6c3d2-267c-41be-81dd-cb137e8928b4/resource/bf059540-ba64-430b-9150-5a54fc2fc60d/download/07_.zip
geospatial-jp,G空間情報センター,静岡県,tosikeikaku202306fukuroi,静岡県都市計画基礎調査（袋井市）,https://www.geospatial.jp/ckan/dataset/tosikeikaku202306fukuroi,クリエイティブ・コモンズ 表示,67f5a3a1-b652-48a1-a23e-d749b6c1ce6e,08_公害および災害.zip,ZIP,11950336,災害,archive,strict,https://www.geospatial.jp/ckan/dataset/68b6c3d2-267c-41be-81dd-cb137e8928b4/resource/67f5a3a1-b652-48a1-a23e-d749b6c1ce6e/download/08_.zip
geospatial-jp,G空間情報センター,静岡県,tosikeikaku202306fukuroi,静岡県都市計画基礎調査（袋井市）,https://www.geospatial.jp/ckan/dataset/tosikeikaku202306fukuroi,クリエイティブ・コモンズ 表示,04855555-c5e8-4c5c-afaa-32e7e0a0fb7b,09_観光・景観・歴史.xls,XLS,108032,景観,tabular,strict,https://www.geospatial.jp/ckan/dataset/68b6c3d2-267c-41be-81dd-cb137e8928b4/resource/04855555-c5e8-4c5c-afaa-32e7e0a0fb7b/download/216__9310_.xls
geospatial-jp,G空間情報センター,静岡県,tosikeikaku202306fukuroi,静岡県都市計画基礎調査（袋井市）,https://www.geospatial.jp/ckan/dataset/tosikeikaku202306fukuroi,クリエイティブ・コモンズ 表示,574a05d2-e1a9-4da9-a604-1c067e5f2c5a,定義書.zip,,926967,,other,strict,https://www.geospatial.jp/ckan/dataset/68b6c3d2-267c-41be-81dd-cb137e8928b4/resource/574a05d2-e1a9-4da9-a604-1c067e5f2c5a/download/.zip
geospatial-jp,G空間情報センター,静岡県,tosikeikaku202306mori,静岡県都市計画基礎調査（森町）,https://www.geospatial.jp/ckan/dataset/tosikeikaku202306mori,クリエイティブ・コモンズ 表示,97831380-f8b7-4130-b17d-97a7ce1b6360,00_区域界.zip,ZIP,189489,,archive,strict,https://www.geospatial.jp/ckan/dataset/93c4b3a2-eb68-415c-ae52-c6f36232346c/resource/97831380-f8b7-4130-b17d-97a7ce1b6360/download/00_.zip
geospatial-jp,G空間情報センター,静岡県,tosikeikaku202306mori,静岡県都市計画基礎調査（森町）,https://www.geospatial.jp/ckan/dataset/tosikeikaku202306mori,クリエイティブ・コモンズ 表示,2f6336c3-edd6-412f-b56a-de5507f36ed1,01_人口.zip,ZIP,35239612,人口,archive,strict,https://www.geospatial.jp/ckan/dataset/93c4b3a2-eb68-415c-ae52-c6f36232346c/resource/2f6336c3-edd6-412f-b56a-de5507f36ed1/download/01_.zip
geospatial-jp,G空間情報センター,静岡県,tosikeikaku202306mori,静岡県都市計画基礎調査（森町）,https://www.geospatial.jp/ckan/dataset/tosikeikaku202306mori,クリエイティブ・コモンズ 表示,abea75b7-a656-49c5-b36c-783df67b6880,02_産業.zip,ZIP,21991284,産業,archive,strict,https://www.geospatial.jp/ckan/dataset/93c4b3a2-eb68-415c-ae52-c6f36232346c/resource/abea75b7-a656-49c5-b36c-783df67b6880/download/02_.zip
geospatial-jp,G空間情報センター,静岡県,tosikeikaku202306mori,静岡県都市計画基礎調査（森町）,https://www.geospatial.jp/ckan/dataset/tosikeikaku202306mori,クリエイティブ・コモンズ 表示,12e7356c-3bcf-4b25-870c-99d9901abcdf,03_土地利用.zip,ZIP,580419819,土地利用,archive,strict,https://www.geospatial.jp/ckan/dataset/93c4b3a2-eb68-415c-ae52-c6f36232346c/resource/12e7356c-3bcf-4b25-870c-99d9901abcdf/download/03_.zip
geospatial-jp,G空間情報センター,静岡県,tosikeikaku202306mori,静岡県都市計画基礎調査（森町）,https://www.geospatial.jp/ckan/dataset/tosikeikaku202306mori,クリエイティブ・コモンズ 表示,f984593a-b44d-4aef-b6ef-3ca5e27ce1dd,05_都市施設.zip,ZIP,20311171,都市施設,archive,strict,https://www.geospatial.jp/ckan/dataset/93c4b3a2-eb68-415c-ae52-c6f36232346c/resource/f984593a-b44d-4aef-b6ef-3ca5e27ce1dd/download/05_.zip
geospatial-jp,G空間情報センター,静岡県,tosikeikaku202306mori,静岡県都市計画基礎調査（森町）,https://www.geospatial.jp/ckan/dataset/tosikeikaku202306mori,クリエイティブ・コモンズ 表示,f4c9b9a2-bff9-4e0b-bdc3-aa060ebc7e66,06_地価.zip,ZIP,25765954,地価,archive,strict,https://www.geospatial.jp/ckan/dataset/93c4b3a2-eb68-415c-ae52-c6f36232346c/resource/f4c9b9a2-bff9-4e0b-bdc3-aa060ebc7e66/download/06_.zip
geospatial-jp,G空間情報センター,静岡県,tosikeikaku202306mori,静岡県都市計画基礎調査（森町）,https://www.geospatial.jp/ckan/dataset/tosikeikaku202306mori,クリエイティブ・コモンズ 表示,5e9e68cd-8b50-45e1-8eee-b67bab9a2caa,07_自然環境.zip,ZIP,13438918,自然環境,archive,strict,https://www.geospatial.jp/ckan/dataset/93c4b3a2-eb68-415c-ae52-c6f36232346c/resource/5e9e68cd-8b50-45e1-8eee-b67bab9a2caa/download/07_.zip
geospatial-jp,G空間情報センター,静岡県,tosikeikaku202306mori,静岡県都市計画基礎調査（森町）,https://www.geospatial.jp/ckan/dataset/tosikeikaku202306mori,クリエイティブ・コモンズ 表示,191922ae-c136-4e12-ac18-dd4cde2b06e7,08_公害および災害.zip,ZIP,17575923,災害,archive,strict,https://www.geospatial.jp/ckan/dataset/93c4b3a2-eb68-415c-ae52-c6f36232346c/resource/191922ae-c136-4e12-ac18-dd4cde2b06e7/download/08_.zip
geospatial-jp,G空間情報センター,静岡県,tosikeikaku202306mori,静岡県都市計画基礎調査（森町）,https://www.geospatial.jp/ckan/dataset/tosikeikaku202306mori,クリエイティブ・コモンズ 表示,5542c44a-7161-49b0-9693-175bef899ee3,09_観光・景観・歴史.xls,XLS,70144,景観,tabular,strict,https://www.geospatial.jp/ckan/dataset/93c4b3a2-eb68-415c-ae52-c6f36232346c/resource/5542c44a-7161-49b0-9693-175bef899ee3/download/461__9310_.xls
geospatial-jp,G空間情報センター,静岡県,tosikeikaku202306mori,静岡県都市計画基礎調査（森町）,https://www.geospatial.jp/ckan/dataset/tosikeikaku202306mori,クリエイティブ・コモンズ 表示,fbd0e675-213d-46e2-9dce-e6c630cb699f,定義書.zip,,916123,,other,strict,https://www.geospatial.jp/ckan/dataset/93c4b3a2-eb68-415c-ae52-c6f36232346c/resource/fbd0e675-213d-46e2-9dce-e6c630cb699f/download/.zip
geospatial-jp,G空間情報センター,さいたま市,saitamacity-toshikeikaku_h22,さいたま市都市計画基礎調査（基準年平成２２年）,https://www.geospatial.jp/ckan/dataset/saitamacity-toshikeikaku_h22,クリエイティブ・コモンズ 表示,39f5dcf2-40e5-4007-afb7-5286f5b0f35c,調査区,,1992246,,other,strict,https://www.geospatial.jp/ckan/dataset/708a60f1-98fb-4d7c-851e-403acbbbdf89/resource/39f5dcf2-40e5-4007-afb7-5286f5b0f35c/download/.zip
geospatial-jp,G空間情報センター,さいたま市,saitamacity-toshikeikaku_h22,さいたま市都市計画基礎調査（基準年平成２２年）,https://www.geospatial.jp/ckan/dataset/saitamacity-toshikeikaku_h22,クリエイティブ・コモンズ 表示,2792a91e-ca7e-4b04-b8ad-3f73079e595c,人口,,57332,人口,other,strict,https://www.geospatial.jp/ckan/dataset/708a60f1-98fb-4d7c-851e-403acbbbdf89/resource/2792a91e-ca7e-4b04-b8ad-3f73079e595c/download/.zip
geospatial-jp,G空間情報センター,さいたま市,saitamacity-toshikeikaku_h22,さいたま市都市計画基礎調査（基準年平成２２年）,https://www.geospatial.jp/ckan/dataset/saitamacity-toshikeikaku_h22,クリエイティブ・コモンズ 表示,f79b19ad-9dec-45e9-823e-ebfed3c58bb2,土地利用現況,,41524691,土地利用,other,strict,https://www.geospatial.jp/ckan/dataset/708a60f1-98fb-4d7c-851e-403acbbbdf89/resource/f79b19ad-9dec-45e9-823e-ebfed3c58bb2/download/.zip
geospatial-jp,G空間情報センター,さいたま市,saitamacity-toshikeikaku_h22,さいたま市都市計画基礎調査（基準年平成２２年）,https://www.geospatial.jp/ckan/dataset/saitamacity-toshikeikaku_h22,クリエイティブ・コモンズ 表示,8c3ef781-b2b5-4619-8761-63731577da30,市街化区域内農地・未利用地,,39386,土地利用,other,strict,https://www.geospatial.jp/ckan/dataset/708a60f1-98fb-4d7c-851e-403acbbbdf89/resource/8c3ef781-b2b5-4619-8761-63731577da30/download/.zip
geospatial-jp,G空間情報センター,さいたま市,saitamacity-toshikeikaku_h22,さいたま市都市計画基礎調査（基準年平成２２年）,https://www.geospatial.jp/ckan/dataset/saitamacity-toshikeikaku_h22,クリエイティブ・コモンズ 表示,de9c6035-6e73-4637-b186-c308a28f22b5,非可住地現況,,1759253,,other,strict,https://www.geospatial.jp/ckan/dataset/708a60f1-98fb-4d7c-851e-403acbbbdf89/resource/de9c6035-6e73-4637-b186-c308a28f22b5/download/.zip
geospatial-jp,G空間情報センター,さいたま市,saitamacity-toshikeikaku_h22,さいたま市都市計画基礎調査（基準年平成２２年）,https://www.geospatial.jp/ckan/dataset/saitamacity-toshikeikaku_h22,クリエイティブ・コモンズ 表示,31d6aef1-bf2e-4d82-a03b-282b17966cc6,工場跡地の土地利用転換状況,,82496,土地利用,other,strict,https://www.geospatial.jp/ckan/dataset/708a60f1-98fb-4d7c-851e-403acbbbdf89/resource/31d6aef1-bf2e-4d82-a03b-282b17966cc6/download/.zip
geospatial-jp,G空間情報センター,さいたま市,saitamacity-toshikeikaku_h22,さいたま市都市計画基礎調査（基準年平成２２年）,https://www.geospatial.jp/ckan/dataset/saitamacity-toshikeikaku_h22,クリエイティブ・コモンズ 表示,6d538f6e-7917-4792-8de3-da42d9b6f093,市街地開発事業等,,512240,土地利用,other,strict,https://www.geospatial.jp/ckan/dataset/708a60f1-98fb-4d7c-851e-403acbbbdf89/resource/6d538f6e-7917-4792-8de3-da42d9b6f093/download/.zip
geospatial-jp,G空間情報センター,さいたま市,saitamacity-toshikeikaku_h22,さいたま市都市計画基礎調査（基準年平成２２年）,https://www.geospatial.jp/ckan/dataset/saitamacity-toshikeikaku_h22,クリエイティブ・コモンズ 表示,b8f0700a-9bb1-455a-a498-a56dcf56eb7d,市街化調整区域内開発許可状況,,90511,土地利用,other,strict,https://www.geospatial.jp/ckan/dataset/708a60f1-98fb-4d7c-851e-403acbbbdf89/resource/b8f0700a-9bb1-455a-a498-a56dcf56eb7d/download/.zip
geospatial-jp,G空間情報センター,さいたま市,saitamacity-toshikeikaku_h22,さいたま市都市計画基礎調査（基準年平成２２年）,https://www.geospatial.jp/ckan/dataset/saitamacity-toshikeikaku_h22,クリエイティブ・コモンズ 表示,8351e8ad-18fc-4274-b2cb-b4cd5d2e47b2,農地転用状況,,103454,土地利用,other,strict,https://www.geospatial.jp/ckan/dataset/708a60f1-98fb-4d7c-851e-403acbbbdf89/resource/8351e8ad-18fc-4274-b2cb-b4cd5d2e47b2/download/.zip
geospatial-jp,G空間情報センター,さいたま市,saitamacity-toshikeikaku_h22,さいたま市都市計画基礎調査（基準年平成２２年）,https://www.geospatial.jp/ckan/dataset/saitamacity-toshikeikaku_h22,クリエイティブ・コモンズ 表示,78bfc4d0-2167-425c-8610-d45ade4a0a5a,建築状況,,58670,建物,other,strict,https://www.geospatial.jp/ckan/dataset/708a60f1-98fb-4d7c-851e-403acbbbdf89/resource/78bfc4d0-2167-425c-8610-d45ade4a0a5a/download/.zip
geospatial-jp,G空間情報センター,さいたま市,saitamacity-toshikeikaku_h22,さいたま市都市計画基礎調査（基準年平成２２年）,https://www.geospatial.jp/ckan/dataset/saitamacity-toshikeikaku_h22,クリエイティブ・コモンズ 表示,4323ffcb-a052-4d85-80b7-de70985cccc7,大型店・商店街,,360424,,other,strict,https://www.geospatial.jp/ckan/dataset/708a60f1-98fb-4d7c-851e-403acbbbdf89/resource/4323ffcb-a052-4d85-80b7-de70985cccc7/download/.zip
geospatial-jp,G空間情報センター,さいたま市,saitamacity-toshikeikaku_h22,さいたま市都市計画基礎調査（基準年平成２２年）,https://www.geospatial.jp/ckan/dataset/saitamacity-toshikeikaku_h22,クリエイティブ・コモンズ 表示,9557bb6f-7150-4e12-9a14-0049923c5124,建物現況調査（市独自調査）,,51454696,建物,other,strict,https://www.geospatial.jp/ckan/dataset/708a60f1-98fb-4d7c-851e-403acbbbdf89/resource/9557bb6f-7150-4e12-9a14-0049923c5124/download/.zip
geospatial-jp,G空間情報センター,さいたま市,saitamacity-toshikeikaku_h22,さいたま市都市計画基礎調査（基準年平成２２年）,https://www.geospatial.jp/ckan/dataset/saitamacity-toshikeikaku_h22,クリエイティブ・コモンズ 表示,cee65bb0-d9a8-4373-8b15-85b1b573af53,都市防災機能状況,,343454,災害,other,strict,https://www.geospatial.jp/ckan/dataset/708a60f1-98fb-4d7c-851e-403acbbbdf89/resource/cee65bb0-d9a8-4373-8b15-85b1b573af53/download/.zip
geospatial-jp,G空間情報センター,さいたま市,saitamacity-toshikeikaku_h22,さいたま市都市計画基礎調査（基準年平成２２年）,https://www.geospatial.jp/ckan/dataset/saitamacity-toshikeikaku_h22,クリエイティブ・コモンズ 表示,54ac31b2-e029-4838-95e4-5a9b32b15cf5,都市公園,,316438,都市施設,other,strict,https://www.geospatial.jp/ckan/dataset/708a60f1-98fb-4d7c-851e-403acbbbdf89/resource/54ac31b2-e029-4838-95e4-5a9b32b15cf5/download/.zip
geospatial-jp,G空間情報センター,さいたま市,saitamacity-toshikeikaku_h27,さいたま市都市計画基礎調査（基準年平成27年）,https://www.geospatial.jp/ckan/dataset/saitamacity-toshikeikaku_h27,クリエイティブ・コモンズ 表示,bc5acaba-5f40-4325-b03c-9775b40820be,調査区,,2288808,,other,strict,https://www.geospatial.jp/ckan/dataset/1e2032dd-a200-4992-b024-e27fb6ab02fa/resource/bc5acaba-5f40-4325-b03c-9775b40820be/download/.zip
geospatial-jp,G空間情報センター,さいたま市,saitamacity-toshikeikaku_h27,さいたま市都市計画基礎調査（基準年平成27年）,https://www.geospatial.jp/ckan/dataset/saitamacity-toshikeikaku_h27,クリエイティブ・コモンズ 表示,81f6c724-f2e1-4ee9-ab9c-c62cfd5869a4,人口,,59028,人口,other,strict,https://www.geospatial.jp/ckan/dataset/1e2032dd-a200-4992-b024-e27fb6ab02fa/resource/81f6c724-f2e1-4ee9-ab9c-c62cfd5869a4/download/.zip
geospatial-jp,G空間情報センター,さいたま市,saitamacity-toshikeikaku_h27,さいたま市都市計画基礎調査（基準年平成27年）,https://www.geospatial.jp/ckan/dataset/saitamacity-toshikeikaku_h27,クリエイティブ・コモンズ 表示,263110be-6854-4d26-b09c-34d1d854e7ff,土地利用現況,,54845445,土地利用,other,strict,https://www.geospatial.jp/ckan/dataset/1e2032dd-a200-4992-b024-e27fb6ab02fa/resource/263110be-6854-4d26-b09c-34d1d854e7ff/download/.zip
geospatial-jp,G空間情報センター,さいたま市,saitamacity-toshikeikaku_h27,さいたま市都市計画基礎調査（基準年平成27年）,https://www.geospatial.jp/ckan/dataset/saitamacity-toshikeikaku_h27,クリエイティブ・コモンズ 表示,a84ed6d4-7365-469f-a0f5-69e1e326a22a,市街化区域内農地・未利用地,,39376,土地利用,other,strict,https://www.geospatial.jp/ckan/dataset/1e2032dd-a200-4992-b024-e27fb6ab02fa/resource/a84ed6d4-7365-469f-a0f5-69e1e326a22a/download/.zip
geospatial-jp,G空間情報センター,さいたま市,saitamacity-toshikeikaku_h27,さいたま市都市計画基礎調査（基準年平成27年）,https://www.geospatial.jp/ckan/dataset/saitamacity-toshikeikaku_h27,クリエイティブ・コモンズ 表示,3a60dd0a-d99b-4e22-b443-64f25af729bf,非可住地現況,,1523908,,other,strict,https://www.geospatial.jp/ckan/dataset/1e2032dd-a200-4992-b024-e27fb6ab02fa/resource/3a60dd0a-d99b-4e22-b443-64f25af729bf/download/.zip
geospatial-jp,G空間情報センター,さいたま市,saitamacity-toshikeikaku_h27,さいたま市都市計画基礎調査（基準年平成27年）,https://www.geospatial.jp/ckan/dataset/saitamacity-toshikeikaku_h27,クリエイティブ・コモンズ 表示,71176b96-863e-4328-93a9-2dd57bef49d1,工場跡地の土地利用転換状況,,84452,土地利用,other,strict,https://www.geospatial.jp/ckan/dataset/1e2032dd-a200-4992-b024-e27fb6ab02fa/resource/71176b96-863e-4328-93a9-2dd57bef49d1/download/.zip
geospatial-jp,G空間情報センター,さいたま市,saitamacity-toshikeikaku_h27,さいたま市都市計画基礎調査（基準年平成27年）,https://www.geospatial.jp/ckan/dataset/saitamacity-toshikeikaku_h27,クリエイティブ・コモンズ 表示,9141acbb-3f99-4c93-83b1-3d0f1711f4f9,市街地開発事業等,,458735,土地利用,other,strict,https://www.geospatial.jp/ckan/dataset/1e2032dd-a200-4992-b024-e27fb6ab02fa/resource/9141acbb-3f99-4c93-83b1-3d0f1711f4f9/download/.zip
geospatial-jp,G空間情報センター,さいたま市,saitamacity-toshikeikaku_h27,さいたま市都市計画基礎調査（基準年平成27年）,https://www.geospatial.jp/ckan/dataset/saitamacity-toshikeikaku_h27,クリエイティブ・コモンズ 表示,b473ffcd-7d2d-4b34-bdf8-f89a789ae2a2,市街化調整区域内開発許可状況,,106927,土地利用,other,strict,https://www.geospatial.jp/ckan/dataset/1e2032dd-a200-4992-b024-e27fb6ab02fa/resource/b473ffcd-7d2d-4b34-bdf8-f89a789ae2a2/download/.zip
geospatial-jp,G空間情報センター,さいたま市,saitamacity-toshikeikaku_h27,さいたま市都市計画基礎調査（基準年平成27年）,https://www.geospatial.jp/ckan/dataset/saitamacity-toshikeikaku_h27,クリエイティブ・コモンズ 表示,c806d99b-1ab2-42de-a080-ea7f9541ae48,農地転用状況,,102261,土地利用,other,strict,https://www.geospatial.jp/ckan/dataset/1e2032dd-a200-4992-b024-e27fb6ab02fa/resource/c806d99b-1ab2-42de-a080-ea7f9541ae48/download/.zip
geospatial-jp,G空間情報センター,さいたま市,saitamacity-toshikeikaku_h27,さいたま市都市計画基礎調査（基準年平成27年）,https://www.geospatial.jp/ckan/dataset/saitamacity-toshikeikaku_h27,クリエイティブ・コモンズ 表示,109c954d-3785-49ed-8485-2e8f90ea4241,農林漁業関係施策状況,,113417,,other,strict,https://www.geospatial.jp/ckan/dataset/1e2032dd-a200-4992-b024-e27fb6ab02fa/resource/109c954d-3785-49ed-8485-2e8f90ea4241/download/.zip
geospatial-jp,G空間情報センター,さいたま市,saitamacity-toshikeikaku_h27,さいたま市都市計画基礎調査（基準年平成27年）,https://www.geospatial.jp/ckan/dataset/saitamacity-toshikeikaku_h27,クリエイティブ・コモンズ 表示,65ada76e-68eb-492a-913c-17821140b5fd,建築状況,,60652,建物,other,strict,https://www.geospatial.jp/ckan/dataset/1e2032dd-a200-4992-b024-e27fb6ab02fa/resource/65ada76e-68eb-492a-913c-17821140b5fd/download/.zip
geospatial-jp,G空間情報センター,さいたま市,saitamacity-toshikeikaku_h27,さいたま市都市計画基礎調査（基準年平成27年）,https://www.geospatial.jp/ckan/dataset/saitamacity-toshikeikaku_h27,クリエイティブ・コモンズ 表示,959fb844-d66d-4c95-be6c-9ee305ba3316,大型店・商店街,,504329,,other,strict,https://www.geospatial.jp/ckan/dataset/1e2032dd-a200-4992-b024-e27fb6ab02fa/resource/959fb844-d66d-4c95-be6c-9ee305ba3316/download/.zip
geospatial-jp,G空間情報センター,さいたま市,saitamacity-toshikeikaku_h27,さいたま市都市計画基礎調査（基準年平成27年）,https://www.geospatial.jp/ckan/dataset/saitamacity-toshikeikaku_h27,クリエイティブ・コモンズ 表示,c1e36105-adf6-40c6-81ea-0529564110ae,建物現況調査（市独自調査）,,62601646,建物,other,strict,https://www.geospatial.jp/ckan/dataset/1e2032dd-a200-4992-b024-e27fb6ab02fa/resource/c1e36105-adf6-40c6-81ea-0529564110ae/download/.zip
geospatial-jp,G空間情報センター,さいたま市,saitamacity-toshikeikaku_h27,さいたま市都市計画基礎調査（基準年平成27年）,https://www.geospatial.jp/ckan/dataset/saitamacity-toshikeikaku_h27,クリエイティブ・コモンズ 表示,ee5c7ecd-6d1e-40ea-9cae-699dd98131ef,都市防災機能状況,,430510,災害,other,strict,https://www.geospatial.jp/ckan/dataset/1e2032dd-a200-4992-b024-e27fb6ab02fa/resource/ee5c7ecd-6d1e-40ea-9cae-699dd98131ef/download/.zip
geospatial-jp,G空間情報センター,さいたま市,saitamacity-toshikeikaku_h27,さいたま市都市計画基礎調査（基準年平成27年）,https://www.geospatial.jp/ckan/dataset/saitamacity-toshikeikaku_h27,クリエイティブ・コモンズ 表示,bc9ed758-e336-4424-9584-b5ace2b3b8a9,都市公園,,308364,都市施設,other,strict,https://www.geospatial.jp/ckan/dataset/1e2032dd-a200-4992-b024-e27fb6ab02fa/resource/bc9ed758-e336-4424-9584-b5ace2b3b8a9/download/.zip
geospatial-jp,G空間情報センター,都市・まちづくり推進課,_r3-oita-yuhuin,大分県由布市湯布院町_都市計画基礎調査調査結果の提供,https://www.geospatial.jp/ckan/dataset/_r3-oita-yuhuin,GNU Free Documentation License,eaf9cfae-85bf-4ac3-b5f6-1facc467d1d9,【大分県_由布市湯布院町】都市計画基礎調査（土地利用現況・建物利用現況）（csvデータ）,CSV,6477,土地利用|建物,tabular,strict,https://www.geospatial.jp/ckan/dataset/cf5ed0d0-95ca-4cc8-8e5b-28da9b8f7ad8/resource/eaf9cfae-85bf-4ac3-b5f6-1facc467d1d9/download/oitakenyuhuincsv.zip
geospatial-jp,G空間情報センター,都市・まちづくり推進課,_r3-oita-yuhuin,大分県由布市湯布院町_都市計画基礎調査調査結果の提供,https://www.geospatial.jp/ckan/dataset/_r3-oita-yuhuin,GNU Free Documentation License,8941e637-c5d6-4a28-b030-6b986ccf5149,【大分県_由布市湯布院町】都市計画基礎調査（土地利用現況・建物利用現況）（shpデータ）,SHP,2388694,土地利用|建物,geo,strict,https://www.geospatial.jp/ckan/dataset/cf5ed0d0-95ca-4cc8-8e5b-28da9b8f7ad8/resource/8941e637-c5d6-4a28-b030-6b986ccf5149/download/oitakenyuhuinshp.zip
geospatial-jp,G空間情報センター,都市・まちづくり推進課,_r3-oita-yuhuin,大分県由布市湯布院町_都市計画基礎調査調査結果の提供,https://www.geospatial.jp/ckan/dataset/_r3-oita-yuhuin,GNU Free Documentation License,9a1e88d3-a757-4a19-a237-3e273baf7146,【大分県_由布市湯布院町】都市計画基礎調査（人口規模）（csvデータ）,CSV,28802,人口,tabular,strict,https://www.geospatial.jp/ckan/dataset/cf5ed0d0-95ca-4cc8-8e5b-28da9b8f7ad8/resource/9a1e88d3-a757-4a19-a237-3e273baf7146/download/c0101_.csv
geospatial-jp,G空間情報センター,都市・まちづくり推進課,_r3-oita-hasama,大分県由布市挾間町_都市計画基礎調査調査結果の提供,https://www.geospatial.jp/ckan/dataset/_r3-oita-hasama,GNU Free Documentation License,b8b135a6-cc87-4324-8a3f-1b92479e676f,【大分県_由布市挾間町】都市計画基礎調査（土地利用現況・建物利用現況）（csvデータ）,CSV,9039,土地利用|建物,tabular,strict,https://www.geospatial.jp/ckan/dataset/4bbe8f4a-6bee-4754-bae0-ae2a51854901/resource/b8b135a6-cc87-4324-8a3f-1b92479e676f/download/oitakenhasamacsv.zip
geospatial-jp,G空間情報センター,都市・まちづくり推進課,_r3-oita-hasama,大分県由布市挾間町_都市計画基礎調査調査結果の提供,https://www.geospatial.jp/ckan/dataset/_r3-oita-hasama,GNU Free Documentation License,7e432972-fa41-4629-94ad-1a01f6ed0cec,【大分県_由布市挾間町】都市計画基礎調査（土地利用現況・建物利用現況）（shpデータ）,SHP,2347989,土地利用|建物,geo,strict,https://www.geospatial.jp/ckan/dataset/4bbe8f4a-6bee-4754-bae0-ae2a51854901/resource/7e432972-fa41-4629-94ad-1a01f6ed0cec/download/oitakenhasamashp.zip
geospatial-jp,G空間情報センター,都市・まちづくり推進課,_r3-oita-hasama,大分県由布市挾間町_都市計画基礎調査調査結果の提供,https://www.geospatial.jp/ckan/dataset/_r3-oita-hasama,GNU Free Documentation License,66f30735-38cd-4bc2-a29a-bd56e4dc4c89,【大分県_由布市挾間町】都市計画基礎調査（人口）（csvデータ）,CSV,28802,人口,tabular,strict,https://www.geospatial.jp/ckan/dataset/4bbe8f4a-6bee-4754-bae0-ae2a51854901/resource/66f30735-38cd-4bc2-a29a-bd56e4dc4c89/download/c0101_.csv
geospatial-jp,G空間情報センター,都市・まちづくり推進課,_r3-oita-usa,大分県宇佐市_都市計画基礎調査調査結果の提供,https://www.geospatial.jp/ckan/dataset/_r3-oita-usa,GNU Free Documentation License,72f53b4e-c514-4701-a626-5ef073f8b8e8,【大分県_宇佐市】都市計画基礎調査（土地利用現況・建物利用現況）（csvデータ）,CSV,28115,土地利用|建物,tabular,strict,https://www.geospatial.jp/ckan/dataset/7c90d63b-ea8a-4992-997b-b5565132ea84/resource/72f53b4e-c514-4701-a626-5ef073f8b8e8/download/oitakenusacsv.zip
geospatial-jp,G空間情報センター,都市・まちづくり推進課,_r3-oita-usa,大分県宇佐市_都市計画基礎調査調査結果の提供,https://www.geospatial.jp/ckan/dataset/_r3-oita-usa,GNU Free Documentation License,748d048c-9f83-4f0b-a280-4f79a69986de,【大分県_宇佐市】都市計画基礎調査（土地利用現況・建物利用現況）（shpデータ）,SHP,2078356,土地利用|建物,geo,strict,https://www.geospatial.jp/ckan/dataset/7c90d63b-ea8a-4992-997b-b5565132ea84/resource/748d048c-9f83-4f0b-a280-4f79a69986de/download/oitakenusashp.zip
geospatial-jp,G空間情報センター,都市・まちづくり推進課,_r3-oita-usa,大分県宇佐市_都市計画基礎調査調査結果の提供,https://www.geospatial.jp/ckan/dataset/_r3-oita-usa,GNU Free Documentation License,c18c9128-a3df-42d2-9d8c-2cdb63dd36da,【大分県_宇佐市】都市計画基礎調査（土地利用現況・建物利用現況）（csvデータ）,CSV,83958,土地利用|建物,tabular,strict,https://www.geospatial.jp/ckan/dataset/7c90d63b-ea8a-4992-997b-b5565132ea84/resource/c18c9128-a3df-42d2-9d8c-2cdb63dd36da/download/c0101_.csv
geospatial-jp,G空間情報センター,都市・まちづくり推進課,_r3-oita-hita,大分県日田市_都市計画基礎調査調査結果の提供,https://www.geospatial.jp/ckan/dataset/_r3-oita-hita,GNU Free Documentation License,2f0fda7c-cb98-42c8-899a-7f51a2896efd,【大分県_日田市】都市計画基礎調査（土地利用現況・建物利用現況）（csvデータ）,CSV,20314,土地利用|建物,tabular,strict,https://www.geospatial.jp/ckan/dataset/e498987a-98d6-4468-9f95-a7923fc4bdc2/resource/2f0fda7c-cb98-42c8-899a-7f51a2896efd/download/oitakenhitacsv.zip
geospatial-jp,G空間情報センター,都市・まちづくり推進課,_r3-oita-hita,大分県日田市_都市計画基礎調査調査結果の提供,https://www.geospatial.jp/ckan/dataset/_r3-oita-hita,GNU Free Documentation License,addbde1f-82a1-4306-9fc8-1f08105b4045,【大分県_日田市】都市計画基礎調査（土地利用現況・建物利用現況）（shpデータ）,SHP,3848844,土地利用|建物,geo,strict,https://www.geospatial.jp/ckan/dataset/e498987a-98d6-4468-9f95-a7923fc4bdc2/resource/addbde1f-82a1-4306-9fc8-1f08105b4045/download/oitakenhitashp.zip
geospatial-jp,G空間情報センター,都市・まちづくり推進課,_r3-oita-hita,大分県日田市_都市計画基礎調査調査結果の提供,https://www.geospatial.jp/ckan/dataset/_r3-oita-hita,GNU Free Documentation License,ed842e12-616d-4503-bec5-7c49710b368a,【大分県_日田市】都市計画基礎調査（人口）（csvデータ）,CSV,35098,人口,tabular,strict,https://www.geospatial.jp/ckan/dataset/e498987a-98d6-4468-9f95-a7923fc4bdc2/resource/ed842e12-616d-4503-bec5-7c49710b368a/download/c0101_.csv
geospatial-jp,G空間情報センター,都市・まちづくり推進課,_r3-oita-nakatsu,大分県中津市_都市計画基礎調査調査結果の提供,https://www.geospatial.jp/ckan/dataset/_r3-oita-nakatsu,GNU Free Documentation License,893207fb-53eb-42d8-8d2c-e56c49305f10,【大分県_中津市】都市計画基礎調査（土地利用現況・建物利用現況）（csvデータ）,CSV,25013,土地利用|建物,tabular,strict,https://www.geospatial.jp/ckan/dataset/c34b0d50-51dc-41b7-a94a-9eed64645cee/resource/893207fb-53eb-42d8-8d2c-e56c49305f10/download/oitakennakatsucsv.zip
geospatial-jp,G空間情報センター,都市・まちづくり推進課,_r3-oita-nakatsu,大分県中津市_都市計画基礎調査調査結果の提供,https://www.geospatial.jp/ckan/dataset/_r3-oita-nakatsu,GNU Free Documentation License,bbcb0cc2-f148-4e4b-923d-1cc6cf3f6d28,【大分県_中津市】都市計画基礎調査（土地利用現況・建物利用現況）（shpデータ）,SHP,2353829,土地利用|建物,geo,strict,https://www.geospatial.jp/ckan/dataset/c34b0d50-51dc-41b7-a94a-9eed64645cee/resource/bbcb0cc2-f148-4e4b-923d-1cc6cf3f6d28/download/oitakennakatsushp.zip
geospatial-jp,G空間情報センター,都市・まちづくり推進課,_r3-oita-nakatsu,大分県中津市_都市計画基礎調査調査結果の提供,https://www.geospatial.jp/ckan/dataset/_r3-oita-nakatsu,GNU Free Documentation License,959bbdfa-1e6d-48f0-8b0e-321260f68511,【大分県_中津市】都市計画基礎調査（人口）（csvデータ）,CSV,60177,人口,tabular,strict,https://www.geospatial.jp/ckan/dataset/c34b0d50-51dc-41b7-a94a-9eed64645cee/resource/959bbdfa-1e6d-48f0-8b0e-321260f68511/download/c0101_.csv
geospatial-jp,G空間情報センター,都市・まちづくり推進課,_r3-oita-kusu,大分県玖珠町_都市計画基礎調査調査結果の提供,https://www.geospatial.jp/ckan/dataset/_r3-oita-kusu,GNU Free Documentation License,d94f4fc4-a906-4d12-a595-86c9fbcf5c5c,【大分県_玖珠町】都市計画基礎調査（土地利用現況・建物利用現況）（csvデータ）,CSV,7228,土地利用|建物,tabular,strict,https://www.geospatial.jp/ckan/dataset/6273969d-efe4-425d-ae2d-d1ccf13b0680/resource/d94f4fc4-a906-4d12-a595-86c9fbcf5c5c/download/oitakenkusucsv.zip
geospatial-jp,G空間情報センター,都市・まちづくり推進課,_r3-oita-kusu,大分県玖珠町_都市計画基礎調査調査結果の提供,https://www.geospatial.jp/ckan/dataset/_r3-oita-kusu,GNU Free Documentation License,f9f50a3c-7cd3-4bab-8ba0-9e65225e25cb,【大分県_玖珠町】都市計画基礎調査（土地利用現況・建物利用現況）（shpデータ）,SHP,7228,土地利用|建物,geo,strict,https://www.geospatial.jp/ckan/dataset/6273969d-efe4-425d-ae2d-d1ccf13b0680/resource/f9f50a3c-7cd3-4bab-8ba0-9e65225e25cb/download/oitakenkusucsv.zip
geospatial-jp,G空間情報センター,都市・まちづくり推進課,_r3-oita-kusu,大分県玖珠町_都市計画基礎調査調査結果の提供,https://www.geospatial.jp/ckan/dataset/_r3-oita-kusu,GNU Free Documentation License,b4aca06b-8af3-4551-a1a4-a1b01fdc24b4,【大分県_玖珠町】都市計画基礎調査（人口）（csvデータ）,CSV,12517,人口,tabular,strict,https://www.geospatial.jp/ckan/dataset/6273969d-efe4-425d-ae2d-d1ccf13b0680/resource/b4aca06b-8af3-4551-a1a4-a1b01fdc24b4/download/c0101_.csv
geospatial-jp,G空間情報センター,都市・まちづくり推進課,_r3-oita-kitsuki,大分県杵築市_都市計画基礎調査調査結果の提供,https://www.geospatial.jp/ckan/dataset/_r3-oita-kitsuki,GNU Free Documentation License,71fa5a4e-a3c2-4e2b-8149-3b127f2f4504,【大分県_杵築市】都市計画基礎調査（土地利用現況・建物利用現況）（csvデータ）,CSV,10162,土地利用|建物,tabular,strict,https://www.geospatial.jp/ckan/dataset/abf68cc5-19f9-4a82-85f1-ed3e5f115da8/resource/71fa5a4e-a3c2-4e2b-8149-3b127f2f4504/download/oitakenkitsukicsv.zip
geospatial-jp,G空間情報センター,都市・まちづくり推進課,_r3-oita-kitsuki,大分県杵築市_都市計画基礎調査調査結果の提供,https://www.geospatial.jp/ckan/dataset/_r3-oita-kitsuki,GNU Free Documentation License,ded1c44e-afdf-43ce-8362-8c19d682749c,【大分県_杵築市】都市計画基礎調査（土地利用現況・建物利用現況）（shpデータ）,SHP,2512194,土地利用|建物,geo,strict,https://www.geospatial.jp/ckan/dataset/abf68cc5-19f9-4a82-85f1-ed3e5f115da8/resource/ded1c44e-afdf-43ce-8362-8c19d682749c/download/oitakenkitsukishp.zip
geospatial-jp,G空間情報センター,都市・まちづくり推進課,_r3-oita-kitsuki,大分県杵築市_都市計画基礎調査調査結果の提供,https://www.geospatial.jp/ckan/dataset/_r3-oita-kitsuki,GNU Free Documentation License,6a82dc02-0be5-4105-bda6-db156438b682,【大分県_杵築市】都市計画基礎調査（人口）（csvデータ）,CSV,52131,人口,tabular,strict,https://www.geospatial.jp/ckan/dataset/abf68cc5-19f9-4a82-85f1-ed3e5f115da8/resource/6a82dc02-0be5-4105-bda6-db156438b682/download/c0101_.csv
geospatial-jp,G空間情報センター,都市・まちづくり推進課,_r4-oita-oita,大分県大分市_都市計画基礎調査調査結果の提供,https://www.geospatial.jp/ckan/dataset/_r4-oita-oita,GNU Free Documentation License,8d09b658-5919-488b-ad73-19214ff14517,【大分県_大分市】都市計画基礎調査（土地利用現況・建物利用現況）（csvデータ）,CSV,209854,土地利用|建物,tabular,strict,https://www.geospatial.jp/ckan/dataset/c91d4ba2-b74f-41d4-9d4b-2daeb124530b/resource/8d09b658-5919-488b-ad73-19214ff14517/download/oitakenoitacsv.zip
geospatial-jp,G空間情報センター,都市・まちづくり推進課,_r4-oita-oita,大分県大分市_都市計画基礎調査調査結果の提供,https://www.geospatial.jp/ckan/dataset/_r4-oita-oita,GNU Free Documentation License,08d87695-5bf6-46f2-b67b-180e589c7c49,【大分県_大分市】都市計画基礎調査（土地利用現況・建物利用現況）（shpデータ）,SHP,11410128,土地利用|建物,geo,strict,https://www.geospatial.jp/ckan/dataset/c91d4ba2-b74f-41d4-9d4b-2daeb124530b/resource/08d87695-5bf6-46f2-b67b-180e589c7c49/download/oitakenoitashp.zip
geospatial-jp,G空間情報センター,都市・まちづくり推進課,_r4-oita-oita,大分県大分市_都市計画基礎調査調査結果の提供,https://www.geospatial.jp/ckan/dataset/_r4-oita-oita,GNU Free Documentation License,ca7e2659-7d0b-4463-b9a8-4dc31eaa6f5f,【大分県_大分市】都市計画基礎調査（人口）（csvデータ）,CSV,59315748,人口,tabular,strict,https://www.geospatial.jp/ckan/dataset/c91d4ba2-b74f-41d4-9d4b-2daeb124530b/resource/ca7e2659-7d0b-4463-b9a8-4dc31eaa6f5f/download/c0101_.csv
geospatial-jp,G空間情報センター,都市・まちづくり推進課,_r4-oita-tsukumi,大分県津久見市_都市計画基礎調査調査結果の提供,https://www.geospatial.jp/ckan/dataset/_r4-oita-tsukumi,GNU Free Documentation License,837c4881-c8df-4e02-9334-2dd992b41f2e,【大分県_津久見市】都市計画基礎調査（土地利用現況・建物利用現況）（csvデータ）,CSV,19689,土地利用|建物,tabular,strict,https://www.geospatial.jp/ckan/dataset/74465910-85c6-44e2-83d7-a3eb0d73d53f/resource/837c4881-c8df-4e02-9334-2dd992b41f2e/download/oitakentsukumicsv.zip
geospatial-jp,G空間情報センター,都市・まちづくり推進課,_r4-oita-tsukumi,大分県津久見市_都市計画基礎調査調査結果の提供,https://www.geospatial.jp/ckan/dataset/_r4-oita-tsukumi,GNU Free Documentation License,8125ecc3-f46e-408b-9aa5-ecae04a5a827,【大分県_津久見市】都市計画基礎調査（土地利用現況・建物利用現況）（shpデータ）,SHP,2771513,土地利用|建物,geo,strict,https://www.geospatial.jp/ckan/dataset/74465910-85c6-44e2-83d7-a3eb0d73d53f/resource/8125ecc3-f46e-408b-9aa5-ecae04a5a827/download/oitakentsukumishp.zip
geospatial-jp,G空間情報センター,都市・まちづくり推進課,_r4-oita-taketa,大分県竹田市_都市計画基礎調査調査結果の提供,https://www.geospatial.jp/ckan/dataset/_r4-oita-taketa,GNU Free Documentation License,b769690c-7031-47b0-b9a7-5e35d8d8f513,【大分県_竹田市】都市計画基礎調査（土地利用現況・建物利用現況）（csvデータ）,CSV,14176,土地利用|建物,tabular,strict,https://www.geospatial.jp/ckan/dataset/fc481db7-94b6-49a0-9c4e-0c3334b5710c/resource/b769690c-7031-47b0-b9a7-5e35d8d8f513/download/oitakentaketacsv.zip
geospatial-jp,G空間情報センター,都市・まちづくり推進課,_r4-oita-taketa,大分県竹田市_都市計画基礎調査調査結果の提供,https://www.geospatial.jp/ckan/dataset/_r4-oita-taketa,GNU Free Documentation License,2328f1ba-5757-47e7-807b-53c1a881cbf4,【大分県_竹田市】都市計画基礎調査（土地利用現況・建物利用現況）（shpデータ）,SHP,3792293,土地利用|建物,geo,strict,https://www.geospatial.jp/ckan/dataset/fc481db7-94b6-49a0-9c4e-0c3334b5710c/resource/2328f1ba-5757-47e7-807b-53c1a881cbf4/download/oitakentaketashp.zip
geospatial-jp,G空間情報センター,都市・まちづくり推進課,_r4-oita-bungoono,大分県豊後大野市_都市計画基礎調査調査結果の提供,https://www.geospatial.jp/ckan/dataset/_r4-oita-bungoono,GNU Free Documentation License,da33998b-b83c-4284-88bb-d3f1a89968b0,【大分県_豊後大野市】都市計画基礎調査（土地利用現況・建物利用現況）（csvデータ）,CSV,19972,土地利用|建物,tabular,strict,https://www.geospatial.jp/ckan/dataset/466c2c45-4a01-4b40-9ad8-25e4d98fbc98/resource/da33998b-b83c-4284-88bb-d3f1a89968b0/download/oitakenmiecsv.zip
geospatial-jp,G空間情報センター,都市・まちづくり推進課,_r4-oita-bungoono,大分県豊後大野市_都市計画基礎調査調査結果の提供,https://www.geospatial.jp/ckan/dataset/_r4-oita-bungoono,GNU Free Documentation License,656ebb52-4e76-4cd8-a78b-f5b1608f5fa5,【大分県_豊後大野市】都市計画基礎調査（土地利用現況・建物利用現況）（shpデータ）,SHP,4734008,土地利用|建物,geo,strict,https://www.geospatial.jp/ckan/dataset/466c2c45-4a01-4b40-9ad8-25e4d98fbc98/resource/656ebb52-4e76-4cd8-a78b-f5b1608f5fa5/download/oitakenmieshp.zip
geospatial-jp,G空間情報センター,さいたま市,saitamacity-toshikeikaku_r2,さいたま市都市計画基礎調査（基準年令和２年）,https://www.geospatial.jp/ckan/dataset/saitamacity-toshikeikaku_r2,CC-BY,f36094aa-031a-418c-ad18-7ce1711c5323,調査区,ZIP,2452383,,archive,strict,https://www.geospatial.jp/ckan/dataset/eaf74a38-f0d9-4834-8cad-59a3278743cf/resource/f36094aa-031a-418c-ad18-7ce1711c5323/download/chosaku.zip
geospatial-jp,G空間情報センター,さいたま市,saitamacity-toshikeikaku_r2,さいたま市都市計画基礎調査（基準年令和２年）,https://www.geospatial.jp/ckan/dataset/saitamacity-toshikeikaku_r2,CC-BY,d14bc63e-ff2f-4788-a8ca-77d3c45b50ff,人口,ZIP,60311,人口,archive,strict,https://www.geospatial.jp/ckan/dataset/eaf74a38-f0d9-4834-8cad-59a3278743cf/resource/d14bc63e-ff2f-4788-a8ca-77d3c45b50ff/download/jinko.zip
geospatial-jp,G空間情報センター,さいたま市,saitamacity-toshikeikaku_r2,さいたま市都市計画基礎調査（基準年令和２年）,https://www.geospatial.jp/ckan/dataset/saitamacity-toshikeikaku_r2,CC-BY,e2153be4-8ebd-4b3e-b3f4-fb1b5f851313,土地利用現況,ZIP,46025760,土地利用,archive,strict,https://www.geospatial.jp/ckan/dataset/eaf74a38-f0d9-4834-8cad-59a3278743cf/resource/e2153be4-8ebd-4b3e-b3f4-fb1b5f851313/download/tochiriyou.zip
geospatial-jp,G空間情報センター,さいたま市,saitamacity-toshikeikaku_r2,さいたま市都市計画基礎調査（基準年令和２年）,https://www.geospatial.jp/ckan/dataset/saitamacity-toshikeikaku_r2,CC-BY,c701326f-e0a1-4984-85f0-df9c4796e04f,市街化区域内農地・未利用地,ZIP,39524,土地利用,archive,strict,https://www.geospatial.jp/ckan/dataset/eaf74a38-f0d9-4834-8cad-59a3278743cf/resource/c701326f-e0a1-4984-85f0-df9c4796e04f/download/nouchi-miriyochi.zip
geospatial-jp,G空間情報センター,さいたま市,saitamacity-toshikeikaku_r2,さいたま市都市計画基礎調査（基準年令和２年）,https://www.geospatial.jp/ckan/dataset/saitamacity-toshikeikaku_r2,CC-BY,435e4308-7a19-48ca-ae14-18092aa9aeff,非可住地現況,ZIP,1952589,,archive,strict,https://www.geospatial.jp/ckan/dataset/eaf74a38-f0d9-4834-8cad-59a3278743cf/resource/435e4308-7a19-48ca-ae14-18092aa9aeff/download/hikazyuuchi.zip
geospatial-jp,G空間情報センター,さいたま市,saitamacity-toshikeikaku_r2,さいたま市都市計画基礎調査（基準年令和２年）,https://www.geospatial.jp/ckan/dataset/saitamacity-toshikeikaku_r2,CC-BY,1447118f-c6e9-4ad0-8686-9b03068767a2,工場跡地の土地利用転換状況,ZIP,80186,土地利用,archive,strict,https://www.geospatial.jp/ckan/dataset/eaf74a38-f0d9-4834-8cad-59a3278743cf/resource/1447118f-c6e9-4ad0-8686-9b03068767a2/download/kojyoatochi.zip
geospatial-jp,G空間情報センター,さいたま市,saitamacity-toshikeikaku_r2,さいたま市都市計画基礎調査（基準年令和２年）,https://www.geospatial.jp/ckan/dataset/saitamacity-toshikeikaku_r2,CC-BY,192428c4-9285-4d48-9290-a0aeb8505c37,市街地開発事業等,ZIP,459108,土地利用,archive,strict,https://www.geospatial.jp/ckan/dataset/eaf74a38-f0d9-4834-8cad-59a3278743cf/resource/192428c4-9285-4d48-9290-a0aeb8505c37/download/shigaichikaihatujigyou.zip
geospatial-jp,G空間情報センター,さいたま市,saitamacity-toshikeikaku_r2,さいたま市都市計画基礎調査（基準年令和２年）,https://www.geospatial.jp/ckan/dataset/saitamacity-toshikeikaku_r2,CC-BY,be62b36b-012f-4a45-aafa-b1ed80b688ff,市街化調整区域内開発許可状況,ZIP,140820,土地利用,archive,strict,https://www.geospatial.jp/ckan/dataset/eaf74a38-f0d9-4834-8cad-59a3278743cf/resource/be62b36b-012f-4a45-aafa-b1ed80b688ff/download/kaihatukyoka.zip
geospatial-jp,G空間情報センター,さいたま市,saitamacity-toshikeikaku_r2,さいたま市都市計画基礎調査（基準年令和２年）,https://www.geospatial.jp/ckan/dataset/saitamacity-toshikeikaku_r2,CC-BY,cd74b861-8c7f-4118-9ec1-115ca165defa,農地転用状況,ZIP,104710,土地利用,archive,strict,https://www.geospatial.jp/ckan/dataset/eaf74a38-f0d9-4834-8cad-59a3278743cf/resource/cd74b861-8c7f-4118-9ec1-115ca165defa/download/nouchitenyou.zip
geospatial-jp,G空間情報センター,さいたま市,saitamacity-toshikeikaku_r2,さいたま市都市計画基礎調査（基準年令和２年）,https://www.geospatial.jp/ckan/dataset/saitamacity-toshikeikaku_r2,CC-BY,3b634dcb-6ce6-4ff2-9203-c8956a0797e4,農林漁業関係施策状況,ZIP,100102,,archive,strict,https://www.geospatial.jp/ckan/dataset/eaf74a38-f0d9-4834-8cad-59a3278743cf/resource/3b634dcb-6ce6-4ff2-9203-c8956a0797e4/download/nourin-gyogyou.zip
geospatial-jp,G空間情報センター,さいたま市,saitamacity-toshikeikaku_r2,さいたま市都市計画基礎調査（基準年令和２年）,https://www.geospatial.jp/ckan/dataset/saitamacity-toshikeikaku_r2,CC-BY,c01ac921-cad3-4495-8a73-e687c2c34d88,建築状況,ZIP,69634,建物,archive,strict,https://www.geospatial.jp/ckan/dataset/eaf74a38-f0d9-4834-8cad-59a3278743cf/resource/c01ac921-cad3-4495-8a73-e687c2c34d88/download/kenchiku.zip
geospatial-jp,G空間情報センター,さいたま市,saitamacity-toshikeikaku_r2,さいたま市都市計画基礎調査（基準年令和２年）,https://www.geospatial.jp/ckan/dataset/saitamacity-toshikeikaku_r2,CC-BY,badfa345-5403-462a-aeab-0f368510ba2b,大型店・商店街,ZIP,146138,,archive,strict,https://www.geospatial.jp/ckan/dataset/eaf74a38-f0d9-4834-8cad-59a3278743cf/resource/badfa345-5403-462a-aeab-0f368510ba2b/download/oogataten.zip
geospatial-jp,G空間情報センター,さいたま市,saitamacity-toshikeikaku_r2,さいたま市都市計画基礎調査（基準年令和２年）,https://www.geospatial.jp/ckan/dataset/saitamacity-toshikeikaku_r2,CC-BY,1b0be252-bef6-4c8c-890c-4135e4310d50,空き家の状況,ZIP,37611,建物,archive,strict,https://www.geospatial.jp/ckan/dataset/eaf74a38-f0d9-4834-8cad-59a3278743cf/resource/1b0be252-bef6-4c8c-890c-4135e4310d50/download/akiya.zip
geospatial-jp,G空間情報センター,さいたま市,saitamacity-toshikeikaku_r2,さいたま市都市計画基礎調査（基準年令和２年）,https://www.geospatial.jp/ckan/dataset/saitamacity-toshikeikaku_r2,CC-BY,b8642dfb-e62c-4fdb-ad8f-306960591f62,建物現況調査（市独自調査）,ZIP,52553290,建物,archive,strict,https://www.geospatial.jp/ckan/dataset/eaf74a38-f0d9-4834-8cad-59a3278743cf/resource/b8642dfb-e62c-4fdb-ad8f-306960591f62/download/tatemono.zip
geospatial-jp,G空間情報センター,さいたま市,saitamacity-toshikeikaku_r2,さいたま市都市計画基礎調査（基準年令和２年）,https://www.geospatial.jp/ckan/dataset/saitamacity-toshikeikaku_r2,CC-BY,51b131d3-ab13-430e-b216-3007d90c2afe,都市防災機能状況,ZIP,325404,災害,archive,strict,https://www.geospatial.jp/ckan/dataset/eaf74a38-f0d9-4834-8cad-59a3278743cf/resource/51b131d3-ab13-430e-b216-3007d90c2afe/download/toshibosai.zip
geospatial-jp,G空間情報センター,埼玉県,11000-101,110001_埼玉県_平成22年度埼玉県都市計画基礎調査調査結果の提供,https://www.geospatial.jp/ckan/dataset/11000-101,CC-BY,53494c2a-ff8c-4b36-ad36-bc1365f16b9f,【埼玉県】平成22年度埼玉県都市計画基礎調査 調査結果の提供（GISデータ）大調査区,SHP,,,geo,strict,https://www.geospatial.jp/ckan/dataset/9e695b8b-eebf-496f-9fc3-022484d9fcdb/resource/53494c2a-ff8c-4b36-ad36-bc1365f16b9f/download/ckan01daityosaku.zip
geospatial-jp,G空間情報センター,埼玉県,11000-101,110001_埼玉県_平成22年度埼玉県都市計画基礎調査調査結果の提供,https://www.geospatial.jp/ckan/dataset/11000-101,CC-BY,e4cd4569-51fc-45d1-a943-782398211c6e,【埼玉県】平成22年度埼玉県都市計画基礎調査 調査結果の提供（GISデータ）さいたま市（1）,SHP,,,geo,strict,https://www.geospatial.jp/ckan/dataset/9e695b8b-eebf-496f-9fc3-022484d9fcdb/resource/e4cd4569-51fc-45d1-a943-782398211c6e/download/1saitamasi01.zip
geospatial-jp,G空間情報センター,埼玉県,11000-101,110001_埼玉県_平成22年度埼玉県都市計画基礎調査調査結果の提供,https://www.geospatial.jp/ckan/dataset/11000-101,CC-BY,60f8213a-67dd-43e4-99b8-738c0b31cd59,【埼玉県】平成22年度埼玉県都市計画基礎調査 調査結果の提供（GISデータ）さいたま市（2）,SHP,,,geo,strict,https://www.geospatial.jp/ckan/dataset/9e695b8b-eebf-496f-9fc3-022484d9fcdb/resource/60f8213a-67dd-43e4-99b8-738c0b31cd59/download/1saitamasi02.zip
geospatial-jp,G空間情報センター,埼玉県,11000-101,110001_埼玉県_平成22年度埼玉県都市計画基礎調査調査結果の提供,https://www.geospatial.jp/ckan/dataset/11000-101,CC-BY,3cf38700-1213-4505-a17b-79132651fa47,【埼玉県】平成22年度埼玉県都市計画基礎調査 調査結果の提供（GISデータ）さいたま市（3）,SHP,,,geo,strict,https://www.geospatial.jp/ckan/dataset/9e695b8b-eebf-496f-9fc3-022484d9fcdb/resource/3cf38700-1213-4505-a17b-79132651fa47/download/1saitamasi03.zip
geospatial-jp,G空間情報センター,埼玉県,11000-101,110001_埼玉県_平成22年度埼玉県都市計画基礎調査調査結果の提供,https://www.geospatial.jp/ckan/dataset/11000-101,CC-BY,313fef8b-cb73-4946-85aa-042c7c4de39b,【埼玉県】平成22年度埼玉県都市計画基礎調査 調査結果の提供（GISデータ）さいたま市（4）,SHP,,,geo,strict,https://www.geospatial.jp/ckan/dataset/9e695b8b-eebf-496f-9fc3-022484d9fcdb/resource/313fef8b-cb73-4946-85aa-042c7c4de39b/download/1saitamasi04.zip
geospatial-jp,G空間情報センター,埼玉県,11000-101,110001_埼玉県_平成22年度埼玉県都市計画基礎調査調査結果の提供,https://www.geospatial.jp/ckan/dataset/11000-101,CC-BY,55cfe6b6-550b-4edc-ae03-3715befd477d,【埼玉県】平成22年度埼玉県都市計画基礎調査 調査結果の提供（GISデータ）さいたま市（5）,SHP,,,geo,strict,https://www.geospatial.jp/ckan/dataset/9e695b8b-eebf-496f-9fc3-022484d9fcdb/resource/55cfe6b6-550b-4edc-ae03-3715befd477d/download/1saitamasi05.zip
geospatial-jp,G空間情報センター,埼玉県,11000-101,110001_埼玉県_平成22年度埼玉県都市計画基礎調査調査結果の提供,https://www.geospatial.jp/ckan/dataset/11000-101,CC-BY,4ef4ebd8-34db-4b80-b404-49dcf61df676,【埼玉県】平成22年度埼玉県都市計画基礎調査 調査結果の提供（GISデータ）さいたま市（6）,SHP,,,geo,strict,https://www.geospatial.jp/ckan/dataset/9e695b8b-eebf-496f-9fc3-022484d9fcdb/resource/4ef4ebd8-34db-4b80-b404-49dcf61df676/download/1saitamasi06.zip
geospatial-jp,G空間情報センター,埼玉県,11000-101,110001_埼玉県_平成22年度埼玉県都市計画基礎調査調査結果の提供,https://www.geospatial.jp/ckan/dataset/11000-101,CC-BY,814347f0-fe97-4a6c-b901-e2f8bea361a8,【埼玉県】平成22年度埼玉県都市計画基礎調査 調査結果の提供（GISデータ）小調査区,SHP,,,geo,strict,https://www.geospatial.jp/ckan/dataset/9e695b8b-eebf-496f-9fc3-022484d9fcdb/resource/814347f0-fe97-4a6c-b901-e2f8bea361a8/download/02syotyosaku.zip
geospatial-jp,G空間情報センター,埼玉県,11000-101,110001_埼玉県_平成22年度埼玉県都市計画基礎調査調査結果の提供,https://www.geospatial.jp/ckan/dataset/11000-101,CC-BY,a7579294-f1a9-4fa7-9a97-3ca50db39062,【埼玉県】平成22年度埼玉県都市計画基礎調査 調査結果の提供（GISデータ）川越市（1）,SHP,,,geo,strict,https://www.geospatial.jp/ckan/dataset/9e695b8b-eebf-496f-9fc3-022484d9fcdb/resource/a7579294-f1a9-4fa7-9a97-3ca50db39062/download/2kawagoesi01.zip
geospatial-jp,G空間情報センター,埼玉県,11000-101,110001_埼玉県_平成22年度埼玉県都市計画基礎調査調査結果の提供,https://www.geospatial.jp/ckan/dataset/11000-101,CC-BY,9264ca71-0c56-4d06-8423-dc6c65041b8e,【埼玉県】平成22年度埼玉県都市計画基礎調査 調査結果の提供（GISデータ）川越市（2）,SHP,,,geo,strict,https://www.geospatial.jp/ckan/dataset/9e695b8b-eebf-496f-9fc3-022484d9fcdb/resource/9264ca71-0c56-4d06-8423-dc6c65041b8e/download/2kawagoesi02.zip
geospatial-jp,G空間情報センター,埼玉県,11000-101,110001_埼玉県_平成22年度埼玉県都市計画基礎調査調査結果の提供,https://www.geospatial.jp/ckan/dataset/11000-101,CC-BY,6d925725-6c05-47f7-9ed9-aec88aff6381,【埼玉県】平成22年度埼玉県都市計画基礎調査 調査結果の提供（GISデータ）熊谷市（1）,SHP,,,geo,strict,https://www.geospatial.jp/ckan/dataset/9e695b8b-eebf-496f-9fc3-022484d9fcdb/resource/6d925725-6c05-47f7-9ed9-aec88aff6381/download/3kumagayasi01.zip
geospatial-jp,G空間情報センター,埼玉県,11000-101,110001_埼玉県_平成22年度埼玉県都市計画基礎調査調査結果の提供,https://www.geospatial.jp/ckan/dataset/11000-101,CC-BY,cb04c386-760c-438a-bf17-625b468b4b85,【埼玉県】平成22年度埼玉県都市計画基礎調査 調査結果の提供（GISデータ）熊谷市（2）,SHP,,,geo,strict,https://www.geospatial.jp/ckan/dataset/9e695b8b-eebf-496f-9fc3-022484d9fcdb/resource/cb04c386-760c-438a-bf17-625b468b4b85/download/3kumagayasi02.zip
geospatial-jp,G空間情報センター,埼玉県,11000-101,110001_埼玉県_平成22年度埼玉県都市計画基礎調査調査結果の提供,https://www.geospatial.jp/ckan/dataset/11000-101,CC-BY,5017a7e7-4dd2-45e4-8b32-665f00e04cb3,【埼玉県】平成22年度埼玉県都市計画基礎調査 調査結果の提供（GISデータ）熊谷市（3）,SHP,,,geo,strict,https://www.geospatial.jp/ckan/dataset/9e695b8b-eebf-496f-9fc3-022484d9fcdb/resource/5017a7e7-4dd2-45e4-8b32-665f00e04cb3/download/3kumagayasi03.zip
geospatial-jp,G空間情報センター,埼玉県,11000-101,110001_埼玉県_平成22年度埼玉県都市計画基礎調査調査結果の提供,https://www.geospatial.jp/ckan/dataset/11000-101,CC-BY,1e4afc82-0525-4152-8389-8e6756e2eb60,【埼玉県】平成22年度埼玉県都市計画基礎調査 調査結果の提供（GISデータ）熊谷市（4）,SHP,,,geo,strict,https://www.geospatial.jp/ckan/dataset/9e695b8b-eebf-496f-9fc3-022484d9fcdb/resource/1e4afc82-0525-4152-8389-8e6756e2eb60/download/3kumagayasi04.zip
geospatial-jp,G空間情報センター,埼玉県,11000-101,110001_埼玉県_平成22年度埼玉県都市計画基礎調査調査結果の提供,https://www.geospatial.jp/ckan/dataset/11000-101,CC-BY,bb48bf48-7f8c-46b2-b546-a378cb4a51ce,【埼玉県】平成22年度埼玉県都市計画基礎調査 調査結果の提供（GISデータ）川口市,SHP,,,geo,strict,https://www.geospatial.jp/ckan/dataset/9e695b8b-eebf-496f-9fc3-022484d9fcdb/resource/bb48bf48-7f8c-46b2-b546-a378cb4a51ce/download/4kawaguchisi.zip
geospatial-jp,G空間情報センター,埼玉県,11000-101,110001_埼玉県_平成22年度埼玉県都市計画基礎調査調査結果の提供,https://www.geospatial.jp/ckan/dataset/11000-101,CC-BY,5b2f1d4e-2c3b-4af0-a1b3-9a45daefb5c3,【埼玉県】平成22年度埼玉県都市計画基礎調査 調査結果の提供（GISデータ）行田市,SHP,,,geo,strict,https://www.geospatial.jp/ckan/dataset/9e695b8b-eebf-496f-9fc3-022484d9fcdb/resource/5b2f1d4e-2c3b-4af0-a1b3-9a45daefb5c3/download/5gyodasi.zip
geospatial-jp,G空間情報センター,埼玉県,11000-101,110001_埼玉県_平成22年度埼玉県都市計画基礎調査調査結果の提供,https://www.geospatial.jp/ckan/dataset/11000-101,CC-BY,a99f3c37-4792-43e2-be99-c9068de7ea01,【埼玉県】平成22年度埼玉県都市計画基礎調査 調査結果の提供（GISデータ）秩父市（1）,SHP,,,geo,strict,https://www.geospatial.jp/ckan/dataset/9e695b8b-eebf-496f-9fc3-022484d9fcdb/resource/a99f3c37-4792-43e2-be99-c9068de7ea01/download/6titibusi01.zip
geospatial-jp,G空間情報センター,埼玉県,11000-101,110001_埼玉県_平成22年度埼玉県都市計画基礎調査調査結果の提供,https://www.geospatial.jp/ckan/dataset/11000-101,CC-BY,43e23359-1b74-42bb-b76e-4e00481c0338,【埼玉県】平成22年度埼玉県都市計画基礎調査 調査結果の提供（GISデータ）秩父市（2）,SHP,,,geo,strict,https://www.geospatial.jp/ckan/dataset/9e695b8b-eebf-496f-9fc3-022484d9fcdb/resource/43e23359-1b74-42bb-b76e-4e00481c0338/download/6titibusi02.zip
geospatial-jp,G空間情報センター,埼玉県,11000-101,110001_埼玉県_平成22年度埼玉県都市計画基礎調査調査結果の提供,https://www.geospatial.jp/ckan/dataset/11000-101,CC-BY,869a342c-b844-4a55-af3d-45b74b11f0c5,【埼玉県】平成22年度埼玉県都市計画基礎調査 調査結果の提供（GISデータ）所沢市,SHP,,,geo,strict,https://www.geospatial.jp/ckan/dataset/9e695b8b-eebf-496f-9fc3-022484d9fcdb/resource/869a342c-b844-4a55-af3d-45b74b11f0c5/download/7tokorozawasi.zip
geospatial-jp,G空間情報センター,埼玉県,11000-101,110001_埼玉県_平成22年度埼玉県都市計画基礎調査調査結果の提供,https://www.geospatial.jp/ckan/dataset/11000-101,CC-BY,7ca9e233-9115-4671-ae0a-c8bdaae68b89,【埼玉県】平成22年度埼玉県都市計画基礎調査 調査結果の提供（GISデータ）飯能市,SHP,,,geo,strict,https://www.geospatial.jp/ckan/dataset/9e695b8b-eebf-496f-9fc3-022484d9fcdb/resource/7ca9e233-9115-4671-ae0a-c8bdaae68b89/download/8hannoshi.zip
geospatial-jp,G空間情報センター,埼玉県,11000-101,110001_埼玉県_平成22年度埼玉県都市計画基礎調査調査結果の提供,https://www.geospatial.jp/ckan/dataset/11000-101,CC-BY,728160e9-35bd-43cf-b986-717f42f027a4,【埼玉県】平成22年度埼玉県都市計画基礎調査 調査結果の提供（GISデータ）加須市（1）,SHP,,,geo,strict,https://www.geospatial.jp/ckan/dataset/9e695b8b-eebf-496f-9fc3-022484d9fcdb/resource/728160e9-35bd-43cf-b986-717f42f027a4/download/9kazosi01.zip
geospatial-jp,G空間情報センター,埼玉県,11000-101,110001_埼玉県_平成22年度埼玉県都市計画基礎調査調査結果の提供,https://www.geospatial.jp/ckan/dataset/11000-101,CC-BY,693ee032-5644-4cd4-8100-ef5bd4feac3c,【埼玉県】平成22年度埼玉県都市計画基礎調査 調査結果の提供（GISデータ）加須市（2）,SHP,,,geo,strict,https://www.geospatial.jp/ckan/dataset/9e695b8b-eebf-496f-9fc3-022484d9fcdb/resource/693ee032-5644-4cd4-8100-ef5bd4feac3c/download/9kazosi02.zip
geospatial-jp,G空間情報センター,埼玉県,11000-101,110001_埼玉県_平成22年度埼玉県都市計画基礎調査調査結果の提供,https://www.geospatial.jp/ckan/dataset/11000-101,CC-BY,cadfbb9d-f8df-4dad-bca8-cc0f2eabe966,【埼玉県】平成22年度埼玉県都市計画基礎調査 調査結果の提供（GISデータ）本庄市,SHP,,,geo,strict,https://www.geospatial.jp/ckan/dataset/9e695b8b-eebf-496f-9fc3-022484d9fcdb/resource/cadfbb9d-f8df-4dad-bca8-cc0f2eabe966/download/10honjosi.zip
geospatial-jp,G空間情報センター,埼玉県,11000-101,110001_埼玉県_平成22年度埼玉県都市計画基礎調査調査結果の提供,https://www.geospatial.jp/ckan/dataset/11000-101,CC-BY,02fe09a3-53bd-4cf3-89e7-595c4916467f,【埼玉県】平成22年度埼玉県都市計画基礎調査 調査結果の提供（GISデータ）東松山市（1）,SHP,,,geo,strict,https://www.geospatial.jp/ckan/dataset/9e695b8b-eebf-496f-9fc3-022484d9fcdb/resource/02fe09a3-53bd-4cf3-89e7-595c4916467f/download/11higasimatuyamasi01.zip
geospatial-jp,G空間情報センター,埼玉県,11000-101,110001_埼玉県_平成22年度埼玉県都市計画基礎調査調査結果の提供,https://www.geospatial.jp/ckan/dataset/11000-101,CC-BY,034bb55b-55fb-41eb-8f84-308644fb48e3,【埼玉県】平成22年度埼玉県都市計画基礎調査 調査結果の提供（GISデータ）東松山市（2）,SHP,,,geo,strict,https://www.geospatial.jp/ckan/dataset/9e695b8b-eebf-496f-9fc3-022484d9fcdb/resource/034bb55b-55fb-41eb-8f84-308644fb48e3/download/11higasimatuyamasi02.zip
geospatial-jp,G空間情報センター,埼玉県,11000-101,110001_埼玉県_平成22年度埼玉県都市計画基礎調査調査結果の提供,https://www.geospatial.jp/ckan/dataset/11000-101,CC-BY,3a8a5b2a-7b4a-4bb6-a664-40a956ef69c3,【埼玉県】平成22年度埼玉県都市計画基礎調査 調査結果の提供（GISデータ）春日部市（1）,SHP,,,geo,strict,https://www.geospatial.jp/ckan/dataset/9e695b8b-eebf-496f-9fc3-022484d9fcdb/resource/3a8a5b2a-7b4a-4bb6-a664-40a956ef69c3/download/12kasukabesi01.zip
geospatial-jp,G空間情報センター,埼玉県,11000-101,110001_埼玉県_平成22年度埼玉県都市計画基礎調査調査結果の提供,https://www.geospatial.jp/ckan/dataset/11000-101,CC-BY,d986547a-b23b-4ab7-958e-2d985b603e08,【埼玉県】平成22年度埼玉県都市計画基礎調査 調査結果の提供（GISデータ）春日部市（2）,SHP,,,geo,strict,https://www.geospatial.jp/ckan/dataset/9e695b8b-eebf-496f-9fc3-022484d9fcdb/resource/d986547a-b23b-4ab7-958e-2d985b603e08/download/12kasukabesi02.zip
geospatial-jp,G空間情報センター,埼玉県,11000-101,110001_埼玉県_平成22年度埼玉県都市計画基礎調査調査結果の提供,https://www.geospatial.jp/ckan/dataset/11000-101,CC-BY,d76f7a2c-12f6-4208-9ea0-d58377c3a1d4,【埼玉県】平成22年度埼玉県都市計画基礎調査 調査結果の提供（GISデータ）狭山市,SHP,,,geo,strict,https://www.geospatial.jp/ckan/dataset/9e695b8b-eebf-496f-9fc3-022484d9fcdb/resource/d76f7a2c-12f6-4208-9ea0-d58377c3a1d4/download/13sayamashi.zip
geospatial-jp,G空間情報センター,埼玉県,11000-101,110001_埼玉県_平成22年度埼玉県都市計画基礎調査調査結果の提供,https://www.geospatial.jp/ckan/dataset/11000-101,CC-BY,6f589141-cbfe-488a-86ae-8833a882334f,【埼玉県】平成22年度埼玉県都市計画基礎調査 調査結果の提供（GISデータ）羽生市,SHP,,,geo,strict,https://www.geospatial.jp/ckan/dataset/9e695b8b-eebf-496f-9fc3-022484d9fcdb/resource/6f589141-cbfe-488a-86ae-8833a882334f/download/14hanyusi.zip
geospatial-jp,G空間情報センター,埼玉県,11000-101,110001_埼玉県_平成22年度埼玉県都市計画基礎調査調査結果の提供,https://www.geospatial.jp/ckan/dataset/11000-101,CC-BY,dfec6777-a109-468a-be6c-f9d9ad95bfea,【埼玉県】平成22年度埼玉県都市計画基礎調査 調査結果の提供（GISデータ）鴻巣市,SHP,,,geo,strict,https://www.geospatial.jp/ckan/dataset/9e695b8b-eebf-496f-9fc3-022484d9fcdb/resource/dfec6777-a109-468a-be6c-f9d9ad95bfea/download/15konosusi.zip
geospatial-jp,G空間情報センター,埼玉県,11000-101,110001_埼玉県_平成22年度埼玉県都市計画基礎調査調査結果の提供,https://www.geospatial.jp/ckan/dataset/11000-101,CC-BY,22fab32d-21b4-4d90-8088-e00eb55b47c7,【埼玉県】平成22年度埼玉県都市計画基礎調査 調査結果の提供（GISデータ）深谷市（1）,SHP,,,geo,strict,https://www.geospatial.jp/ckan/dataset/9e695b8b-eebf-496f-9fc3-022484d9fcdb/resource/22fab32d-21b4-4d90-8088-e00eb55b47c7/download/16hukayasi01.zip
geospatial-jp,G空間情報センター,埼玉県,11000-101,110001_埼玉県_平成22年度埼玉県都市計画基礎調査調査結果の提供,https://www.geospatial.jp/ckan/dataset/11000-101,CC-BY,371635bc-609f-4011-b19d-6854fea9ab7f,【埼玉県】平成22年度埼玉県都市計画基礎調査 調査結果の提供（GISデータ）深谷市（2）,SHP,,,geo,strict,https://www.geospatial.jp/ckan/dataset/9e695b8b-eebf-496f-9fc3-022484d9fcdb/resource/371635bc-609f-4011-b19d-6854fea9ab7f/download/16hukayasi02.zip
geospatial-jp,G空間情報センター,埼玉県,11000-101,110001_埼玉県_平成22年度埼玉県都市計画基礎調査調査結果の提供,https://www.geospatial.jp/ckan/dataset/11000-101,CC-BY,7f3a7578-b3b1-4bb4-af88-eb934753f645,【埼玉県】平成22年度埼玉県都市計画基礎調査 調査結果の提供（GISデータ）深谷市（3）,SHP,,,geo,strict,https://www.geospatial.jp/ckan/dataset/9e695b8b-eebf-496f-9fc3-022484d9fcdb/resource/7f3a7578-b3b1-4bb4-af88-eb934753f645/download/16hukayasi03.zip
geospatial-jp,G空間情報センター,埼玉県,11000-101,110001_埼玉県_平成22年度埼玉県都市計画基礎調査調査結果の提供,https://www.geospatial.jp/ckan/dataset/11000-101,CC-BY,30564d61-10dd-45ee-8d78-0e727e2424c5,【埼玉県】平成22年度埼玉県都市計画基礎調査 調査結果の提供（GISデータ）深谷市（4）,SHP,,,geo,strict,https://www.geospatial.jp/ckan/dataset/9e695b8b-eebf-496f-9fc3-022484d9fcdb/resource/30564d61-10dd-45ee-8d78-0e727e2424c5/download/16hukayasi04.zip
geospatial-jp,G空間情報センター,埼玉県,11000-101,110001_埼玉県_平成22年度埼玉県都市計画基礎調査調査結果の提供,https://www.geospatial.jp/ckan/dataset/11000-101,CC-BY,9566e74d-d888-4e0b-8e28-1e6b5dee1272,【埼玉県】平成22年度埼玉県都市計画基礎調査 調査結果の提供（GISデータ）上尾市,SHP,,,geo,strict,https://www.geospatial.jp/ckan/dataset/9e695b8b-eebf-496f-9fc3-022484d9fcdb/resource/9566e74d-d888-4e0b-8e28-1e6b5dee1272/download/17ageosi.zip
geospatial-jp,G空間情報センター,埼玉県,11000-101,110001_埼玉県_平成22年度埼玉県都市計画基礎調査調査結果の提供,https://www.geospatial.jp/ckan/dataset/11000-101,CC-BY,ccaa337c-dc04-4589-b276-c4ab6c14a846,【埼玉県】平成22年度埼玉県都市計画基礎調査 調査結果の提供（GISデータ）草加市,SHP,,,geo,strict,https://www.geospatial.jp/ckan/dataset/9e695b8b-eebf-496f-9fc3-022484d9fcdb/resource/ccaa337c-dc04-4589-b276-c4ab6c14a846/download/18sokasi.zip
geospatial-jp,G空間情報センター,埼玉県,11000-101,110001_埼玉県_平成22年度埼玉県都市計画基礎調査調査結果の提供,https://www.geospatial.jp/ckan/dataset/11000-101,CC-BY,3399e39d-5180-450a-a427-3517211abb28,【埼玉県】平成22年度埼玉県都市計画基礎調査 調査結果の提供（GISデータ）越谷市,SHP,,,geo,strict,https://www.geospatial.jp/ckan/dataset/9e695b8b-eebf-496f-9fc3-022484d9fcdb/resource/3399e39d-5180-450a-a427-3517211abb28/download/19kosigayasi.zip
geospatial-jp,G空間情報センター,埼玉県,11000-101,110001_埼玉県_平成22年度埼玉県都市計画基礎調査調査結果の提供,https://www.geospatial.jp/ckan/dataset/11000-101,CC-BY,2882250a-0dfa-45d3-a67e-81544e1b8a00,【埼玉県】平成22年度埼玉県都市計画基礎調査 調査結果の提供（GISデータ）蕨市,SHP,,,geo,strict,https://www.geospatial.jp/ckan/dataset/9e695b8b-eebf-496f-9fc3-022484d9fcdb/resource/2882250a-0dfa-45d3-a67e-81544e1b8a00/download/20warabisi.zip
geospatial-jp,G空間情報センター,埼玉県,11000-101,110001_埼玉県_平成22年度埼玉県都市計画基礎調査調査結果の提供,https://www.geospatial.jp/ckan/dataset/11000-101,CC-BY,52fa6a68-6bf1-43ef-b1d3-f9202c6f16e6,【埼玉県】平成22年度埼玉県都市計画基礎調査 調査結果の提供（GISデータ）戸田市,SHP,,,geo,strict,https://www.geospatial.jp/ckan/dataset/9e695b8b-eebf-496f-9fc3-022484d9fcdb/resource/52fa6a68-6bf1-43ef-b1d3-f9202c6f16e6/download/21todasi.zip
geospatial-jp,G空間情報センター,埼玉県,11000-101,110001_埼玉県_平成22年度埼玉県都市計画基礎調査調査結果の提供,https://www.geospatial.jp/ckan/dataset/11000-101,CC-BY,9c11a01a-5a8a-45c6-ae6f-c9c5b6043efd,【埼玉県】平成22年度埼玉県都市計画基礎調査 調査結果の提供（GISデータ）入間市,SHP,,,geo,strict,https://www.geospatial.jp/ckan/dataset/9e695b8b-eebf-496f-9fc3-022484d9fcdb/resource/9c11a01a-5a8a-45c6-ae6f-c9c5b6043efd/download/22irumasi.zip
geospatial-jp,G空間情報センター,埼玉県,11000-101,110001_埼玉県_平成22年度埼玉県都市計画基礎調査調査結果の提供,https://www.geospatial.jp/ckan/dataset/11000-101,CC-BY,fbbaf0af-1616-4ad5-a6bd-fa419a37584f,【埼玉県】平成22年度埼玉県都市計画基礎調査 調査結果の提供（GISデータ）朝霞市,SHP,,,geo,strict,https://www.geospatial.jp/ckan/dataset/9e695b8b-eebf-496f-9fc3-022484d9fcdb/resource/fbbaf0af-1616-4ad5-a6bd-fa419a37584f/download/23asakasi.zip
geospatial-jp,G空間情報センター,埼玉県,11000-101,110001_埼玉県_平成22年度埼玉県都市計画基礎調査調査結果の提供,https://www.geospatial.jp/ckan/dataset/11000-101,CC-BY,04422cb6-c5d9-4b7c-b807-9b6b6ec663e9,【埼玉県】平成22年度埼玉県都市計画基礎調査 調査結果の提供（GISデータ）志木市,SHP,,,geo,strict,https://www.geospatial.jp/ckan/dataset/9e695b8b-eebf-496f-9fc3-022484d9fcdb/resource/04422cb6-c5d9-4b7c-b807-9b6b6ec663e9/download/24sikisi.zip
geospatial-jp,G空間情報センター,埼玉県,11000-101,110001_埼玉県_平成22年度埼玉県都市計画基礎調査調査結果の提供,https://www.geospatial.jp/ckan/dataset/11000-101,CC-BY,983625c9-2f42-4d61-8fe8-85709fca6a34,【埼玉県】平成22年度埼玉県都市計画基礎調査 調査結果の提供（GISデータ）和光市,SHP,,,geo,strict,https://www.geospatial.jp/ckan/dataset/9e695b8b-eebf-496f-9fc3-022484d9fcdb/resource/983625c9-2f42-4d61-8fe8-85709fca6a34/download/25wakosi.zip
geospatial-jp,G空間情報センター,埼玉県,11000-101,110001_埼玉県_平成22年度埼玉県都市計画基礎調査調査結果の提供,https://www.geospatial.jp/ckan/dataset/11000-101,CC-BY,c6ca4067-a603-4e26-8c38-a263a5919931,【埼玉県】平成22年度埼玉県都市計画基礎調査 調査結果の提供（GISデータ）新座市,SHP,,,geo,strict,https://www.geospatial.jp/ckan/dataset/9e695b8b-eebf-496f-9fc3-022484d9fcdb/resource/c6ca4067-a603-4e26-8c38-a263a5919931/download/26niizasi.zip
geospatial-jp,G空間情報センター,埼玉県,11000-101,110001_埼玉県_平成22年度埼玉県都市計画基礎調査調査結果の提供,https://www.geospatial.jp/ckan/dataset/11000-101,CC-BY,3a512ade-c0b9-4d60-9c1a-ef752d5c45b4,【埼玉県】平成22年度埼玉県都市計画基礎調査 調査結果の提供（GISデータ）桶川市,SHP,,,geo,strict,https://www.geospatial.jp/ckan/dataset/9e695b8b-eebf-496f-9fc3-022484d9fcdb/resource/3a512ade-c0b9-4d60-9c1a-ef752d5c45b4/download/27okegawasi.zip
geospatial-jp,G空間情報センター,埼玉県,11000-101,110001_埼玉県_平成22年度埼玉県都市計画基礎調査調査結果の提供,https://www.geospatial.jp/ckan/dataset/11000-101,CC-BY,56c87281-4bd1-47c7-9a1a-57a2f26d09ff,【埼玉県】平成22年度埼玉県都市計画基礎調査 調査結果の提供（GISデータ）久喜市,SHP,,,geo,strict,https://www.geospatial.jp/ckan/dataset/9e695b8b-eebf-496f-9fc3-022484d9fcdb/resource/56c87281-4bd1-47c7-9a1a-57a2f26d09ff/download/28kukisi.zip
geospatial-jp,G空間情報センター,埼玉県,11000-101,110001_埼玉県_平成22年度埼玉県都市計画基礎調査調査結果の提供,https://www.geospatial.jp/ckan/dataset/11000-101,CC-BY,24e6d96e-24be-48e3-94c7-38b0141cb076,【埼玉県】平成22年度埼玉県都市計画基礎調査 調査結果の提供（GISデータ）北本市,SHP,,,geo,strict,https://www.geospatial.jp/ckan/dataset/9e695b8b-eebf-496f-9fc3-022484d9fcdb/resource/24e6d96e-24be-48e3-94c7-38b0141cb076/download/29kitamotosi.zip
geospatial-jp,G空間情報センター,埼玉県,11000-101,110001_埼玉県_平成22年度埼玉県都市計画基礎調査調査結果の提供,https://www.geospatial.jp/ckan/dataset/11000-101,CC-BY,f6ffb4ab-0562-40f8-a053-2c57f970213c,【埼玉県】平成22年度埼玉県都市計画基礎調査 調査結果の提供（GISデータ）八潮市,SHP,,,geo,strict,https://www.geospatial.jp/ckan/dataset/9e695b8b-eebf-496f-9fc3-022484d9fcdb/resource/f6ffb4ab-0562-40f8-a053-2c57f970213c/download/30yasiosi.zip
geospatial-jp,G空間情報センター,埼玉県,11000-101,110001_埼玉県_平成22年度埼玉県都市計画基礎調査調査結果の提供,https://www.geospatial.jp/ckan/dataset/11000-101,CC-BY,9674a2e2-2784-4695-9ff9-833731d3b54b,【埼玉県】平成22年度埼玉県都市計画基礎調査 調査結果の提供（GISデータ）富士見市,SHP,,,geo,strict,https://www.geospatial.jp/ckan/dataset/9e695b8b-eebf-496f-9fc3-022484d9fcdb/resource/9674a2e2-2784-4695-9ff9-833731d3b54b/download/31huzimisi.zip
geospatial-jp,G空間情報センター,埼玉県,11000-101,110001_埼玉県_平成22年度埼玉県都市計画基礎調査調査結果の提供,https://www.geospatial.jp/ckan/dataset/11000-101,CC-BY,78498a23-a786-4f8b-96e7-213c7e30d9a5,【埼玉県】平成22年度埼玉県都市計画基礎調査 調査結果の提供（GISデータ）三郷市,SHP,,,geo,strict,https://www.geospatial.jp/ckan/dataset/9e695b8b-eebf-496f-9fc3-022484d9fcdb/resource/78498a23-a786-4f8b-96e7-213c7e30d9a5/download/32misatosi.zip
geospatial-jp,G空間情報センター,埼玉県,11000-101,110001_埼玉県_平成22年度埼玉県都市計画基礎調査調査結果の提供,https://www.geospatial.jp/ckan/dataset/11000-101,CC-BY,36cb6649-96b1-4f4a-93e3-fde867aae1ed,【埼玉県】平成22年度埼玉県都市計画基礎調査 調査結果の提供（GISデータ）蓮田市,SHP,,,geo,strict,https://www.geospatial.jp/ckan/dataset/9e695b8b-eebf-496f-9fc3-022484d9fcdb/resource/36cb6649-96b1-4f4a-93e3-fde867aae1ed/download/33hasudasi.zip
geospatial-jp,G空間情報センター,埼玉県,11000-101,110001_埼玉県_平成22年度埼玉県都市計画基礎調査調査結果の提供,https://www.geospatial.jp/ckan/dataset/11000-101,CC-BY,47de5c56-88d4-49cd-80a9-1d3e4e0e959b,【埼玉県】平成22年度埼玉県都市計画基礎調査 調査結果の提供（GISデータ）坂戸市,SHP,,,geo,strict,https://www.geospatial.jp/ckan/dataset/9e695b8b-eebf-496f-9fc3-022484d9fcdb/resource/47de5c56-88d4-49cd-80a9-1d3e4e0e959b/download/34sakadosi.zip
geospatial-jp,G空間情報センター,埼玉県,11000-101,110001_埼玉県_平成22年度埼玉県都市計画基礎調査調査結果の提供,https://www.geospatial.jp/ckan/dataset/11000-101,CC-BY,99b05135-6bb7-4e02-a55b-253b402ed70b,【埼玉県】平成22年度埼玉県都市計画基礎調査 調査結果の提供（GISデータ）幸手市,SHP,,,geo,strict,https://www.geospatial.jp/ckan/dataset/9e695b8b-eebf-496f-9fc3-022484d9fcdb/resource/99b05135-6bb7-4e02-a55b-253b402ed70b/download/35sattesi.zip
geospatial-jp,G空間情報センター,埼玉県,11000-101,110001_埼玉県_平成22年度埼玉県都市計画基礎調査調査結果の提供,https://www.geospatial.jp/ckan/dataset/11000-101,CC-BY,c7747111-84a2-4cf9-b171-3701fc8e3fe2,【埼玉県】平成22年度埼玉県都市計画基礎調査 調査結果の提供（GISデータ）鶴ヶ島市,SHP,,,geo,strict,https://www.geospatial.jp/ckan/dataset/9e695b8b-eebf-496f-9fc3-022484d9fcdb/resource/c7747111-84a2-4cf9-b171-3701fc8e3fe2/download/36turugasimasi.zip
geospatial-jp,G空間情報センター,埼玉県,11000-101,110001_埼玉県_平成22年度埼玉県都市計画基礎調査調査結果の提供,https://www.geospatial.jp/ckan/dataset/11000-101,CC-BY,11313219-76b6-4fa5-a947-a9ee918ae657,【埼玉県】平成22年度埼玉県都市計画基礎調査 調査結果の提供（GISデータ）日高市,SHP,,,geo,strict,https://www.geospatial.jp/ckan/dataset/9e695b8b-eebf-496f-9fc3-022484d9fcdb/resource/11313219-76b6-4fa5-a947-a9ee918ae657/download/37hidakasi.zip
geospatial-jp,G空間情報センター,埼玉県,11000-101,110001_埼玉県_平成22年度埼玉県都市計画基礎調査調査結果の提供,https://www.geospatial.jp/ckan/dataset/11000-101,CC-BY,1b643f3d-10ec-496e-91de-38c2a90d404e,【埼玉県】平成22年度埼玉県都市計画基礎調査 調査結果の提供（GISデータ）吉川市,SHP,,,geo,strict,https://www.geospatial.jp/ckan/dataset/9e695b8b-eebf-496f-9fc3-022484d9fcdb/resource/1b643f3d-10ec-496e-91de-38c2a90d404e/download/38yoshikawasi.zip
geospatial-jp,G空間情報センター,埼玉県,11000-101,110001_埼玉県_平成22年度埼玉県都市計画基礎調査調査結果の提供,https://www.geospatial.jp/ckan/dataset/11000-101,CC-BY,4a6959d2-c041-4d24-b835-d835fd38c1c5,【埼玉県】平成22年度埼玉県都市計画基礎調査 調査結果の提供（GISデータ）ふじみ野市,SHP,,,geo,strict,https://www.geospatial.jp/ckan/dataset/9e695b8b-eebf-496f-9fc3-022484d9fcdb/resource/4a6959d2-c041-4d24-b835-d835fd38c1c5/download/39huziminosi.zip
geospatial-jp,G空間情報センター,埼玉県,11000-101,110001_埼玉県_平成22年度埼玉県都市計画基礎調査調査結果の提供,https://www.geospatial.jp/ckan/dataset/11000-101,CC-BY,17b0320f-c139-4faa-8cb8-66abea02bb5c,【埼玉県】平成22年度埼玉県都市計画基礎調査 調査結果の提供（GISデータ）白岡市,SHP,,,geo,strict,https://www.geospatial.jp/ckan/dataset/9e695b8b-eebf-496f-9fc3-022484d9fcdb/resource/17b0320f-c139-4faa-8cb8-66abea02bb5c/download/40siraokasi.zip
geospatial-jp,G空間情報センター,埼玉県,11000-101,110001_埼玉県_平成22年度埼玉県都市計画基礎調査調査結果の提供,https://www.geospatial.jp/ckan/dataset/11000-101,CC-BY,39417bd1-3a17-4217-8bb4-3b3237b27051,【埼玉県】平成22年度埼玉県都市計画基礎調査 調査結果の提供（GISデータ）伊奈町,SHP,,,geo,strict,https://www.geospatial.jp/ckan/dataset/9e695b8b-eebf-496f-9fc3-022484d9fcdb/resource/39417bd1-3a17-4217-8bb4-3b3237b27051/download/41inamachi.zip
geospatial-jp,G空間情報センター,埼玉県,11000-101,110001_埼玉県_平成22年度埼玉県都市計画基礎調査調査結果の提供,https://www.geospatial.jp/ckan/dataset/11000-101,CC-BY,696c8a5d-22e2-40aa-8f38-12443f1c9f32,【埼玉県】平成22年度埼玉県都市計画基礎調査 調査結果の提供（GISデータ）三芳町,SHP,,,geo,strict,https://www.geospatial.jp/ckan/dataset/9e695b8b-eebf-496f-9fc3-022484d9fcdb/resource/696c8a5d-22e2-40aa-8f38-12443f1c9f32/download/42miyosimati.zip
geospatial-jp,G空間情報センター,埼玉県,11000-101,110001_埼玉県_平成22年度埼玉県都市計画基礎調査調査結果の提供,https://www.geospatial.jp/ckan/dataset/11000-101,CC-BY,ae1ce02c-575d-4e88-8d50-59d7d5ef2dbd,【埼玉県】平成22年度埼玉県都市計画基礎調査 調査結果の提供（GISデータ）毛呂山町,SHP,,,geo,strict,https://www.geospatial.jp/ckan/dataset/9e695b8b-eebf-496f-9fc3-022484d9fcdb/resource/ae1ce02c-575d-4e88-8d50-59d7d5ef2dbd/download/43moroyamamachi.zip
geospatial-jp,G空間情報センター,埼玉県,11000-101,110001_埼玉県_平成22年度埼玉県都市計画基礎調査調査結果の提供,https://www.geospatial.jp/ckan/dataset/11000-101,CC-BY,9ae8ba03-58d9-48f1-bf37-9e7c2535a659,【埼玉県】平成22年度埼玉県都市計画基礎調査 調査結果の提供（GISデータ）越生町,SHP,,,geo,strict,https://www.geospatial.jp/ckan/dataset/9e695b8b-eebf-496f-9fc3-022484d9fcdb/resource/9ae8ba03-58d9-48f1-bf37-9e7c2535a659/download/44ogosemachi.zip
geospatial-jp,G空間情報センター,埼玉県,11000-101,110001_埼玉県_平成22年度埼玉県都市計画基礎調査調査結果の提供,https://www.geospatial.jp/ckan/dataset/11000-101,CC-BY,4f88b34f-8543-45b3-8757-79f5275ac018,【埼玉県】平成22年度埼玉県都市計画基礎調査 調査結果の提供（GISデータ）滑川町,SHP,,,geo,strict,https://www.geospatial.jp/ckan/dataset/9e695b8b-eebf-496f-9fc3-022484d9fcdb/resource/4f88b34f-8543-45b3-8757-79f5275ac018/download/45namegawamachi.zip
geospatial-jp,G空間情報センター,埼玉県,11000-101,110001_埼玉県_平成22年度埼玉県都市計画基礎調査調査結果の提供,https://www.geospatial.jp/ckan/dataset/11000-101,CC-BY,577e7602-b615-472a-ac42-061501d712d8,【埼玉県】平成22年度埼玉県都市計画基礎調査 調査結果の提供（GISデータ）嵐山町,SHP,,,geo,strict,https://www.geospatial.jp/ckan/dataset/9e695b8b-eebf-496f-9fc3-022484d9fcdb/resource/577e7602-b615-472a-ac42-061501d712d8/download/46ranzanmachi.zip
geospatial-jp,G空間情報センター,埼玉県,11000-101,110001_埼玉県_平成22年度埼玉県都市計画基礎調査調査結果の提供,https://www.geospatial.jp/ckan/dataset/11000-101,CC-BY,8d392a85-80c7-474e-a680-fcb2099f183b,【埼玉県】平成22年度埼玉県都市計画基礎調査 調査結果の提供（GISデータ）小川町,SHP,,,geo,strict,https://www.geospatial.jp/ckan/dataset/9e695b8b-eebf-496f-9fc3-022484d9fcdb/resource/8d392a85-80c7-474e-a680-fcb2099f183b/download/47ogawamachi.zip
geospatial-jp,G空間情報センター,埼玉県,11000-101,110001_埼玉県_平成22年度埼玉県都市計画基礎調査調査結果の提供,https://www.geospatial.jp/ckan/dataset/11000-101,CC-BY,de082bc5-2225-4dd3-bb68-6645c5ed7509,【埼玉県】平成22年度埼玉県都市計画基礎調査 調査結果の提供（GISデータ）川島町,SHP,,,geo,strict,https://www.geospatial.jp/ckan/dataset/9e695b8b-eebf-496f-9fc3-022484d9fcdb/resource/de082bc5-2225-4dd3-bb68-6645c5ed7509/download/48kawazimamachi.zip
geospatial-jp,G空間情報センター,埼玉県,11000-101,110001_埼玉県_平成22年度埼玉県都市計画基礎調査調査結果の提供,https://www.geospatial.jp/ckan/dataset/11000-101,CC-BY,f255cb65-c3c0-417a-92e0-19e363f7f1fe,【埼玉県】平成22年度埼玉県都市計画基礎調査 調査結果の提供（GISデータ）吉見町,SHP,,,geo,strict,https://www.geospatial.jp/ckan/dataset/9e695b8b-eebf-496f-9fc3-022484d9fcdb/resource/f255cb65-c3c0-417a-92e0-19e363f7f1fe/download/49yoshimimachi.zip
geospatial-jp,G空間情報センター,埼玉県,11000-101,110001_埼玉県_平成22年度埼玉県都市計画基礎調査調査結果の提供,https://www.geospatial.jp/ckan/dataset/11000-101,CC-BY,86d9b868-8c2d-4f8c-b289-419b1b1cdc32,【埼玉県】平成22年度埼玉県都市計画基礎調査 調査結果の提供（GISデータ）鳩山町,SHP,,,geo,strict,https://www.geospatial.jp/ckan/dataset/9e695b8b-eebf-496f-9fc3-022484d9fcdb/resource/86d9b868-8c2d-4f8c-b289-419b1b1cdc32/download/50hatoyamamachi.zip
geospatial-jp,G空間情報センター,埼玉県,11000-101,110001_埼玉県_平成22年度埼玉県都市計画基礎調査調査結果の提供,https://www.geospatial.jp/ckan/dataset/11000-101,CC-BY,b007a23d-4f8f-4488-8ea9-86efee8cfca3,【埼玉県】平成22年度埼玉県都市計画基礎調査 調査結果の提供（GISデータ）ときがわ町,SHP,,,geo,strict,https://www.geospatial.jp/ckan/dataset/9e695b8b-eebf-496f-9fc3-022484d9fcdb/resource/b007a23d-4f8f-4488-8ea9-86efee8cfca3/download/51tokigawamachi.zip
geospatial-jp,G空間情報センター,埼玉県,11000-101,110001_埼玉県_平成22年度埼玉県都市計画基礎調査調査結果の提供,https://www.geospatial.jp/ckan/dataset/11000-101,CC-BY,85d2a7ff-b476-44a9-b246-5b849bc16e17,【埼玉県】平成22年度埼玉県都市計画基礎調査 調査結果の提供（GISデータ）横瀬町,SHP,,,geo,strict,https://www.geospatial.jp/ckan/dataset/9e695b8b-eebf-496f-9fc3-022484d9fcdb/resource/85d2a7ff-b476-44a9-b246-5b849bc16e17/download/52yokozemachi.zip
geospatial-jp,G空間情報センター,埼玉県,11000-101,110001_埼玉県_平成22年度埼玉県都市計画基礎調査調査結果の提供,https://www.geospatial.jp/ckan/dataset/11000-101,CC-BY,f079e60b-0967-4f32-b1ec-58c98a5f3a95,【埼玉県】平成22年度埼玉県都市計画基礎調査 調査結果の提供（GISデータ）皆野町,SHP,,,geo,strict,https://www.geospatial.jp/ckan/dataset/9e695b8b-eebf-496f-9fc3-022484d9fcdb/resource/f079e60b-0967-4f32-b1ec-58c98a5f3a95/download/53minanomachi.zip
geospatial-jp,G空間情報センター,埼玉県,11000-101,110001_埼玉県_平成22年度埼玉県都市計画基礎調査調査結果の提供,https://www.geospatial.jp/ckan/dataset/11000-101,CC-BY,5d4aaf3a-02db-418d-a814-41b84ab8a63e,【埼玉県】平成22年度埼玉県都市計画基礎調査 調査結果の提供（GISデータ）長瀞町,SHP,,,geo,strict,https://www.geospatial.jp/ckan/dataset/9e695b8b-eebf-496f-9fc3-022484d9fcdb/resource/5d4aaf3a-02db-418d-a814-41b84ab8a63e/download/54nagatoromachi.zip
geospatial-jp,G空間情報センター,埼玉県,11000-101,110001_埼玉県_平成22年度埼玉県都市計画基礎調査調査結果の提供,https://www.geospatial.jp/ckan/dataset/11000-101,CC-BY,75457b8b-67d6-4b35-8e70-10e0dcf984e7,【埼玉県】平成22年度埼玉県都市計画基礎調査 調査結果の提供（GISデータ）小鹿野町,SHP,,,geo,strict,https://www.geospatial.jp/ckan/dataset/9e695b8b-eebf-496f-9fc3-022484d9fcdb/resource/75457b8b-67d6-4b35-8e70-10e0dcf984e7/download/55oganomachi.zip
geospatial-jp,G空間情報センター,埼玉県,11000-101,110001_埼玉県_平成22年度埼玉県都市計画基礎調査調査結果の提供,https://www.geospatial.jp/ckan/dataset/11000-101,CC-BY,0698ebd7-acd1-4a2d-b37b-e543727870fc,【埼玉県】平成22年度埼玉県都市計画基礎調査 調査結果の提供（GISデータ）東秩父村,SHP,,,geo,strict,https://www.geospatial.jp/ckan/dataset/9e695b8b-eebf-496f-9fc3-022484d9fcdb/resource/0698ebd7-acd1-4a2d-b37b-e543727870fc/download/56higasititibumura.zip
geospatial-jp,G空間情報センター,埼玉県,11000-101,110001_埼玉県_平成22年度埼玉県都市計画基礎調査調査結果の提供,https://www.geospatial.jp/ckan/dataset/11000-101,CC-BY,d2f9e19b-1d4b-48a4-a7ba-1dfd316c9d55,【埼玉県】平成22年度埼玉県都市計画基礎調査 調査結果の提供（GISデータ）美里町,SHP,,,geo,strict,https://www.geospatial.jp/ckan/dataset/9e695b8b-eebf-496f-9fc3-022484d9fcdb/resource/d2f9e19b-1d4b-48a4-a7ba-1dfd316c9d55/download/57misatomachi.zip
geospatial-jp,G空間情報センター,埼玉県,11000-101,110001_埼玉県_平成22年度埼玉県都市計画基礎調査調査結果の提供,https://www.geospatial.jp/ckan/dataset/11000-101,CC-BY,c6ecc960-f7ba-47c5-ba2d-45b2e3553f5f,【埼玉県】平成22年度埼玉県都市計画基礎調査 調査結果の提供（GISデータ）神川町,SHP,,,geo,strict,https://www.geospatial.jp/ckan/dataset/9e695b8b-eebf-496f-9fc3-022484d9fcdb/resource/c6ecc960-f7ba-47c5-ba2d-45b2e3553f5f/download/58kamikawamachi.zip
geospatial-jp,G空間情報センター,埼玉県,11000-101,110001_埼玉県_平成22年度埼玉県都市計画基礎調査調査結果の提供,https://www.geospatial.jp/ckan/dataset/11000-101,CC-BY,ebaa9845-1de7-4e2c-bc66-d269238fdfa2,【埼玉県】平成22年度埼玉県都市計画基礎調査 調査結果の提供（GISデータ）上里町,SHP,,,geo,strict,https://www.geospatial.jp/ckan/dataset/9e695b8b-eebf-496f-9fc3-022484d9fcdb/resource/ebaa9845-1de7-4e2c-bc66-d269238fdfa2/download/59kamisatomachi.zip
geospatial-jp,G空間情報センター,埼玉県,11000-101,110001_埼玉県_平成22年度埼玉県都市計画基礎調査調査結果の提供,https://www.geospatial.jp/ckan/dataset/11000-101,CC-BY,3dfd5b79-5808-48c4-99b2-b0bea56e2f70,【埼玉県】平成22年度埼玉県都市計画基礎調査 調査結果の提供（GISデータ）寄居町,SHP,,,geo,strict,https://www.geospatial.jp/ckan/dataset/9e695b8b-eebf-496f-9fc3-022484d9fcdb/resource/3dfd5b79-5808-48c4-99b2-b0bea56e2f70/download/60yoriimachi.zip
geospatial-jp,G空間情報センター,埼玉県,11000-101,110001_埼玉県_平成22年度埼玉県都市計画基礎調査調査結果の提供,https://www.geospatial.jp/ckan/dataset/11000-101,CC-BY,e7f850a8-8ee0-4c23-b8b0-7f60c0c5960a,【埼玉県】平成22年度埼玉県都市計画基礎調査 調査結果の提供（GISデータ）宮代町,SHP,,,geo,strict,https://www.geospatial.jp/ckan/dataset/9e695b8b-eebf-496f-9fc3-022484d9fcdb/resource/e7f850a8-8ee0-4c23-b8b0-7f60c0c5960a/download/61miyasiromachi.zip
geospatial-jp,G空間情報センター,埼玉県,11000-101,110001_埼玉県_平成22年度埼玉県都市計画基礎調査調査結果の提供,https://www.geospatial.jp/ckan/dataset/11000-101,CC-BY,54577456-3cff-4377-a63e-7620dd72f652,【埼玉県】平成22年度埼玉県都市計画基礎調査 調査結果の提供（GISデータ）杉戸町,SHP,,,geo,strict,https://www.geospatial.jp/ckan/dataset/9e695b8b-eebf-496f-9fc3-022484d9fcdb/resource/54577456-3cff-4377-a63e-7620dd72f652/download/62sugitomachi.zip
geospatial-jp,G空間情報センター,埼玉県,11000-101,110001_埼玉県_平成22年度埼玉県都市計画基礎調査調査結果の提供,https://www.geospatial.jp/ckan/dataset/11000-101,CC-BY,3b3ce063-0130-40c8-900f-46a85392cdd6,【埼玉県】平成22年度埼玉県都市計画基礎調査 調査結果の提供（GISデータ）松伏町,SHP,,,geo,strict,https://www.geospatial.jp/ckan/dataset/9e695b8b-eebf-496f-9fc3-022484d9fcdb/resource/3b3ce063-0130-40c8-900f-46a85392cdd6/download/63matubusimachi.zip
geospatial-jp,G空間情報センター,越谷市,11222-101,112224_埼玉県_越谷市_【埼玉県】平成22年度埼玉県都市計画基礎調査　調査結果の提供（GISデータ）越谷市,https://www.geospatial.jp/ckan/dataset/11222-101,CC-BY,983a3342-e602-408d-9a4c-4d8bbb4c1cf4,【埼玉県】平成22年度埼玉県都市計画基礎調査　調査結果の提供（GISデータ）越谷市,SHP,,,geo,strict,https://www.geospatial.jp/ckan/dataset/39d195f2-96a2-49eb-b9c8-76ff1c895700/resource/983a3342-e602-408d-9a4c-4d8bbb4c1cf4/download/19kosigayasi.zip
geospatial-jp,G空間情報センター,伊奈町,11301-101,113018_埼玉県_伊奈町_【埼玉県】平成22年度埼玉県都市計画基礎調査　調査結果の提供（GISデータ）伊奈町,https://www.geospatial.jp/ckan/dataset/11301-101,CC-BY,13573c76-8697-46f3-8218-c9b812abf2f0,【埼玉県】平成22年度埼玉県都市計画基礎調査　調査結果の提供（GISデータ）伊奈町,SHP,,,geo,strict,https://www.geospatial.jp/ckan/dataset/05e00fde-8d2a-4c7f-8f61-d594e6de9595/resource/13573c76-8697-46f3-8218-c9b812abf2f0/download/41inamachi.zip
geospatial-jp,G空間情報センター,都市・まちづくり推進課,www-geospatial-jp-ckan-dataset-https-data-bodik-jp-dataset-440001_2023toshi_kituki,大分県_令和5年度都市計画基礎調査調査結果の提供（杵築市）,https://www.geospatial.jp/ckan/dataset/www-geospatial-jp-ckan-dataset-https-data-bodik-jp-dataset-440001_2023toshi_kituki,ライセンスが指定されていません,4b573151-5274-4f30-b6fe-27b829fedd90,【大分県_杵築市】都市計画基礎調査（人口規模・産業職業分類別就業者数）（csvデータ）,ZIP,62413,人口|産業,archive,strict,https://www.geospatial.jp/ckan/dataset/29045873-4182-4165-9afd-544f49a62443/resource/4b573151-5274-4f30-b6fe-27b829fedd90/download/oitakenkitukicsv.zip
geospatial-jp,G空間情報センター,都市・まちづくり推進課,www-geospatial-jp-ckan-dataset-https-data-bodik-jp-dataset-440001_2023toshi_kituki,大分県_令和5年度都市計画基礎調査調査結果の提供（杵築市）,https://www.geospatial.jp/ckan/dataset/www-geospatial-jp-ckan-dataset-https-data-bodik-jp-dataset-440001_2023toshi_kituki,ライセンスが指定されていません,045b4497-8db3-4086-a989-dad1c664851d,【大分県_杵築市】都市計画基礎調査（人口規模・産業・職業分類別就業者数）（shpデータ）,ZIP,321779,人口|産業,archive,strict,https://www.geospatial.jp/ckan/dataset/29045873-4182-4165-9afd-544f49a62443/resource/045b4497-8db3-4086-a989-dad1c664851d/download/oitakenkitukishp.zip
geospatial-jp,G空間情報センター,都市・まちづくり推進課,www-geospatial-jp-ckan-dataset-https-data-bodik-jp-dataset-440001_2023toshi_yufuin,大分県_令和5年度都市計画基礎調査調査結果の提供（湯布院）,https://www.geospatial.jp/ckan/dataset/www-geospatial-jp-ckan-dataset-https-data-bodik-jp-dataset-440001_2023toshi_yufuin,ライセンスが指定されていません,aaba4128-f536-491e-9dcd-c2b6ec97067b,【大分県_由布市湯布院】都市計画基礎調査（人口規模・産業職業分類別就業者数）（csvデータ）,ZIP,46592,人口|産業,archive,strict,https://www.geospatial.jp/ckan/dataset/934397f7-ef95-4b01-9385-5bb8b63b0bd8/resource/aaba4128-f536-491e-9dcd-c2b6ec97067b/download/oitakenyuhuincsv.zip
geospatial-jp,G空間情報センター,都市・まちづくり推進課,www-geospatial-jp-ckan-dataset-https-data-bodik-jp-dataset-440001_2023toshi_yufuin,大分県_令和5年度都市計画基礎調査調査結果の提供（湯布院）,https://www.geospatial.jp/ckan/dataset/www-geospatial-jp-ckan-dataset-https-data-bodik-jp-dataset-440001_2023toshi_yufuin,ライセンスが指定されていません,a77ecfcd-e1e6-42f7-9ec8-4cda09fc5a68,【大分県_由布市湯布院】都市計画基礎調査（人口規模・産業・職業分類別就業者数）（shpデータ）,ZIP,331914,人口|産業,archive,strict,https://www.geospatial.jp/ckan/dataset/934397f7-ef95-4b01-9385-5bb8b63b0bd8/resource/a77ecfcd-e1e6-42f7-9ec8-4cda09fc5a68/download/oitakenyufuinshp.zip
geospatial-jp,G空間情報センター,都市・まちづくり推進課,www-geospatial-jp-ckan-dataset-https-data-bodik-jp-dataset-440001_2023toshi_hasama,大分県_令和5年度都市計画基礎調査調査結果の提供（由布市挟間）,https://www.geospatial.jp/ckan/dataset/www-geospatial-jp-ckan-dataset-https-data-bodik-jp-dataset-440001_2023toshi_hasama,ライセンスが指定されていません,d6f2bef2-0f79-428c-a721-2df10cf2c960,【大分県_由布市挟間】都市計画基礎調査（人口規模・産業職業分類別就業者数）（csvデータ）,ZIP,46548,人口|産業,archive,strict,https://www.geospatial.jp/ckan/dataset/1b6e6536-1110-4664-b9b5-92e00983b65e/resource/d6f2bef2-0f79-428c-a721-2df10cf2c960/download/oitakenhasamacsv.zip
geospatial-jp,G空間情報センター,都市・まちづくり推進課,www-geospatial-jp-ckan-dataset-https-data-bodik-jp-dataset-440001_2023toshi_hasama,大分県_令和5年度都市計画基礎調査調査結果の提供（由布市挟間）,https://www.geospatial.jp/ckan/dataset/www-geospatial-jp-ckan-dataset-https-data-bodik-jp-dataset-440001_2023toshi_hasama,ライセンスが指定されていません,958560fe-eb9c-4c4d-844b-7969472ac453,【大分県_由布市挟間】都市計画基礎調査（人口規模・産業・職業分類別就業者数）（shpデータ）,ZIP,331914,人口|産業,archive,strict,https://www.geospatial.jp/ckan/dataset/1b6e6536-1110-4664-b9b5-92e00983b65e/resource/958560fe-eb9c-4c4d-844b-7969472ac453/download/oitakenhasamashp.zip
geospatial-jp,G空間情報センター,都市・まちづくり推進課,https-data-bodik-jp-dataset-440001_2023toshi_tukumi,大分県_令和5年度都市計画基礎調査調査結果の提供（津久見市）,https://www.geospatial.jp/ckan/dataset/https-data-bodik-jp-dataset-440001_2023toshi_tukumi,ライセンスが指定されていません,4a05f85d-1856-43eb-9cc2-d633aa907b20,【大分県_津久見市】都市計画基礎調査（人口規模・産業職業分類別就業者数）（csvデータ）,CSV,,人口|産業,tabular,strict,
geospatial-jp,G空間情報センター,都市・まちづくり推進課,https-data-bodik-jp-dataset-440001_2023toshi_tukumi,大分県_令和5年度都市計画基礎調査調査結果の提供（津久見市）,https://www.geospatial.jp/ckan/dataset/https-data-bodik-jp-dataset-440001_2023toshi_tukumi,ライセンスが指定されていません,76ec4335-edf3-496c-bd13-845cb3f926de,【大分県_津久見市】都市計画基礎調査（人口規模・産業・職業分類別就業者数）（shpデータ）,CSV,,人口|産業,tabular,strict,
geospatial-jp,G空間情報センター,都市・まちづくり推進課,_-5,大分県_令和5年度都市計画基礎調査調査結果の提供（別府市）,https://data.bodik.jp/dataset/440001_2023toshi_beppu,ライセンスが指定されていません,54b9503b-3488-40a9-90d4-016b44e0f305,【大分県_別府市】都市計画基礎調査（土地利用現況・建物利用現況）（csvデータ）,CSV,,土地利用|建物,tabular,strict,
geospatial-jp,G空間情報センター,都市・まちづくり推進課,_-5,大分県_令和5年度都市計画基礎調査調査結果の提供（別府市）,https://data.bodik.jp/dataset/440001_2023toshi_beppu,ライセンスが指定されていません,b4a41b93-5b67-483f-a2e0-33aeae3aef4d,【大分県_別府市】都市計画基礎調査（土地利用現況・建物利用現況）（shpデータ）,CSV,,土地利用|建物,tabular,strict,
geospatial-jp,G空間情報センター,計画調整局,h29luss,【平成29年度】土地利用現況調査,https://www.geospatial.jp/ckan/dataset/h29luss,CC-BY,ea178fb7-2aef-447a-abae-e8f64bbac4ad,町丁目_非建物_敷地面積,ZIP,1367761,土地利用|建物,archive,strict,https://www.geospatial.jp/ckan/dataset/ee6647c3-5f04-4c28-984c-adca763141e9/resource/ea178fb7-2aef-447a-abae-e8f64bbac4ad/download/town-chome_non-building_site-area.zip
geospatial-jp,G空間情報センター,計画調整局,h29luss,【平成29年度】土地利用現況調査,https://www.geospatial.jp/ckan/dataset/h29luss,CC-BY,8db345df-63a1-4c11-b912-7ee107b5c68d,町丁目_敷地面積,ZIP,1444528,土地利用,archive,strict,https://www.geospatial.jp/ckan/dataset/ee6647c3-5f04-4c28-984c-adca763141e9/resource/8db345df-63a1-4c11-b912-7ee107b5c68d/download/town-chome_building_site-area.zip
geospatial-jp,G空間情報センター,計画調整局,h29luss,【平成29年度】土地利用現況調査,https://www.geospatial.jp/ckan/dataset/h29luss,CC-BY,b433dcc0-4429-479a-bfcc-71ebde4b0a89,集計表の項目一覧,XLSX,10730,土地利用,tabular,strict,https://www.geospatial.jp/ckan/dataset/ee6647c3-5f04-4c28-984c-adca763141e9/resource/b433dcc0-4429-479a-bfcc-71ebde4b0a89/download/land-use-status-survey_specifications.xlsx
bodik,BODIK ODCS,福岡県,400009_kisocho,福岡県　都市計画基礎調査結果,https://www.mlit.go.jp/toshi/city_plan/toshi_city_plan_tk_000049.html,Creative Commons Attribution 4.0 International,85aa0dce-6cad-4c6b-a568-efe80359b0ec,令和６年度福岡県都市計画基礎調査,,27847419,,other,strict,https://data.bodik.jp/dataset/c12793c3-c4cf-4f1e-8e1c-326dade90d0b/resource/85aa0dce-6cad-4c6b-a568-efe80359b0ec/download/r6kisocho.zip
bodik,BODIK ODCS,福岡県,400009_kisocho,福岡県　都市計画基礎調査結果,https://www.mlit.go.jp/toshi/city_plan/toshi_city_plan_tk_000049.html,Creative Commons Attribution 4.0 International,2ee1e94b-3df6-43f1-826b-727ddcdcc4f3,令和７年度福岡県都市計画基礎調査,,88053476,,other,strict,https://data.bodik.jp/dataset/c12793c3-c4cf-4f1e-8e1c-326dade90d0b/resource/2ee1e94b-3df6-43f1-826b-727ddcdcc4f3/download/r7kisocho.zip
bodik,BODIK ODCS,豊中市,272035_toshikeikakukiso,都市計画基礎調査情報（豊中市）,https://www.digitalsmartcity.jp/service2/,Creative Commons Attribution 4.0 International,ea7de344-3e6a-4dd3-9a92-6356cd8c8619,都市計画基礎調査情報,HTML,,土地利用|建物,document,strict,https://www.digitalsmartcity.jp/service2/
bodik,BODIK ODCS,大分県,440001_city_plan_442054,都市計画基礎調査データ（佐伯市）,https://data.bodik.jp/dataset/440001_city_plan_442054,Creative Commons Attribution 4.0 International,e75d53a2-93f5-43f9-bf60-b14e5c888a92,GISデータ（shp）一式（佐伯市）.zip,ZIP,5573803,,archive,strict,https://data.bodik.jp/dataset/dc4d1f47-9d22-4215-a84c-15ed2f09eb4d/resource/e75d53a2-93f5-43f9-bf60-b14e5c888a92/download/gisshp.zip
bodik,BODIK ODCS,大分県,440001_city_plan_442054,都市計画基礎調査データ（佐伯市）,https://data.bodik.jp/dataset/440001_city_plan_442054,Creative Commons Attribution 4.0 International,152cecb9-c72e-4a76-9625-f948d4919547,土地利用現況_用途別土地利用面積.csv,CSV,16892,土地利用,tabular,strict,https://data.bodik.jp/dataset/dc4d1f47-9d22-4215-a84c-15ed2f09eb4d/resource/152cecb9-c72e-4a76-9625-f948d4919547/download/_.csv
bodik,BODIK ODCS,大分県,440001_city_plan_442054,都市計画基礎調査データ（佐伯市）,https://data.bodik.jp/dataset/440001_city_plan_442054,Creative Commons Attribution 4.0 International,c910f6eb-74d9-4e1e-8f34-1df72b8f8db4,C0101(1)_人口規模_saiki.csv,CSV,59804,人口,tabular,strict,https://data.bodik.jp/dataset/dc4d1f47-9d22-4215-a84c-15ed2f09eb4d/resource/c910f6eb-74d9-4e1e-8f34-1df72b8f8db4/download/c01011__saiki.csv
bodik,BODIK ODCS,大分県,440001_city_plan_442062,都市計画基礎調査データ（臼杵市）,https://data.bodik.jp/dataset/440001_city_plan_442062,Creative Commons Attribution 4.0 International,e38dec22-41b1-4e27-b527-7c1acbe91285,GISデータ（shp）一式（臼杵市）,ZIP,4693137,,archive,strict,https://data.bodik.jp/dataset/02ad143c-9971-403e-b66a-08a714c4480b/resource/e38dec22-41b1-4e27-b527-7c1acbe91285/download/gisshp.zip
bodik,BODIK ODCS,大分県,440001_city_plan_442062,都市計画基礎調査データ（臼杵市）,https://data.bodik.jp/dataset/440001_city_plan_442062,Creative Commons Attribution 4.0 International,95c7bc36-a824-42ab-8625-192bea483fb0,建物利用現況_延床面積,CSV,4805,建物,tabular,strict,https://data.bodik.jp/dataset/02ad143c-9971-403e-b66a-08a714c4480b/resource/95c7bc36-a824-42ab-8625-192bea483fb0/download/_.csv
bodik,BODIK ODCS,大分県,440001_city_plan_442062,都市計画基礎調査データ（臼杵市）,https://data.bodik.jp/dataset/440001_city_plan_442062,Creative Commons Attribution 4.0 International,ed3d5c96-1434-4dae-9d7b-f5c73ce988e0,建物利用現況_階数（地下、地上）,CSV,5779,建物,tabular,strict,https://data.bodik.jp/dataset/02ad143c-9971-403e-b66a-08a714c4480b/resource/ed3d5c96-1434-4dae-9d7b-f5c73ce988e0/download/_.csv
bodik,BODIK ODCS,大分県,440001_city_plan_442062,都市計画基礎調査データ（臼杵市）,https://data.bodik.jp/dataset/440001_city_plan_442062,Creative Commons Attribution 4.0 International,400617e1-07b6-44d1-9070-32c13e65dd11,建物利用現況_建築年,CSV,4378,建物,tabular,strict,https://data.bodik.jp/dataset/02ad143c-9971-403e-b66a-08a714c4480b/resource/400617e1-07b6-44d1-9070-32c13e65dd11/download/_.csv
bodik,BODIK ODCS,大分県,440001_city_plan_442062,都市計画基礎調査データ（臼杵市）,https://data.bodik.jp/dataset/440001_city_plan_442062,Creative Commons Attribution 4.0 International,2623734e-07f0-4db4-aa60-33d028fe6cf3,建物利用現況_建築面積,CSV,4892,建物,tabular,strict,https://data.bodik.jp/dataset/02ad143c-9971-403e-b66a-08a714c4480b/resource/2623734e-07f0-4db4-aa60-33d028fe6cf3/download/_.csv
bodik,BODIK ODCS,大分県,440001_city_plan_442062,都市計画基礎調査データ（臼杵市）,https://data.bodik.jp/dataset/440001_city_plan_442062,Creative Commons Attribution 4.0 International,e2ca25fb-71dd-46ee-b4ce-a25a2ac4daf3,建物利用現況_建物用途（延床面積）,CSV,6713,建物,tabular,strict,https://data.bodik.jp/dataset/02ad143c-9971-403e-b66a-08a714c4480b/resource/e2ca25fb-71dd-46ee-b4ce-a25a2ac4daf3/download/_.csv
bodik,BODIK ODCS,大分県,440001_city_plan_442062,都市計画基礎調査データ（臼杵市）,https://data.bodik.jp/dataset/440001_city_plan_442062,Creative Commons Attribution 4.0 International,e9d91ea9-390a-499a-8c8c-9da53fe5b4e3,建物利用現況_建物用途（建築面積）,CSV,6695,建物,tabular,strict,https://data.bodik.jp/dataset/02ad143c-9971-403e-b66a-08a714c4480b/resource/e9d91ea9-390a-499a-8c8c-9da53fe5b4e3/download/_.csv
bodik,BODIK ODCS,大分県,440001_city_plan_442062,都市計画基礎調査データ（臼杵市）,https://data.bodik.jp/dataset/440001_city_plan_442062,Creative Commons Attribution 4.0 International,5a844647-0a02-4880-a43e-c369f721dd1b,建物利用現況_建物用途（棟数）,CSV,5933,建物,tabular,strict,https://data.bodik.jp/dataset/02ad143c-9971-403e-b66a-08a714c4480b/resource/5a844647-0a02-4880-a43e-c369f721dd1b/download/_.csv
bodik,BODIK ODCS,大分県,440001_city_plan_442062,都市計画基礎調査データ（臼杵市）,https://data.bodik.jp/dataset/440001_city_plan_442062,Creative Commons Attribution 4.0 International,db358f76-9a7c-49cf-a2bb-5c2d371e4075,建物利用現況_構造,CSV,4162,建物,tabular,strict,https://data.bodik.jp/dataset/02ad143c-9971-403e-b66a-08a714c4480b/resource/db358f76-9a7c-49cf-a2bb-5c2d371e4075/download/_.csv
bodik,BODIK ODCS,大分県,440001_city_plan_442062,都市計画基礎調査データ（臼杵市）,https://data.bodik.jp/dataset/440001_city_plan_442062,Creative Commons Attribution 4.0 International,dd8f61f4-5e03-4411-b60e-030d094953d0,建物利用現況_高さ,CSV,4798,建物,tabular,strict,https://data.bodik.jp/dataset/02ad143c-9971-403e-b66a-08a714c4480b/resource/dd8f61f4-5e03-4411-b60e-030d094953d0/download/_.csv
bodik,BODIK ODCS,大分県,440001_city_plan_442062,都市計画基礎調査データ（臼杵市）,https://data.bodik.jp/dataset/440001_city_plan_442062,Creative Commons Attribution 4.0 International,194ec63a-aade-4921-9440-a845b5805ac9,建物利用現況_耐火構造種別,CSV,3558,建物,tabular,strict,https://data.bodik.jp/dataset/02ad143c-9971-403e-b66a-08a714c4480b/resource/194ec63a-aade-4921-9440-a845b5805ac9/download/_.csv
bodik,BODIK ODCS,大分県,440001_city_plan_442062,都市計画基礎調査データ（臼杵市）,https://data.bodik.jp/dataset/440001_city_plan_442062,Creative Commons Attribution 4.0 International,3843fb4d-48a2-4c3c-a77d-a2af516fe131,土地利用現況_用途別土地利用面積,CSV,16795,土地利用,tabular,strict,https://data.bodik.jp/dataset/02ad143c-9971-403e-b66a-08a714c4480b/resource/3843fb4d-48a2-4c3c-a77d-a2af516fe131/download/_.csv
bodik,BODIK ODCS,大分県,440001_city_plan_442062,都市計画基礎調査データ（臼杵市）,https://data.bodik.jp/dataset/440001_city_plan_442062,Creative Commons Attribution 4.0 International,7ccb7083-b05a-41fd-9e35-e5a65e4e95e3,令和2年 国勢調査小地域図_建物利用現況,PDF,24912896,建物,document,strict,https://data.bodik.jp/dataset/02ad143c-9971-403e-b66a-08a714c4480b/resource/7ccb7083-b05a-41fd-9e35-e5a65e4e95e3/download/2-_.pdf
bodik,BODIK ODCS,大分県,440001_city_plan_442062,都市計画基礎調査データ（臼杵市）,https://data.bodik.jp/dataset/440001_city_plan_442062,Creative Commons Attribution 4.0 International,d9bf71fb-237e-41f5-b3f8-71dcbdff652b,令和2年 国勢調査小地域図_土地利用現況,PDF,20388127,土地利用,document,strict,https://data.bodik.jp/dataset/02ad143c-9971-403e-b66a-08a714c4480b/resource/d9bf71fb-237e-41f5-b3f8-71dcbdff652b/download/2-_.pdf
bodik,BODIK ODCS,大分県,440001_city_plan_442062,都市計画基礎調査データ（臼杵市）,https://data.bodik.jp/dataset/440001_city_plan_442062,Creative Commons Attribution 4.0 International,6e5c1023-e44f-4d15-b005-c0f886125679,city_plan_442062_usuki.json,JSON,737844,,geo,strict,https://data.bodik.jp/dataset/02ad143c-9971-403e-b66a-08a714c4480b/resource/6e5c1023-e44f-4d15-b005-c0f886125679/download/city_plan_442062_usuki.json
bodik,BODIK ODCS,大分県,440001_city_plan_442062,都市計画基礎調査データ（臼杵市）,https://data.bodik.jp/dataset/440001_city_plan_442062,Creative Commons Attribution 4.0 International,12d4bce1-7401-4b2a-a789-bf2880c625d4,C0101(1)_人口規模_usuki.csv,CSV,51017,人口,tabular,strict,https://data.bodik.jp/dataset/02ad143c-9971-403e-b66a-08a714c4480b/resource/12d4bce1-7401-4b2a-a789-bf2880c625d4/download/c01011__usuki.csv
bodik,BODIK ODCS,大分県,440001_city_plan_442020,都市計画基礎調査データ（別府市）,https://data.bodik.jp/dataset/440001_city_plan_442020,Creative Commons Attribution 4.0 International,545c3241-e2ff-4ef2-a09b-2ca0f7dbab34,GISデータ（shp）一式（別府市）.zip,ZIP,2269022,,archive,strict,https://data.bodik.jp/dataset/791724ba-b608-45ad-9634-8355e5dabf68/resource/545c3241-e2ff-4ef2-a09b-2ca0f7dbab34/download/gisshp.zip
bodik,BODIK ODCS,大分県,440001_city_plan_442020,都市計画基礎調査データ（別府市）,https://data.bodik.jp/dataset/440001_city_plan_442020,Creative Commons Attribution 4.0 International,709e272f-3b73-40fa-91c7-b56b78603ce5,建物利用現況_延床面積.csv,CSV,15588,建物,tabular,strict,https://data.bodik.jp/dataset/791724ba-b608-45ad-9634-8355e5dabf68/resource/709e272f-3b73-40fa-91c7-b56b78603ce5/download/_.csv
bodik,BODIK ODCS,大分県,440001_city_plan_442020,都市計画基礎調査データ（別府市）,https://data.bodik.jp/dataset/440001_city_plan_442020,Creative Commons Attribution 4.0 International,466b031c-3b82-4921-b726-9d8dcbaf93ab,建物利用現況_階数（地下、地上）.csv,CSV,14686,建物,tabular,strict,https://data.bodik.jp/dataset/791724ba-b608-45ad-9634-8355e5dabf68/resource/466b031c-3b82-4921-b726-9d8dcbaf93ab/download/_.csv
bodik,BODIK ODCS,大分県,440001_city_plan_442020,都市計画基礎調査データ（別府市）,https://data.bodik.jp/dataset/440001_city_plan_442020,Creative Commons Attribution 4.0 International,cc14b708-9673-4af4-ae5c-b7a831ea47eb,建物利用現況_建築年.csv,CSV,10816,建物,tabular,strict,https://data.bodik.jp/dataset/791724ba-b608-45ad-9634-8355e5dabf68/resource/cc14b708-9673-4af4-ae5c-b7a831ea47eb/download/_.csv
bodik,BODIK ODCS,大分県,440001_city_plan_442020,都市計画基礎調査データ（別府市）,https://data.bodik.jp/dataset/440001_city_plan_442020,Creative Commons Attribution 4.0 International,2a37c8ea-7be5-4315-898d-209d4824713a,建物利用現況_建築面積.csv,CSV,15187,建物,tabular,strict,https://data.bodik.jp/dataset/791724ba-b608-45ad-9634-8355e5dabf68/resource/2a37c8ea-7be5-4315-898d-209d4824713a/download/_.csv
bodik,BODIK ODCS,大分県,440001_city_plan_442020,都市計画基礎調査データ（別府市）,https://data.bodik.jp/dataset/440001_city_plan_442020,Creative Commons Attribution 4.0 International,3e0b535e-fd80-44c8-947c-380a1e299e93,建物利用現況_建物用途（延床面積）.csv,CSV,30146,建物,tabular,strict,https://data.bodik.jp/dataset/791724ba-b608-45ad-9634-8355e5dabf68/resource/3e0b535e-fd80-44c8-947c-380a1e299e93/download/_.csv
bodik,BODIK ODCS,大分県,440001_city_plan_442020,都市計画基礎調査データ（別府市）,https://data.bodik.jp/dataset/440001_city_plan_442020,Creative Commons Attribution 4.0 International,0622cb68-124a-49e5-84a1-ab67c5a1090e,建物利用現況_建物用途（建築面積）.csv,CSV,30565,建物,tabular,strict,https://data.bodik.jp/dataset/791724ba-b608-45ad-9634-8355e5dabf68/resource/0622cb68-124a-49e5-84a1-ab67c5a1090e/download/_.csv
bodik,BODIK ODCS,大分県,440001_city_plan_442020,都市計画基礎調査データ（別府市）,https://data.bodik.jp/dataset/440001_city_plan_442020,Creative Commons Attribution 4.0 International,70a04ed0-9894-4a68-b4e5-29151f93c138,建物利用現況_建物用途（棟数）.csv,CSV,15395,建物,tabular,strict,https://data.bodik.jp/dataset/791724ba-b608-45ad-9634-8355e5dabf68/resource/70a04ed0-9894-4a68-b4e5-29151f93c138/download/_.csv
bodik,BODIK ODCS,大分県,440001_city_plan_442020,都市計画基礎調査データ（別府市）,https://data.bodik.jp/dataset/440001_city_plan_442020,Creative Commons Attribution 4.0 International,c6a9d120-6420-4229-ad43-6d35becdb527,建物利用現況_構造.csv,CSV,10844,建物,tabular,strict,https://data.bodik.jp/dataset/791724ba-b608-45ad-9634-8355e5dabf68/resource/c6a9d120-6420-4229-ad43-6d35becdb527/download/_.csv
bodik,BODIK ODCS,大分県,440001_city_plan_442020,都市計画基礎調査データ（別府市）,https://data.bodik.jp/dataset/440001_city_plan_442020,Creative Commons Attribution 4.0 International,0a3f644f-704c-46f4-86ea-94d13854b4ac,建物利用現況_耐火構造種別.csv,CSV,9226,建物,tabular,strict,https://data.bodik.jp/dataset/791724ba-b608-45ad-9634-8355e5dabf68/resource/0a3f644f-704c-46f4-86ea-94d13854b4ac/download/_.csv
bodik,BODIK ODCS,大分県,440001_city_plan_442020,都市計画基礎調査データ（別府市）,https://data.bodik.jp/dataset/440001_city_plan_442020,Creative Commons Attribution 4.0 International,0c6b08f9-00b6-49dd-88bf-1b5042f5c088,土地利用現況_用途別土地利用面積.csv,CSV,33150,土地利用,tabular,strict,https://data.bodik.jp/dataset/791724ba-b608-45ad-9634-8355e5dabf68/resource/0c6b08f9-00b6-49dd-88bf-1b5042f5c088/download/_.csv
bodik,BODIK ODCS,大分県,440001_city_plan_442020,都市計画基礎調査データ（別府市）,https://data.bodik.jp/dataset/440001_city_plan_442020,Creative Commons Attribution 4.0 International,7f6f888b-4624-4d38-ae44-fa6f582ce21c,別府市_小地域境界図_建物利用現況.pdf,PDF,46649915,建物,document,strict,https://data.bodik.jp/dataset/791724ba-b608-45ad-9634-8355e5dabf68/resource/7f6f888b-4624-4d38-ae44-fa6f582ce21c/download/__.pdf
bodik,BODIK ODCS,大分県,440001_city_plan_442020,都市計画基礎調査データ（別府市）,https://data.bodik.jp/dataset/440001_city_plan_442020,Creative Commons Attribution 4.0 International,e25b20ad-3e00-41e0-9c78-4f6a6eae7579,別府市_小地域境界図_土地利用現況.pdf,PDF,8845045,土地利用,document,strict,https://data.bodik.jp/dataset/791724ba-b608-45ad-9634-8355e5dabf68/resource/e25b20ad-3e00-41e0-9c78-4f6a6eae7579/download/__.pdf
bodik,BODIK ODCS,大分県,440001_city_plan_442020,都市計画基礎調査データ（別府市）,https://data.bodik.jp/dataset/440001_city_plan_442020,Creative Commons Attribution 4.0 International,caed6f0e-2d02-4a07-ac16-b8cc15592803,city_plan_442020_beppu.json,JSON,1591316,,geo,strict,https://data.bodik.jp/dataset/791724ba-b608-45ad-9634-8355e5dabf68/resource/caed6f0e-2d02-4a07-ac16-b8cc15592803/download/city_plan_442020_beppu.json
bodik,BODIK ODCS,大分県,440001_city_plan_442020,都市計画基礎調査データ（別府市）,https://data.bodik.jp/dataset/440001_city_plan_442020,Creative Commons Attribution 4.0 International,7dada05b-e427-4a1e-a9a2-05b8f180bfcf,C0101_人口規模_beppu.csv,CSV,56439,人口,tabular,strict,https://data.bodik.jp/dataset/791724ba-b608-45ad-9634-8355e5dabf68/resource/7dada05b-e427-4a1e-a9a2-05b8f180bfcf/download/c0101__beppu.csv
bodik,BODIK ODCS,大分県,440001_city_plan_443417,都市計画基礎調査データ（日出町）,https://data.bodik.jp/dataset/440001_city_plan_443417,Creative Commons Attribution 4.0 International,84f8b45e-ada4-4778-b233-6e32d4d8b36b,GISデータ（shp）一式（日出町）.zip,ZIP,680194,,archive,strict,https://data.bodik.jp/dataset/29fc6779-6868-4d80-91dd-f939368b394b/resource/84f8b45e-ada4-4778-b233-6e32d4d8b36b/download/gisshp.zip
bodik,BODIK ODCS,大分県,440001_city_plan_443417,都市計画基礎調査データ（日出町）,https://data.bodik.jp/dataset/440001_city_plan_443417,Creative Commons Attribution 4.0 International,21ed6da2-64bd-4cbc-b562-7f5e2090793d,建物利用現況_延床面積.csv,CSV,1094,建物,tabular,strict,https://data.bodik.jp/dataset/29fc6779-6868-4d80-91dd-f939368b394b/resource/21ed6da2-64bd-4cbc-b562-7f5e2090793d/download/_.csv
bodik,BODIK ODCS,大分県,440001_city_plan_443417,都市計画基礎調査データ（日出町）,https://data.bodik.jp/dataset/440001_city_plan_443417,Creative Commons Attribution 4.0 International,645e11d5-f3ce-4ac0-9d31-541231e42098,建物利用現況_階数（地下、地上）.csv,CSV,1385,建物,tabular,strict,https://data.bodik.jp/dataset/29fc6779-6868-4d80-91dd-f939368b394b/resource/645e11d5-f3ce-4ac0-9d31-541231e42098/download/_.csv
bodik,BODIK ODCS,大分県,440001_city_plan_443417,都市計画基礎調査データ（日出町）,https://data.bodik.jp/dataset/440001_city_plan_443417,Creative Commons Attribution 4.0 International,529f8269-f4c4-4bd5-a9a1-695f6732050a,建物利用現況_建築年(棟数).csv,,965,建物,other,strict,https://data.bodik.jp/dataset/29fc6779-6868-4d80-91dd-f939368b394b/resource/529f8269-f4c4-4bd5-a9a1-695f6732050a/download/_.csv
bodik,BODIK ODCS,大分県,440001_city_plan_443417,都市計画基礎調査データ（日出町）,https://data.bodik.jp/dataset/440001_city_plan_443417,Creative Commons Attribution 4.0 International,0c5838e0-8cd1-4cb6-975b-6aba605f5997,建物利用現況_建築面積.csv,CSV,1062,建物,tabular,strict,https://data.bodik.jp/dataset/29fc6779-6868-4d80-91dd-f939368b394b/resource/0c5838e0-8cd1-4cb6-975b-6aba605f5997/download/_.csv
bodik,BODIK ODCS,大分県,440001_city_plan_443417,都市計画基礎調査データ（日出町）,https://data.bodik.jp/dataset/440001_city_plan_443417,Creative Commons Attribution 4.0 International,c3252133-ed76-4bb2-af24-7cb431a4a240,建物利用現況_建物用途（延床面積）.csv,CSV,1725,建物,tabular,strict,https://data.bodik.jp/dataset/29fc6779-6868-4d80-91dd-f939368b394b/resource/c3252133-ed76-4bb2-af24-7cb431a4a240/download/_.csv
bodik,BODIK ODCS,大分県,440001_city_plan_443417,都市計画基礎調査データ（日出町）,https://data.bodik.jp/dataset/440001_city_plan_443417,Creative Commons Attribution 4.0 International,edcec879-ea4e-4588-b0b7-41e031f7f8e2,建物利用現況_建物用途（建築面積）.csv,CSV,2104,建物,tabular,strict,https://data.bodik.jp/dataset/29fc6779-6868-4d80-91dd-f939368b394b/resource/edcec879-ea4e-4588-b0b7-41e031f7f8e2/download/_.csv
bodik,BODIK ODCS,大分県,440001_city_plan_443417,都市計画基礎調査データ（日出町）,https://data.bodik.jp/dataset/440001_city_plan_443417,Creative Commons Attribution 4.0 International,d8fb3fa3-10f8-4a89-9769-c294c78cc4c8,建物利用現況_建物用途（棟数）.csv,CSV,1340,建物,tabular,strict,https://data.bodik.jp/dataset/29fc6779-6868-4d80-91dd-f939368b394b/resource/d8fb3fa3-10f8-4a89-9769-c294c78cc4c8/download/_.csv
bodik,BODIK ODCS,大分県,440001_city_plan_443417,都市計画基礎調査データ（日出町）,https://data.bodik.jp/dataset/440001_city_plan_443417,Creative Commons Attribution 4.0 International,e02b403f-aab3-49db-a3de-b1aacd975bd1,建物利用現況_構造.csv,CSV,895,建物,tabular,strict,https://data.bodik.jp/dataset/29fc6779-6868-4d80-91dd-f939368b394b/resource/e02b403f-aab3-49db-a3de-b1aacd975bd1/download/_.csv
bodik,BODIK ODCS,大分県,440001_city_plan_443417,都市計画基礎調査データ（日出町）,https://data.bodik.jp/dataset/440001_city_plan_443417,Creative Commons Attribution 4.0 International,d74b7bdc-1d63-4b06-a45b-01fb0318b59e,建物利用現況_耐火構造種別.csv,CSV,675,建物,tabular,strict,https://data.bodik.jp/dataset/29fc6779-6868-4d80-91dd-f939368b394b/resource/d74b7bdc-1d63-4b06-a45b-01fb0318b59e/download/_.csv
bodik,BODIK ODCS,大分県,440001_city_plan_443417,都市計画基礎調査データ（日出町）,https://data.bodik.jp/dataset/440001_city_plan_443417,Creative Commons Attribution 4.0 International,6636cae7-10ba-4957-955e-35698dec844e,土地利用現況_用途別土地利用面積.csv,CSV,2640,土地利用,tabular,strict,https://data.bodik.jp/dataset/29fc6779-6868-4d80-91dd-f939368b394b/resource/6636cae7-10ba-4957-955e-35698dec844e/download/_.csv
bodik,BODIK ODCS,大分県,440001_city_plan_443417,都市計画基礎調査データ（日出町）,https://data.bodik.jp/dataset/440001_city_plan_443417,Creative Commons Attribution 4.0 International,2d838be6-2cbe-4948-81ae-631fc4556785,日出町_小地域境界図_建物利用現況.pdf,PDF,7587724,建物,document,strict,https://data.bodik.jp/dataset/29fc6779-6868-4d80-91dd-f939368b394b/resource/2d838be6-2cbe-4948-81ae-631fc4556785/download/__.pdf
bodik,BODIK ODCS,大分県,440001_city_plan_443417,都市計画基礎調査データ（日出町）,https://data.bodik.jp/dataset/440001_city_plan_443417,Creative Commons Attribution 4.0 International,8bb95393-ae7a-456f-91ac-a43777843f8f,日出町_小地域境界図_土地利用現況.pdf,PDF,8237868,土地利用,document,strict,https://data.bodik.jp/dataset/29fc6779-6868-4d80-91dd-f939368b394b/resource/8bb95393-ae7a-456f-91ac-a43777843f8f/download/__.pdf
bodik,BODIK ODCS,大分県,440001_city_plan_443417,都市計画基礎調査データ（日出町）,https://data.bodik.jp/dataset/440001_city_plan_443417,Creative Commons Attribution 4.0 International,60241d37-3bb2-4ec0-ad87-dde07b8fd704,C0101_人口規模_hiji.csv,CSV,4560,人口,tabular,strict,https://data.bodik.jp/dataset/29fc6779-6868-4d80-91dd-f939368b394b/resource/60241d37-3bb2-4ec0-ad87-dde07b8fd704/download/c0101__hiji.csv
bodik,BODIK ODCS,大分県,440001_city_plan_443417,都市計画基礎調査データ（日出町）,https://data.bodik.jp/dataset/440001_city_plan_443417,Creative Commons Attribution 4.0 International,5e38e2ee-d473-4c2f-aa6c-24472003006f,city_plan_443417_hiji.json,JSON,130351,,geo,strict,https://data.bodik.jp/dataset/29fc6779-6868-4d80-91dd-f939368b394b/resource/5e38e2ee-d473-4c2f-aa6c-24472003006f/download/city_plan_443417_hiji.json
bodik,BODIK ODCS,大分県,440001_city_plan_442011,都市計画基礎調査データ（大分市）,https://data.bodik.jp/dataset/440001_city_plan_442011,Creative Commons Attribution 4.0 International,dde26927-5d87-420c-9383-7a557cd2601f,GISデータ（shp）一式（大分市）,ZIP,11410368,,archive,strict,https://data.bodik.jp/dataset/e208f12f-b47e-4bb1-899d-9c7833dfb9a2/resource/dde26927-5d87-420c-9383-7a557cd2601f/download/2022oita_gis.zip
bodik,BODIK ODCS,大分県,440001_city_plan_442011,都市計画基礎調査データ（大分市）,https://data.bodik.jp/dataset/440001_city_plan_442011,Creative Commons Attribution 4.0 International,e6fd8629-2dd3-4613-ba36-07a44e04819d,大分市_建物利用現況_延床面積,CSV,57523,建物,tabular,strict,https://data.bodik.jp/dataset/e208f12f-b47e-4bb1-899d-9c7833dfb9a2/resource/e6fd8629-2dd3-4613-ba36-07a44e04819d/download/44201_oita_to01_bu_area.csv
bodik,BODIK ODCS,大分県,440001_city_plan_442011,都市計画基礎調査データ（大分市）,https://data.bodik.jp/dataset/440001_city_plan_442011,Creative Commons Attribution 4.0 International,b1690808-8264-4940-9060-f1105b770592,大分市_建物利用現況_階数（地下、地上）,CSV,55416,建物,tabular,strict,https://data.bodik.jp/dataset/e208f12f-b47e-4bb1-899d-9c7833dfb9a2/resource/b1690808-8264-4940-9060-f1105b770592/download/44201_oita_to02_bu_flo.csv
bodik,BODIK ODCS,大分県,440001_city_plan_442011,都市計画基礎調査データ（大分市）,https://data.bodik.jp/dataset/440001_city_plan_442011,Creative Commons Attribution 4.0 International,4a7dfc29-f3b4-4d45-b87a-e1e0e4eaeba3,大分市_建物利用現況_建築年,CSV,44366,建物,tabular,strict,https://data.bodik.jp/dataset/e208f12f-b47e-4bb1-899d-9c7833dfb9a2/resource/4a7dfc29-f3b4-4d45-b87a-e1e0e4eaeba3/download/44201_oita_to03_bu_age.csv
bodik,BODIK ODCS,大分県,440001_city_plan_442011,都市計画基礎調査データ（大分市）,https://data.bodik.jp/dataset/440001_city_plan_442011,Creative Commons Attribution 4.0 International,f4ae9c56-bfa3-4614-aab7-150eb9b64ece,大分市_建物利用現況_建築面積,CSV,58409,建物,tabular,strict,https://data.bodik.jp/dataset/e208f12f-b47e-4bb1-899d-9c7833dfb9a2/resource/f4ae9c56-bfa3-4614-aab7-150eb9b64ece/download/44201_oita_to04_bu_2area.csv
bodik,BODIK ODCS,大分県,440001_city_plan_442011,都市計画基礎調査データ（大分市）,https://data.bodik.jp/dataset/440001_city_plan_442011,Creative Commons Attribution 4.0 International,a888087c-8d54-46df-9541-8a84c3488a80,大分市_建物利用現況_建物用途（延床面積）,CSV,80506,建物,tabular,strict,https://data.bodik.jp/dataset/e208f12f-b47e-4bb1-899d-9c7833dfb9a2/resource/a888087c-8d54-46df-9541-8a84c3488a80/download/44201_oita_to05_bu_use_area.csv
bodik,BODIK ODCS,大分県,440001_city_plan_442011,都市計画基礎調査データ（大分市）,https://data.bodik.jp/dataset/440001_city_plan_442011,Creative Commons Attribution 4.0 International,4c814a9d-10b8-40de-b9d5-7405c553e878,大分市_建物利用現況_建物用途（建築面積）,CSV,99496,建物,tabular,strict,https://data.bodik.jp/dataset/e208f12f-b47e-4bb1-899d-9c7833dfb9a2/resource/4c814a9d-10b8-40de-b9d5-7405c553e878/download/44201_oita_to06_bu_use_2area.csv
bodik,BODIK ODCS,大分県,440001_city_plan_442011,都市計画基礎調査データ（大分市）,https://data.bodik.jp/dataset/440001_city_plan_442011,Creative Commons Attribution 4.0 International,5c7aac8b-6f5c-430d-8019-581bd36a66ed,大分市_建物利用現況_建物用途（棟数）,CSV,58209,建物,tabular,strict,https://data.bodik.jp/dataset/e208f12f-b47e-4bb1-899d-9c7833dfb9a2/resource/5c7aac8b-6f5c-430d-8019-581bd36a66ed/download/44201_oita_to07_bu_use_num.csv
bodik,BODIK ODCS,大分県,440001_city_plan_442011,都市計画基礎調査データ（大分市）,https://data.bodik.jp/dataset/440001_city_plan_442011,Creative Commons Attribution 4.0 International,c8b7957c-e4fb-4ad7-8112-cfcef47e4189,大分市_建物利用現況_構造,CSV,41867,建物,tabular,strict,https://data.bodik.jp/dataset/e208f12f-b47e-4bb1-899d-9c7833dfb9a2/resource/c8b7957c-e4fb-4ad7-8112-cfcef47e4189/download/44201_oita_to08_bu_use_st.csv
bodik,BODIK ODCS,大分県,440001_city_plan_442011,都市計画基礎調査データ（大分市）,https://data.bodik.jp/dataset/440001_city_plan_442011,Creative Commons Attribution 4.0 International,a5a3fb9f-6b99-489a-aa5b-8edaf27cf92f,大分市_建物利用現況_耐火構造種別,CSV,36308,建物,tabular,strict,https://data.bodik.jp/dataset/e208f12f-b47e-4bb1-899d-9c7833dfb9a2/resource/a5a3fb9f-6b99-489a-aa5b-8edaf27cf92f/download/44201_oita_to09_bu_use_fire.csv
bodik,BODIK ODCS,大分県,440001_city_plan_442011,都市計画基礎調査データ（大分市）,https://data.bodik.jp/dataset/440001_city_plan_442011,Creative Commons Attribution 4.0 International,65baef27-603a-442d-bcdc-368e762fe03a,大分市_土地利用現況_用途別土地利用面積,CSV,115827,土地利用,tabular,strict,https://data.bodik.jp/dataset/e208f12f-b47e-4bb1-899d-9c7833dfb9a2/resource/65baef27-603a-442d-bcdc-368e762fe03a/download/44201_oita_to10_la.csv
bodik,BODIK ODCS,大分県,440001_city_plan_442011,都市計画基礎調査データ（大分市）,https://data.bodik.jp/dataset/440001_city_plan_442011,Creative Commons Attribution 4.0 International,e4bfb9c0-c8ba-4dc9-a0ab-1012bba2a7ec,大分市_小地域境界図_建物利用現況,PDF,6320918,建物,document,strict,https://data.bodik.jp/dataset/e208f12f-b47e-4bb1-899d-9c7833dfb9a2/resource/e4bfb9c0-c8ba-4dc9-a0ab-1012bba2a7ec/download/__.pdf
bodik,BODIK ODCS,大分県,440001_city_plan_442011,都市計画基礎調査データ（大分市）,https://data.bodik.jp/dataset/440001_city_plan_442011,Creative Commons Attribution 4.0 International,14020676-fa3e-4916-a020-d2a3f218173e,大分市_小地域境界図_土地利用現況,PDF,8309241,土地利用,document,strict,https://data.bodik.jp/dataset/e208f12f-b47e-4bb1-899d-9c7833dfb9a2/resource/14020676-fa3e-4916-a020-d2a3f218173e/download/__.pdf
bodik,BODIK ODCS,大分県,440001_city_plan_442011,都市計画基礎調査データ（大分市）,https://data.bodik.jp/dataset/440001_city_plan_442011,Creative Commons Attribution 4.0 International,28c5c38a-1863-476b-a1ac-48b2f226bf8e,C0101_人口規模_oita.csv,CSV,59315748,人口,tabular,strict,https://data.bodik.jp/dataset/e208f12f-b47e-4bb1-899d-9c7833dfb9a2/resource/28c5c38a-1863-476b-a1ac-48b2f226bf8e/download/c0101__oita.csv
bodik,BODIK ODCS,大分県,440001_city_plan_442119,都市計画基礎調査データ（宇佐市）,https://data.bodik.jp/dataset/440001_city_plan_442119,Creative Commons Attribution 4.0 International,1f2626bf-ed20-4485-b67f-420b85e447ca,GISデータ（shp）一式（宇佐市）,ZIP,2078676,,archive,strict,https://data.bodik.jp/dataset/f5071bbe-2916-43df-b084-5c0ef99703af/resource/1f2626bf-ed20-4485-b67f-420b85e447ca/download/2021usa_gis.zip
bodik,BODIK ODCS,大分県,440001_city_plan_442119,都市計画基礎調査データ（宇佐市）,https://data.bodik.jp/dataset/440001_city_plan_442119,Creative Commons Attribution 4.0 International,c1d85c6f-020c-4c42-a263-72861c8d0557,宇佐市_建物利用現況_延床面積.csv,CSV,7937,建物,tabular,strict,https://data.bodik.jp/dataset/f5071bbe-2916-43df-b084-5c0ef99703af/resource/c1d85c6f-020c-4c42-a263-72861c8d0557/download/44211_usa_to01_bu_area.csv
bodik,BODIK ODCS,大分県,440001_city_plan_442119,都市計画基礎調査データ（宇佐市）,https://data.bodik.jp/dataset/440001_city_plan_442119,Creative Commons Attribution 4.0 International,cf3fc709-411d-4fa9-a3d0-f190e2e4e987,宇佐市_建物利用現況_階数（地下、地上）.csv,CSV,8589,建物,tabular,strict,https://data.bodik.jp/dataset/f5071bbe-2916-43df-b084-5c0ef99703af/resource/cf3fc709-411d-4fa9-a3d0-f190e2e4e987/download/44211_usa_to02_bu_flo.csv
bodik,BODIK ODCS,大分県,440001_city_plan_442119,都市計画基礎調査データ（宇佐市）,https://data.bodik.jp/dataset/440001_city_plan_442119,Creative Commons Attribution 4.0 International,3e405a06-a935-41cf-89b2-3677d572e5a2,宇佐市_建物利用現況_建築年.csv,CSV,6711,建物,tabular,strict,https://data.bodik.jp/dataset/f5071bbe-2916-43df-b084-5c0ef99703af/resource/3e405a06-a935-41cf-89b2-3677d572e5a2/download/44211_usa_to03_bu_age.csv
bodik,BODIK ODCS,大分県,440001_city_plan_442119,都市計画基礎調査データ（宇佐市）,https://data.bodik.jp/dataset/440001_city_plan_442119,Creative Commons Attribution 4.0 International,b0f798dd-5c14-48ac-b0b3-c486b1fd1758,宇佐市_建物利用現況_建築面積.csv,CSV,7693,建物,tabular,strict,https://data.bodik.jp/dataset/f5071bbe-2916-43df-b084-5c0ef99703af/resource/b0f798dd-5c14-48ac-b0b3-c486b1fd1758/download/44211_usa_to04_bu_2area.csv
bodik,BODIK ODCS,大分県,440001_city_plan_442119,都市計画基礎調査データ（宇佐市）,https://data.bodik.jp/dataset/440001_city_plan_442119,Creative Commons Attribution 4.0 International,f13b6876-0a6b-48ae-9f47-49384b63a420,宇佐市_建物利用現況_建物用途（延床面積）.csv,CSV,12248,建物,tabular,strict,https://data.bodik.jp/dataset/f5071bbe-2916-43df-b084-5c0ef99703af/resource/f13b6876-0a6b-48ae-9f47-49384b63a420/download/44211_usa_to05_bu_use_area.csv
bodik,BODIK ODCS,大分県,440001_city_plan_442119,都市計画基礎調査データ（宇佐市）,https://data.bodik.jp/dataset/440001_city_plan_442119,Creative Commons Attribution 4.0 International,78ff84eb-e865-4f6c-ab24-21d55a398681,宇佐市_建物利用現況_建物用途（建築面積）.csv,CSV,12184,建物,tabular,strict,https://data.bodik.jp/dataset/f5071bbe-2916-43df-b084-5c0ef99703af/resource/78ff84eb-e865-4f6c-ab24-21d55a398681/download/44211_usa_to06_bu_use_2area.csv
bodik,BODIK ODCS,大分県,440001_city_plan_442119,都市計画基礎調査データ（宇佐市）,https://data.bodik.jp/dataset/440001_city_plan_442119,Creative Commons Attribution 4.0 International,f4c3013b-ca6e-4032-a905-0055ed6f2ddc,宇佐市_建物利用現況_建物用途（棟数）.csv,CSV,9258,建物,tabular,strict,https://data.bodik.jp/dataset/f5071bbe-2916-43df-b084-5c0ef99703af/resource/f4c3013b-ca6e-4032-a905-0055ed6f2ddc/download/44211_usa_to07_bu_use_num.csv
bodik,BODIK ODCS,大分県,440001_city_plan_442119,都市計画基礎調査データ（宇佐市）,https://data.bodik.jp/dataset/440001_city_plan_442119,Creative Commons Attribution 4.0 International,d413b935-83a0-4309-95dc-a0f1b1075dde,宇佐市_建物利用現況_構造.csv,CSV,6324,建物,tabular,strict,https://data.bodik.jp/dataset/f5071bbe-2916-43df-b084-5c0ef99703af/resource/d413b935-83a0-4309-95dc-a0f1b1075dde/download/44211_usa_to08_bu_use_st.csv
bodik,BODIK ODCS,大分県,440001_city_plan_442119,都市計画基礎調査データ（宇佐市）,https://data.bodik.jp/dataset/440001_city_plan_442119,Creative Commons Attribution 4.0 International,adc610b2-9fb9-463a-af44-c63705729383,宇佐市_建物利用現況_耐火構造種別.csv,CSV,5456,建物,tabular,strict,https://data.bodik.jp/dataset/f5071bbe-2916-43df-b084-5c0ef99703af/resource/adc610b2-9fb9-463a-af44-c63705729383/download/44211_usa_to09_bu_use_fire.csv
bodik,BODIK ODCS,大分県,440001_city_plan_442119,都市計画基礎調査データ（宇佐市）,https://data.bodik.jp/dataset/440001_city_plan_442119,Creative Commons Attribution 4.0 International,f8705ac4-b01b-48ac-af1c-2a8353ccbcf3,宇佐市_土地利用現況_用途別土地利用面積.csv,CSV,10201,土地利用,tabular,strict,https://data.bodik.jp/dataset/f5071bbe-2916-43df-b084-5c0ef99703af/resource/f8705ac4-b01b-48ac-af1c-2a8353ccbcf3/download/44211_usa_to10_la.csv
bodik,BODIK ODCS,大分県,440001_city_plan_442119,都市計画基礎調査データ（宇佐市）,https://data.bodik.jp/dataset/440001_city_plan_442119,Creative Commons Attribution 4.0 International,eb116251-c0ed-4b24-b96f-be6f5e016fed,宇佐市_小地域境界図_建物利用現況.pdf,PDF,9541965,建物,document,strict,https://data.bodik.jp/dataset/f5071bbe-2916-43df-b084-5c0ef99703af/resource/eb116251-c0ed-4b24-b96f-be6f5e016fed/download/__.pdf
bodik,BODIK ODCS,大分県,440001_city_plan_442119,都市計画基礎調査データ（宇佐市）,https://data.bodik.jp/dataset/440001_city_plan_442119,Creative Commons Attribution 4.0 International,3e94e6c6-6f92-4363-8f41-29055813220a,C0101_人口規模_usa.csv,CSV,83958,人口,tabular,strict,https://data.bodik.jp/dataset/f5071bbe-2916-43df-b084-5c0ef99703af/resource/3e94e6c6-6f92-4363-8f41-29055813220a/download/c0101__usa.csv
bodik,BODIK ODCS,大分県,440001_city_plan_442089,都市計画基礎調査データ（竹田市）,https://data.bodik.jp/dataset/440001_city_plan_442089,Creative Commons Attribution 4.0 International,dc7d74a5-19de-4393-bde5-6c6b74d06b57,GISデータ（shp）一式（竹田市）,ZIP,3793493,,archive,strict,https://data.bodik.jp/dataset/59846172-e02a-4eb2-baae-90edcb381fb1/resource/dc7d74a5-19de-4393-bde5-6c6b74d06b57/download/2022taketa_gis.zip
bodik,BODIK ODCS,大分県,440001_city_plan_442089,都市計画基礎調査データ（竹田市）,https://data.bodik.jp/dataset/440001_city_plan_442089,Creative Commons Attribution 4.0 International,a78bb7ed-d200-4803-a9ab-bd6fa32bd683,竹田市_建物利用現況_延床面積,CSV,5084,建物,tabular,strict,https://data.bodik.jp/dataset/59846172-e02a-4eb2-baae-90edcb381fb1/resource/a78bb7ed-d200-4803-a9ab-bd6fa32bd683/download/44208_taketa_to01_bu_area.csv
bodik,BODIK ODCS,大分県,440001_city_plan_442089,都市計画基礎調査データ（竹田市）,https://data.bodik.jp/dataset/440001_city_plan_442089,Creative Commons Attribution 4.0 International,4ce616d4-d35a-4c97-85de-1d4b08bafba6,竹田市_建物利用現況_階数（地下、地上）,CSV,6161,建物,tabular,strict,https://data.bodik.jp/dataset/59846172-e02a-4eb2-baae-90edcb381fb1/resource/4ce616d4-d35a-4c97-85de-1d4b08bafba6/download/44208_taketa_to02_bu_flo.csv
bodik,BODIK ODCS,大分県,440001_city_plan_442089,都市計画基礎調査データ（竹田市）,https://data.bodik.jp/dataset/440001_city_plan_442089,Creative Commons Attribution 4.0 International,21a61e4e-b899-4fa3-bb59-cbd6340aca6b,竹田市_建物利用現況_建築年,CSV,4667,建物,tabular,strict,https://data.bodik.jp/dataset/59846172-e02a-4eb2-baae-90edcb381fb1/resource/21a61e4e-b899-4fa3-bb59-cbd6340aca6b/download/44208_taketa_to03_bu_age.csv
bodik,BODIK ODCS,大分県,440001_city_plan_442089,都市計画基礎調査データ（竹田市）,https://data.bodik.jp/dataset/440001_city_plan_442089,Creative Commons Attribution 4.0 International,d11fdbcf-7d5c-4725-aa0c-3e913593648d,竹田市_建物利用現況_建築面積,CSV,4938,建物,tabular,strict,https://data.bodik.jp/dataset/59846172-e02a-4eb2-baae-90edcb381fb1/resource/d11fdbcf-7d5c-4725-aa0c-3e913593648d/download/44208_taketa_to04_bu_2area.csv
bodik,BODIK ODCS,大分県,440001_city_plan_442089,都市計画基礎調査データ（竹田市）,https://data.bodik.jp/dataset/440001_city_plan_442089,Creative Commons Attribution 4.0 International,597cdb19-7ed9-46e0-a186-aa5e885b3c81,竹田市_建物利用現況_建物用途（延床面積）,CSV,6675,建物,tabular,strict,https://data.bodik.jp/dataset/59846172-e02a-4eb2-baae-90edcb381fb1/resource/597cdb19-7ed9-46e0-a186-aa5e885b3c81/download/44208_taketa_to05_bu_use_area.csv
bodik,BODIK ODCS,大分県,440001_city_plan_442089,都市計画基礎調査データ（竹田市）,https://data.bodik.jp/dataset/440001_city_plan_442089,Creative Commons Attribution 4.0 International,ccc403ec-d269-4d47-9775-47d9dc0bf2d4,竹田市_建物利用現況_建物用途（建築面積）,CSV,6658,建物,tabular,strict,https://data.bodik.jp/dataset/59846172-e02a-4eb2-baae-90edcb381fb1/resource/ccc403ec-d269-4d47-9775-47d9dc0bf2d4/download/44208_taketa_to06_bu_use_2area.csv
bodik,BODIK ODCS,大分県,440001_city_plan_442089,都市計画基礎調査データ（竹田市）,https://data.bodik.jp/dataset/440001_city_plan_442089,Creative Commons Attribution 4.0 International,e20e6e28-fc82-4f56-b166-b2b477eebfba,竹田市_建物利用現況_建物用途（棟数）,CSV,6272,建物,tabular,strict,https://data.bodik.jp/dataset/59846172-e02a-4eb2-baae-90edcb381fb1/resource/e20e6e28-fc82-4f56-b166-b2b477eebfba/download/44208_taketa_to07_bu_use_num.csv
bodik,BODIK ODCS,大分県,440001_city_plan_442089,都市計画基礎調査データ（竹田市）,https://data.bodik.jp/dataset/440001_city_plan_442089,Creative Commons Attribution 4.0 International,af8e0462-11d3-4629-b9b8-811ea54836d5,竹田市_建物利用現況_構造,CSV,4496,建物,tabular,strict,https://data.bodik.jp/dataset/59846172-e02a-4eb2-baae-90edcb381fb1/resource/af8e0462-11d3-4629-b9b8-811ea54836d5/download/44208_taketa_to08_bu_use_st.csv
bodik,BODIK ODCS,大分県,440001_city_plan_442089,都市計画基礎調査データ（竹田市）,https://data.bodik.jp/dataset/440001_city_plan_442089,Creative Commons Attribution 4.0 International,172d51f9-58ae-4509-bdb2-6c8ae89e3006,竹田市_建物利用現況_耐火構造種別,CSV,3925,建物,tabular,strict,https://data.bodik.jp/dataset/59846172-e02a-4eb2-baae-90edcb381fb1/resource/172d51f9-58ae-4509-bdb2-6c8ae89e3006/download/44208_taketa_to09_bu_use_fire.csv
bodik,BODIK ODCS,大分県,440001_city_plan_442089,都市計画基礎調査データ（竹田市）,https://data.bodik.jp/dataset/440001_city_plan_442089,Creative Commons Attribution 4.0 International,a3c8950f-4ec2-496b-bcfe-cf014ccc63ba,竹田市_建物利用現況_耐火構造種別,CSV,3925,建物,tabular,strict,https://data.bodik.jp/dataset/59846172-e02a-4eb2-baae-90edcb381fb1/resource/a3c8950f-4ec2-496b-bcfe-cf014ccc63ba/download/44208_taketa_to09_bu_use_fire.csv
bodik,BODIK ODCS,大分県,440001_city_plan_442089,都市計画基礎調査データ（竹田市）,https://data.bodik.jp/dataset/440001_city_plan_442089,Creative Commons Attribution 4.0 International,69e459e7-d73d-4951-b935-267aa77a63b6,竹田市_土地利用現況_用途別土地利用面積,CSV,7721,土地利用,tabular,strict,https://data.bodik.jp/dataset/59846172-e02a-4eb2-baae-90edcb381fb1/resource/69e459e7-d73d-4951-b935-267aa77a63b6/download/44208_taketa_to10_la.csv
bodik,BODIK ODCS,大分県,440001_city_plan_442089,都市計画基礎調査データ（竹田市）,https://data.bodik.jp/dataset/440001_city_plan_442089,Creative Commons Attribution 4.0 International,8baeea48-1df2-4d6f-9415-d7dc2c2e0072,竹田市_小地域境界図_建物利用現況,PDF,9800969,建物,document,strict,https://data.bodik.jp/dataset/59846172-e02a-4eb2-baae-90edcb381fb1/resource/8baeea48-1df2-4d6f-9415-d7dc2c2e0072/download/__.pdf
bodik,BODIK ODCS,大分県,440001_city_plan_442089,都市計画基礎調査データ（竹田市）,https://data.bodik.jp/dataset/440001_city_plan_442089,Creative Commons Attribution 4.0 International,58633f45-b4ea-4806-bfea-387d26c7e8fe,竹田市_小地域境界図_土地利用現況,PDF,10125678,土地利用,document,strict,https://data.bodik.jp/dataset/59846172-e02a-4eb2-baae-90edcb381fb1/resource/58633f45-b4ea-4806-bfea-387d26c7e8fe/download/__.pdf
bodik,BODIK ODCS,大分県,440001_city_plan_442071,都市計画基礎調査データ（津久見市）,https://data.bodik.jp/dataset/440001_city_plan_442071,Creative Commons Attribution 4.0 International,9868772f-66d7-49d3-8a9e-d0a666edd5bf,GISデータ（shp）一式（津久見市）,ZIP,2772793,,archive,strict,https://data.bodik.jp/dataset/3436154f-a9d9-4ce2-a67c-0f9c570a3010/resource/9868772f-66d7-49d3-8a9e-d0a666edd5bf/download/2022tsukumi_gis.zip
bodik,BODIK ODCS,大分県,440001_city_plan_442071,都市計画基礎調査データ（津久見市）,https://data.bodik.jp/dataset/440001_city_plan_442071,Creative Commons Attribution 4.0 International,ef2c1d4c-203c-4adc-ac06-400c18845a26,津久見市_建物利用現況_延床面積,CSV,6184,建物,tabular,strict,https://data.bodik.jp/dataset/3436154f-a9d9-4ce2-a67c-0f9c570a3010/resource/ef2c1d4c-203c-4adc-ac06-400c18845a26/download/44207_tsukumi_to01_bu_area.csv
bodik,BODIK ODCS,大分県,440001_city_plan_442071,都市計画基礎調査データ（津久見市）,https://data.bodik.jp/dataset/440001_city_plan_442071,Creative Commons Attribution 4.0 International,e80ce9e5-085c-47f5-94cc-ac9bcb7be279,津久見市_建物利用現況_階数（地下、地上）,CSV,6802,建物,tabular,strict,https://data.bodik.jp/dataset/3436154f-a9d9-4ce2-a67c-0f9c570a3010/resource/e80ce9e5-085c-47f5-94cc-ac9bcb7be279/download/44207_tsukumi_to02_bu_flo.csv
bodik,BODIK ODCS,大分県,440001_city_plan_442071,都市計画基礎調査データ（津久見市）,https://data.bodik.jp/dataset/440001_city_plan_442071,Creative Commons Attribution 4.0 International,17a1ee2e-01ae-4925-a495-4f4b204ec18f,津久見市_建物利用現況_建築年,CSV,5255,建物,tabular,strict,https://data.bodik.jp/dataset/3436154f-a9d9-4ce2-a67c-0f9c570a3010/resource/17a1ee2e-01ae-4925-a495-4f4b204ec18f/download/44207_tsukumi_to03_bu_age.csv
bodik,BODIK ODCS,大分県,440001_city_plan_442071,都市計画基礎調査データ（津久見市）,https://data.bodik.jp/dataset/440001_city_plan_442071,Creative Commons Attribution 4.0 International,7b93c1ba-6ccb-4605-9e8a-bcbed36ab7e6,津久見市_建物利用現況_建築面積,CSV,5993,建物,tabular,strict,https://data.bodik.jp/dataset/3436154f-a9d9-4ce2-a67c-0f9c570a3010/resource/7b93c1ba-6ccb-4605-9e8a-bcbed36ab7e6/download/44207_tsukumi_to04_bu_2area.csv
bodik,BODIK ODCS,大分県,440001_city_plan_442071,都市計画基礎調査データ（津久見市）,https://data.bodik.jp/dataset/440001_city_plan_442071,Creative Commons Attribution 4.0 International,647f5ca4-f3b8-4afa-9b83-358cdb01c2a6,津久見市_建物利用現況_建物用途（延床面積）,CSV,8032,建物,tabular,strict,https://data.bodik.jp/dataset/3436154f-a9d9-4ce2-a67c-0f9c570a3010/resource/647f5ca4-f3b8-4afa-9b83-358cdb01c2a6/download/44207_tsukumi_to05_bu_use_area.csv
bodik,BODIK ODCS,大分県,440001_city_plan_442071,都市計画基礎調査データ（津久見市）,https://data.bodik.jp/dataset/440001_city_plan_442071,Creative Commons Attribution 4.0 International,87078c7c-8f30-407c-aeb7-5520212f4961,津久見市_建物利用現況_建物用途（建築面積）,CSV,7998,建物,tabular,strict,https://data.bodik.jp/dataset/3436154f-a9d9-4ce2-a67c-0f9c570a3010/resource/87078c7c-8f30-407c-aeb7-5520212f4961/download/44207_tsukumi_to06_bu_use_2area.csv
bodik,BODIK ODCS,大分県,440001_city_plan_442071,都市計画基礎調査データ（津久見市）,https://data.bodik.jp/dataset/440001_city_plan_442071,Creative Commons Attribution 4.0 International,e6d75637-7d57-4047-95c0-9a9c1a6e4a1f,津久見市_建物利用現況_建物用途（棟数）,CSV,6915,建物,tabular,strict,https://data.bodik.jp/dataset/3436154f-a9d9-4ce2-a67c-0f9c570a3010/resource/e6d75637-7d57-4047-95c0-9a9c1a6e4a1f/download/44207_tsukumi_to07_bu_use_num.csv
bodik,BODIK ODCS,大分県,440001_city_plan_442071,都市計画基礎調査データ（津久見市）,https://data.bodik.jp/dataset/440001_city_plan_442071,Creative Commons Attribution 4.0 International,36e6af62-3fe3-43d9-9f07-d024d079fcb5,津久見市_建物利用現況_構造,CSV,5042,建物,tabular,strict,https://data.bodik.jp/dataset/3436154f-a9d9-4ce2-a67c-0f9c570a3010/resource/36e6af62-3fe3-43d9-9f07-d024d079fcb5/download/44207_tsukumi_to08_bu_use_st.csv
bodik,BODIK ODCS,大分県,440001_city_plan_442071,都市計画基礎調査データ（津久見市）,https://data.bodik.jp/dataset/440001_city_plan_442071,Creative Commons Attribution 4.0 International,7f9071f5-17bc-4e1f-bade-b85d95808803,津久見市_建物利用現況_耐火構造種別,CSV,4387,建物,tabular,strict,https://data.bodik.jp/dataset/3436154f-a9d9-4ce2-a67c-0f9c570a3010/resource/7f9071f5-17bc-4e1f-bade-b85d95808803/download/44207_tsukumi_to09_bu_use_fire.csv
bodik,BODIK ODCS,大分県,440001_city_plan_442071,都市計画基礎調査データ（津久見市）,https://data.bodik.jp/dataset/440001_city_plan_442071,Creative Commons Attribution 4.0 International,348fc1ab-2fb7-4590-b5a8-67d3c8939865,津久見市_土地利用現況_用途別土地利用面積,CSV,12053,土地利用,tabular,strict,https://data.bodik.jp/dataset/3436154f-a9d9-4ce2-a67c-0f9c570a3010/resource/348fc1ab-2fb7-4590-b5a8-67d3c8939865/download/44207_tsukumi_to10_la.csv
bodik,BODIK ODCS,大分県,440001_city_plan_442071,都市計画基礎調査データ（津久見市）,https://data.bodik.jp/dataset/440001_city_plan_442071,Creative Commons Attribution 4.0 International,7dce3cc0-585b-400d-986b-575f2953bb9d,津久見市_小地域境界図_建物利用現況,PDF,7695763,建物,document,strict,https://data.bodik.jp/dataset/3436154f-a9d9-4ce2-a67c-0f9c570a3010/resource/7dce3cc0-585b-400d-986b-575f2953bb9d/download/__.pdf
bodik,BODIK ODCS,大分県,440001_city_plan_442071,都市計画基礎調査データ（津久見市）,https://data.bodik.jp/dataset/440001_city_plan_442071,Creative Commons Attribution 4.0 International,de502892-597e-422f-9107-77362a5ab7f7,津久見市_小地域境界図_土地利用現況,PDF,8508954,土地利用,document,strict,https://data.bodik.jp/dataset/3436154f-a9d9-4ce2-a67c-0f9c570a3010/resource/de502892-597e-422f-9107-77362a5ab7f7/download/__.pdf
bodik,BODIK ODCS,大分県,440001_city_plan_442143,都市計画基礎調査データ（国東市）,https://data.bodik.jp/dataset/440001_city_plan_442143,Creative Commons Attribution 4.0 International,32dc9f1d-372d-48df-8054-9336afa7e451,GISデータ（shp）一式（国東市）.zip,ZIP,3531210,,archive,strict,https://data.bodik.jp/dataset/fb4682e7-a0ce-4983-bd1e-a88737f8085b/resource/32dc9f1d-372d-48df-8054-9336afa7e451/download/gisshp.zip
bodik,BODIK ODCS,大分県,440001_city_plan_442143,都市計画基礎調査データ（国東市）,https://data.bodik.jp/dataset/440001_city_plan_442143,Creative Commons Attribution 4.0 International,2fe08d9e-eede-4b3f-ac7d-b0ba6c0b856a,建物利用現況_延床面積.csv,CSV,4577,建物,tabular,strict,https://data.bodik.jp/dataset/fb4682e7-a0ce-4983-bd1e-a88737f8085b/resource/2fe08d9e-eede-4b3f-ac7d-b0ba6c0b856a/download/_.csv
bodik,BODIK ODCS,大分県,440001_city_plan_442143,都市計画基礎調査データ（国東市）,https://data.bodik.jp/dataset/440001_city_plan_442143,Creative Commons Attribution 4.0 International,a56d8f9a-e9e3-4755-8f33-0ba9e2370117,建物利用現況_階数（地下、地上）.csv,CSV,5852,建物,tabular,strict,https://data.bodik.jp/dataset/fb4682e7-a0ce-4983-bd1e-a88737f8085b/resource/a56d8f9a-e9e3-4755-8f33-0ba9e2370117/download/_.csv
bodik,BODIK ODCS,大分県,440001_city_plan_442143,都市計画基礎調査データ（国東市）,https://data.bodik.jp/dataset/440001_city_plan_442143,Creative Commons Attribution 4.0 International,69ae0bcb-653c-4d88-84c0-4ca694fc76b4,建物利用現況_建築年(棟数).csv,CSV,4222,建物,tabular,strict,https://data.bodik.jp/dataset/fb4682e7-a0ce-4983-bd1e-a88737f8085b/resource/69ae0bcb-653c-4d88-84c0-4ca694fc76b4/download/_.csv
bodik,BODIK ODCS,大分県,440001_city_plan_442143,都市計画基礎調査データ（国東市）,https://data.bodik.jp/dataset/440001_city_plan_442143,Creative Commons Attribution 4.0 International,b6e19758-fc10-464f-80f9-3e1735234852,建物利用現況_建築年(棟数).csv,CSV,4222,建物,tabular,strict,https://data.bodik.jp/dataset/fb4682e7-a0ce-4983-bd1e-a88737f8085b/resource/b6e19758-fc10-464f-80f9-3e1735234852/download/_.csv
bodik,BODIK ODCS,大分県,440001_city_plan_442143,都市計画基礎調査データ（国東市）,https://data.bodik.jp/dataset/440001_city_plan_442143,Creative Commons Attribution 4.0 International,2bc81782-fd3b-4e6b-a4bd-1300caf244e4,建物利用現況_建築面積.csv,CSV,4450,建物,tabular,strict,https://data.bodik.jp/dataset/fb4682e7-a0ce-4983-bd1e-a88737f8085b/resource/2bc81782-fd3b-4e6b-a4bd-1300caf244e4/download/_.csv
bodik,BODIK ODCS,大分県,440001_city_plan_442143,都市計画基礎調査データ（国東市）,https://data.bodik.jp/dataset/440001_city_plan_442143,Creative Commons Attribution 4.0 International,99c4fc94-cf1d-4e9d-9558-88acbb665430,建物利用現況_建物用途（延床面積）.csv,CSV,6151,建物,tabular,strict,https://data.bodik.jp/dataset/fb4682e7-a0ce-4983-bd1e-a88737f8085b/resource/99c4fc94-cf1d-4e9d-9558-88acbb665430/download/_.csv
bodik,BODIK ODCS,大分県,440001_city_plan_442143,都市計画基礎調査データ（国東市）,https://data.bodik.jp/dataset/440001_city_plan_442143,Creative Commons Attribution 4.0 International,b62d5a02-bee5-4efe-9eac-24e8b62f6783,建物利用現況_建物用途（建築面積）.csv,CSV,6587,建物,tabular,strict,https://data.bodik.jp/dataset/fb4682e7-a0ce-4983-bd1e-a88737f8085b/resource/b62d5a02-bee5-4efe-9eac-24e8b62f6783/download/_.csv
bodik,BODIK ODCS,大分県,440001_city_plan_442143,都市計画基礎調査データ（国東市）,https://data.bodik.jp/dataset/440001_city_plan_442143,Creative Commons Attribution 4.0 International,9f050b77-434a-48c2-8a39-043894b9c3b0,建物利用現況_建物用途（棟数）.csv,CSV,6042,建物,tabular,strict,https://data.bodik.jp/dataset/fb4682e7-a0ce-4983-bd1e-a88737f8085b/resource/9f050b77-434a-48c2-8a39-043894b9c3b0/download/_.csv
bodik,BODIK ODCS,大分県,440001_city_plan_442143,都市計画基礎調査データ（国東市）,https://data.bodik.jp/dataset/440001_city_plan_442143,Creative Commons Attribution 4.0 International,f9c1ebc6-e25d-48b6-8d2d-55a52af06497,建物利用現況_構造.csv,CSV,4033,建物,tabular,strict,https://data.bodik.jp/dataset/fb4682e7-a0ce-4983-bd1e-a88737f8085b/resource/f9c1ebc6-e25d-48b6-8d2d-55a52af06497/download/_.csv
bodik,BODIK ODCS,大分県,440001_city_plan_442143,都市計画基礎調査データ（国東市）,https://data.bodik.jp/dataset/440001_city_plan_442143,Creative Commons Attribution 4.0 International,15ffb4f9-92d2-4909-9908-27cc0290f36b,建物利用現況_耐火構造種別.csv,CSV,3443,建物,tabular,strict,https://data.bodik.jp/dataset/fb4682e7-a0ce-4983-bd1e-a88737f8085b/resource/15ffb4f9-92d2-4909-9908-27cc0290f36b/download/_.csv
bodik,BODIK ODCS,大分県,440001_city_plan_442143,都市計画基礎調査データ（国東市）,https://data.bodik.jp/dataset/440001_city_plan_442143,Creative Commons Attribution 4.0 International,08cddd17-9ed1-4b01-97e0-51e05f239430,土地利用現況_用途別土地利用面積.csv,CSV,7350,土地利用,tabular,strict,https://data.bodik.jp/dataset/fb4682e7-a0ce-4983-bd1e-a88737f8085b/resource/08cddd17-9ed1-4b01-97e0-51e05f239430/download/_.csv
bodik,BODIK ODCS,大分県,440001_city_plan_442143,都市計画基礎調査データ（国東市）,https://data.bodik.jp/dataset/440001_city_plan_442143,Creative Commons Attribution 4.0 International,786474e9-058d-4a9e-8665-109b7870606e,国東市_小地域境界図_建物利用現況.pdf,PDF,7701188,建物,document,strict,https://data.bodik.jp/dataset/fb4682e7-a0ce-4983-bd1e-a88737f8085b/resource/786474e9-058d-4a9e-8665-109b7870606e/download/__.pdf
bodik,BODIK ODCS,大分県,440001_city_plan_442143,都市計画基礎調査データ（国東市）,https://data.bodik.jp/dataset/440001_city_plan_442143,Creative Commons Attribution 4.0 International,4c25e812-0fb7-45b6-845c-1abe7d82e2c2,国東市_小地域境界図_土地利用現況.pdf,PDF,7770857,土地利用,document,strict,https://data.bodik.jp/dataset/fb4682e7-a0ce-4983-bd1e-a88737f8085b/resource/4c25e812-0fb7-45b6-845c-1abe7d82e2c2/download/__.pdf
bodik,BODIK ODCS,大分県,440001_city_plan_442143,都市計画基礎調査データ（国東市）,https://data.bodik.jp/dataset/440001_city_plan_442143,Creative Commons Attribution 4.0 International,8df00183-807c-44c0-9199-44946d767893,C0101_人口規模_kunisaki.csv,CSV,16275,人口,tabular,strict,https://data.bodik.jp/dataset/fb4682e7-a0ce-4983-bd1e-a88737f8085b/resource/8df00183-807c-44c0-9199-44946d767893/download/c0101__kunisaki.csv
bodik,BODIK ODCS,大分県,440001_city_plan_442143,都市計画基礎調査データ（国東市）,https://data.bodik.jp/dataset/440001_city_plan_442143,Creative Commons Attribution 4.0 International,19626160-e6dc-48d4-af03-ddfccaf4cf33,city_plan_442143_kunisaki.json,JSON,815168,,geo,strict,https://data.bodik.jp/dataset/fb4682e7-a0ce-4983-bd1e-a88737f8085b/resource/19626160-e6dc-48d4-af03-ddfccaf4cf33/download/city_plan_442143_kunisaki.json
bodik,BODIK ODCS,大分県,440001_city_plan_442038,都市計画基礎調査データ（中津市）,https://data.bodik.jp/dataset/440001_city_plan_442038,Creative Commons Attribution 4.0 International,223722a0-031d-4242-b9e3-b30ff5230712,GISデータ（shp）一式（中津市）,ZIP,2355109,,archive,strict,https://data.bodik.jp/dataset/a074e2d7-2739-4bec-a03e-7b15653cf8ff/resource/223722a0-031d-4242-b9e3-b30ff5230712/download/2021nakatsu_gis.zip
bodik,BODIK ODCS,大分県,440001_city_plan_442038,都市計画基礎調査データ（中津市）,https://data.bodik.jp/dataset/440001_city_plan_442038,Creative Commons Attribution 4.0 International,9c3bcb6e-5806-420a-9d9e-72dc23e8f026,中津市_建物利用現況_延床面積.csv,CSV,6124,建物,tabular,strict,https://data.bodik.jp/dataset/a074e2d7-2739-4bec-a03e-7b15653cf8ff/resource/9c3bcb6e-5806-420a-9d9e-72dc23e8f026/download/44203_nakatsu_to01_bu_area.csv
bodik,BODIK ODCS,大分県,440001_city_plan_442038,都市計画基礎調査データ（中津市）,https://data.bodik.jp/dataset/440001_city_plan_442038,Creative Commons Attribution 4.0 International,54224de8-5351-4bbd-8c68-e578b5c9e203,中津市_建物利用現況_階数（地下、地上）.csv,CSV,6586,建物,tabular,strict,https://data.bodik.jp/dataset/a074e2d7-2739-4bec-a03e-7b15653cf8ff/resource/54224de8-5351-4bbd-8c68-e578b5c9e203/download/44203_nakatsu_to02_bu_flo.csv
bodik,BODIK ODCS,大分県,440001_city_plan_442038,都市計画基礎調査データ（中津市）,https://data.bodik.jp/dataset/440001_city_plan_442038,Creative Commons Attribution 4.0 International,6f2692ea-2e35-48eb-90ef-bf7c26b94aa8,中津市_建物利用現況_建築年.csv,CSV,5233,建物,tabular,strict,https://data.bodik.jp/dataset/a074e2d7-2739-4bec-a03e-7b15653cf8ff/resource/6f2692ea-2e35-48eb-90ef-bf7c26b94aa8/download/44203_nakatsu_to03_bu_age.csv
bodik,BODIK ODCS,大分県,440001_city_plan_442038,都市計画基礎調査データ（中津市）,https://data.bodik.jp/dataset/440001_city_plan_442038,Creative Commons Attribution 4.0 International,4d5f467d-86b0-4c6b-b0fa-9f2818cdf06b,中津市_建物利用現況_建築面積.csv,CSV,5908,建物,tabular,strict,https://data.bodik.jp/dataset/a074e2d7-2739-4bec-a03e-7b15653cf8ff/resource/4d5f467d-86b0-4c6b-b0fa-9f2818cdf06b/download/44203_nakatsu_to04_bu_2area.csv
bodik,BODIK ODCS,大分県,440001_city_plan_442038,都市計画基礎調査データ（中津市）,https://data.bodik.jp/dataset/440001_city_plan_442038,Creative Commons Attribution 4.0 International,122d3041-6299-4aba-ac33-5288b535cfdb,中津市_建物利用現況_建物用途（延床面積）.csv,CSV,10171,建物,tabular,strict,https://data.bodik.jp/dataset/a074e2d7-2739-4bec-a03e-7b15653cf8ff/resource/122d3041-6299-4aba-ac33-5288b535cfdb/download/44203_nakatsu_to05_bu_use_area.csv
bodik,BODIK ODCS,大分県,440001_city_plan_442038,都市計画基礎調査データ（中津市）,https://data.bodik.jp/dataset/440001_city_plan_442038,Creative Commons Attribution 4.0 International,a1aa05e6-8f1a-43df-afea-b00ead178f89,中津市_建物利用現況_建物用途（建築面積）.csv,CSV,10055,建物,tabular,strict,https://data.bodik.jp/dataset/a074e2d7-2739-4bec-a03e-7b15653cf8ff/resource/a1aa05e6-8f1a-43df-afea-b00ead178f89/download/44203_nakatsu_to06_bu_use_2area.csv
bodik,BODIK ODCS,大分県,440001_city_plan_442038,都市計画基礎調査データ（中津市）,https://data.bodik.jp/dataset/440001_city_plan_442038,Creative Commons Attribution 4.0 International,2743cd1c-38cb-4776-ae14-f2916c772825,中津市_建物利用現況_建物用途（棟数）.csv,CSV,6944,建物,tabular,strict,https://data.bodik.jp/dataset/a074e2d7-2739-4bec-a03e-7b15653cf8ff/resource/2743cd1c-38cb-4776-ae14-f2916c772825/download/44203_nakatsu_to07_bu_use_num.csv
bodik,BODIK ODCS,大分県,440001_city_plan_442038,都市計画基礎調査データ（中津市）,https://data.bodik.jp/dataset/440001_city_plan_442038,Creative Commons Attribution 4.0 International,35462b79-0194-4761-8fb3-b691fc75c20d,中津市_建物利用現況_構造.csv,CSV,4839,建物,tabular,strict,https://data.bodik.jp/dataset/a074e2d7-2739-4bec-a03e-7b15653cf8ff/resource/35462b79-0194-4761-8fb3-b691fc75c20d/download/44203_nakatsu_to08_bu_use_st.csv
bodik,BODIK ODCS,大分県,440001_city_plan_442038,都市計画基礎調査データ（中津市）,https://data.bodik.jp/dataset/440001_city_plan_442038,Creative Commons Attribution 4.0 International,2076cd79-0536-4599-9dd5-5de869d55aaa,中津市_建物利用現況_耐火構造種別.csv,CSV,4078,建物,tabular,strict,https://data.bodik.jp/dataset/a074e2d7-2739-4bec-a03e-7b15653cf8ff/resource/2076cd79-0536-4599-9dd5-5de869d55aaa/download/44203_nakatsu_to09_bu_use_fire.csv
bodik,BODIK ODCS,大分県,440001_city_plan_442038,都市計画基礎調査データ（中津市）,https://data.bodik.jp/dataset/440001_city_plan_442038,Creative Commons Attribution 4.0 International,56d6c91e-137d-49fb-b047-4718b587f3a6,中津市_土地利用現況_用途別土地利用面積,CSV,7940,土地利用,tabular,strict,https://data.bodik.jp/dataset/a074e2d7-2739-4bec-a03e-7b15653cf8ff/resource/56d6c91e-137d-49fb-b047-4718b587f3a6/download/44203_nakatsu_to10_la.csv
bodik,BODIK ODCS,大分県,440001_city_plan_442038,都市計画基礎調査データ（中津市）,https://data.bodik.jp/dataset/440001_city_plan_442038,Creative Commons Attribution 4.0 International,cbe97ae8-8778-4299-8570-426544f89c16,中津市_小地域境界図_建物利用現況.pdf,PDF,9638175,建物,document,strict,https://data.bodik.jp/dataset/a074e2d7-2739-4bec-a03e-7b15653cf8ff/resource/cbe97ae8-8778-4299-8570-426544f89c16/download/__.pdf
bodik,BODIK ODCS,大分県,440001_city_plan_442038,都市計画基礎調査データ（中津市）,https://data.bodik.jp/dataset/440001_city_plan_442038,Creative Commons Attribution 4.0 International,13eb4c38-413e-458b-afe8-7ddfeccdd202,中津市_小地域境界図_土地利用現況.pdf,PDF,175255232,土地利用,document,strict,https://data.bodik.jp/dataset/a074e2d7-2739-4bec-a03e-7b15653cf8ff/resource/13eb4c38-413e-458b-afe8-7ddfeccdd202/download/__.pdf
bodik,BODIK ODCS,大分県,440001_city_plan_442038,都市計画基礎調査データ（中津市）,https://data.bodik.jp/dataset/440001_city_plan_442038,Creative Commons Attribution 4.0 International,2aea3d38-2f48-4c71-b54a-092e14262613,C0101_人口規模_nakatsu.csv,CSV,60177,人口,tabular,strict,https://data.bodik.jp/dataset/a074e2d7-2739-4bec-a03e-7b15653cf8ff/resource/2aea3d38-2f48-4c71-b54a-092e14262613/download/c0101__nakatsu.csv
bodik,BODIK ODCS,大分県,440001_city_plan_444626,都市計画基礎調査データ（玖珠町）,https://data.bodik.jp/dataset/440001_city_plan_444626,Creative Commons Attribution 4.0 International,f528fddb-c5ff-4ac3-b23c-cb04f0d3d513,GISデータ（shp）一式（玖珠町）,ZIP,1283935,,archive,strict,https://data.bodik.jp/dataset/6e944c5c-ea76-4b9c-b01a-1ee560f35628/resource/f528fddb-c5ff-4ac3-b23c-cb04f0d3d513/download/2021kusu_gis.zip
bodik,BODIK ODCS,大分県,440001_city_plan_444626,都市計画基礎調査データ（玖珠町）,https://data.bodik.jp/dataset/440001_city_plan_444626,Creative Commons Attribution 4.0 International,bdc15184-2d94-44d0-9c2e-70635fb48d7f,玖珠町_建物利用現況_延床面積.csv,CSV,998,建物,tabular,strict,https://data.bodik.jp/dataset/6e944c5c-ea76-4b9c-b01a-1ee560f35628/resource/bdc15184-2d94-44d0-9c2e-70635fb48d7f/download/44462_kusu_to01_bu_area.csv
bodik,BODIK ODCS,大分県,440001_city_plan_444626,都市計画基礎調査データ（玖珠町）,https://data.bodik.jp/dataset/440001_city_plan_444626,Creative Commons Attribution 4.0 International,efe66ff7-535a-4720-969d-04503b04885e,玖珠町_建物利用現況_階数（地下、地上）.csv,CSV,1372,建物,tabular,strict,https://data.bodik.jp/dataset/6e944c5c-ea76-4b9c-b01a-1ee560f35628/resource/efe66ff7-535a-4720-969d-04503b04885e/download/44462_kusu_to02_bu_flo.csv
bodik,BODIK ODCS,大分県,440001_city_plan_444626,都市計画基礎調査データ（玖珠町）,https://data.bodik.jp/dataset/440001_city_plan_444626,Creative Commons Attribution 4.0 International,574b044e-a178-4f5c-a3c5-262a064b4087,玖珠町_建物利用現況_建築年.csv,CSV,936,建物,tabular,strict,https://data.bodik.jp/dataset/6e944c5c-ea76-4b9c-b01a-1ee560f35628/resource/574b044e-a178-4f5c-a3c5-262a064b4087/download/44462_kusu_to03_bu_age.csv
bodik,BODIK ODCS,大分県,440001_city_plan_444626,都市計画基礎調査データ（玖珠町）,https://data.bodik.jp/dataset/440001_city_plan_444626,Creative Commons Attribution 4.0 International,4aaf2a16-f2fd-4698-8d0c-51c0ec56e994,玖珠町_建物利用現況_建築面積.csv,CSV,964,建物,tabular,strict,https://data.bodik.jp/dataset/6e944c5c-ea76-4b9c-b01a-1ee560f35628/resource/4aaf2a16-f2fd-4698-8d0c-51c0ec56e994/download/44462_kusu_to04_bu_2area.csv
bodik,BODIK ODCS,大分県,440001_city_plan_444626,都市計画基礎調査データ（玖珠町）,https://data.bodik.jp/dataset/440001_city_plan_444626,Creative Commons Attribution 4.0 International,27c89e73-bffb-451b-866b-d52bcedbe2f4,玖珠町_建物利用現況_建物用途（延床面積）.csv,CSV,1641,建物,tabular,strict,https://data.bodik.jp/dataset/6e944c5c-ea76-4b9c-b01a-1ee560f35628/resource/27c89e73-bffb-451b-866b-d52bcedbe2f4/download/44462_kusu_to05_bu_use_area.csv
bodik,BODIK ODCS,大分県,440001_city_plan_444626,都市計画基礎調査データ（玖珠町）,https://data.bodik.jp/dataset/440001_city_plan_444626,Creative Commons Attribution 4.0 International,c97d8f32-fcbb-4527-a6ca-8e1a505cbfad,玖珠町_建物利用現況_建物用途（建築面積）.csv,CSV,1636,建物,tabular,strict,https://data.bodik.jp/dataset/6e944c5c-ea76-4b9c-b01a-1ee560f35628/resource/c97d8f32-fcbb-4527-a6ca-8e1a505cbfad/download/44462_kusu_to06_bu_use_2area.csv
bodik,BODIK ODCS,大分県,440001_city_plan_444626,都市計画基礎調査データ（玖珠町）,https://data.bodik.jp/dataset/440001_city_plan_444626,Creative Commons Attribution 4.0 International,dbac9ef0-6429-4c66-8e75-29d1f612cac2,玖珠町_建物利用現況_建物用途（棟数）.csv,CSV,1247,建物,tabular,strict,https://data.bodik.jp/dataset/6e944c5c-ea76-4b9c-b01a-1ee560f35628/resource/dbac9ef0-6429-4c66-8e75-29d1f612cac2/download/44462_kusu_to07_bu_use_num.csv
bodik,BODIK ODCS,大分県,440001_city_plan_444626,都市計画基礎調査データ（玖珠町）,https://data.bodik.jp/dataset/440001_city_plan_444626,Creative Commons Attribution 4.0 International,bb47b3f6-5d09-4730-bf39-32cffe6223a8,玖珠町_建物利用現況_構造.csv,CSV,890,建物,tabular,strict,https://data.bodik.jp/dataset/6e944c5c-ea76-4b9c-b01a-1ee560f35628/resource/bb47b3f6-5d09-4730-bf39-32cffe6223a8/download/44462_kusu_to08_bu_use_st.csv
bodik,BODIK ODCS,大分県,440001_city_plan_444626,都市計画基礎調査データ（玖珠町）,https://data.bodik.jp/dataset/440001_city_plan_444626,Creative Commons Attribution 4.0 International,082a706b-8531-48e4-9932-9783074ee280,玖珠町_建物利用現況_耐火構造種別.csv,CSV,673,建物,tabular,strict,https://data.bodik.jp/dataset/6e944c5c-ea76-4b9c-b01a-1ee560f35628/resource/082a706b-8531-48e4-9932-9783074ee280/download/44462_kusu_to09_bu_use_fire.csv
bodik,BODIK ODCS,大分県,440001_city_plan_444626,都市計画基礎調査データ（玖珠町）,https://data.bodik.jp/dataset/440001_city_plan_444626,Creative Commons Attribution 4.0 International,5ee6577a-c5ac-4b49-a001-948d0aa29d7a,玖珠町_土地利用現況_用途別土地利用面積.csv,CSV,1583,土地利用,tabular,strict,https://data.bodik.jp/dataset/6e944c5c-ea76-4b9c-b01a-1ee560f35628/resource/5ee6577a-c5ac-4b49-a001-948d0aa29d7a/download/44462_kusu_to10_la.csv
bodik,BODIK ODCS,大分県,440001_city_plan_444626,都市計画基礎調査データ（玖珠町）,https://data.bodik.jp/dataset/440001_city_plan_444626,Creative Commons Attribution 4.0 International,bdc24d04-de4a-425d-a1fd-d18f9cae2309,玖珠町_小地域境界図_建物利用現況.pdf,PDF,2278172,建物,document,strict,https://data.bodik.jp/dataset/6e944c5c-ea76-4b9c-b01a-1ee560f35628/resource/bdc24d04-de4a-425d-a1fd-d18f9cae2309/download/__.pdf
bodik,BODIK ODCS,大分県,440001_city_plan_444626,都市計画基礎調査データ（玖珠町）,https://data.bodik.jp/dataset/440001_city_plan_444626,Creative Commons Attribution 4.0 International,02acfddd-6a9e-45bf-b58c-17edd227bbaa,玖珠町_小地域境界図_土地利用現況.pdf,PDF,507135,土地利用,document,strict,https://data.bodik.jp/dataset/6e944c5c-ea76-4b9c-b01a-1ee560f35628/resource/02acfddd-6a9e-45bf-b58c-17edd227bbaa/download/__.pdf
bodik,BODIK ODCS,大分県,440001_city_plan_444626,都市計画基礎調査データ（玖珠町）,https://data.bodik.jp/dataset/440001_city_plan_444626,Creative Commons Attribution 4.0 International,2891b4d5-eb06-4e3f-80f1-cdd5e757ed8e,C0101_人口規模_kusu.csv,CSV,12517,人口,tabular,strict,https://data.bodik.jp/dataset/6e944c5c-ea76-4b9c-b01a-1ee560f35628/resource/2891b4d5-eb06-4e3f-80f1-cdd5e757ed8e/download/c0101__kusu.csv
bodik,BODIK ODCS,大分県,440001_city_plan_442046,都市計画基礎調査データ（日田市）,https://data.bodik.jp/dataset/440001_city_plan_442046,Creative Commons Attribution 4.0 International,c4eddd23-a3bb-4e7c-9ca9-4d74fbd71439,GISデータ（shp）一式（日田市）,ZIP,3849164,,archive,strict,https://data.bodik.jp/dataset/3cf349d6-91b3-43fb-abc9-0de63b1f6655/resource/c4eddd23-a3bb-4e7c-9ca9-4d74fbd71439/download/2021hita_gis.zip
bodik,BODIK ODCS,大分県,440001_city_plan_442046,都市計画基礎調査データ（日田市）,https://data.bodik.jp/dataset/440001_city_plan_442046,Creative Commons Attribution 4.0 International,8461ef88-26e3-46ce-a9cb-c0536279aed6,日田市_建物利用現況_延床面積.csv,CSV,4628,建物,tabular,strict,https://data.bodik.jp/dataset/3cf349d6-91b3-43fb-abc9-0de63b1f6655/resource/8461ef88-26e3-46ce-a9cb-c0536279aed6/download/44204_hita_to01_bu_area.csv
bodik,BODIK ODCS,大分県,440001_city_plan_442046,都市計画基礎調査データ（日田市）,https://data.bodik.jp/dataset/440001_city_plan_442046,Creative Commons Attribution 4.0 International,3334d637-b034-4a29-a685-113c823fd6b3,日田市_建物利用現況_階数（地下、地上）.csv,CSV,5179,建物,tabular,strict,https://data.bodik.jp/dataset/3cf349d6-91b3-43fb-abc9-0de63b1f6655/resource/3334d637-b034-4a29-a685-113c823fd6b3/download/44204_hita_to02_bu_flo.csv
bodik,BODIK ODCS,大分県,440001_city_plan_442046,都市計画基礎調査データ（日田市）,https://data.bodik.jp/dataset/440001_city_plan_442046,Creative Commons Attribution 4.0 International,01e4cf5c-2bd2-4600-8565-24216bab7014,日田市_建物利用現況_建築年.csv,CSV,4016,建物,tabular,strict,https://data.bodik.jp/dataset/3cf349d6-91b3-43fb-abc9-0de63b1f6655/resource/01e4cf5c-2bd2-4600-8565-24216bab7014/download/44204_hita_to03_bu_age.csv
bodik,BODIK ODCS,大分県,440001_city_plan_442046,都市計画基礎調査データ（日田市）,https://data.bodik.jp/dataset/440001_city_plan_442046,Creative Commons Attribution 4.0 International,ec7ecc66-8dd4-4706-9a61-fe86d283c239,日田市_建物利用現況_建築面積.csv,CSV,4477,建物,tabular,strict,https://data.bodik.jp/dataset/3cf349d6-91b3-43fb-abc9-0de63b1f6655/resource/ec7ecc66-8dd4-4706-9a61-fe86d283c239/download/44204_hita_to04_bu_2area.csv
bodik,BODIK ODCS,大分県,440001_city_plan_442046,都市計画基礎調査データ（日田市）,https://data.bodik.jp/dataset/440001_city_plan_442046,Creative Commons Attribution 4.0 International,31d7c75f-cf3b-47e8-a0c7-ce98ebd1e5d2,日田市_建物利用現況_建物用途（延床面積）.csv,CSV,8914,建物,tabular,strict,https://data.bodik.jp/dataset/3cf349d6-91b3-43fb-abc9-0de63b1f6655/resource/31d7c75f-cf3b-47e8-a0c7-ce98ebd1e5d2/download/44204_hita_to05_bu_use_area.csv
bodik,BODIK ODCS,大分県,440001_city_plan_442046,都市計画基礎調査データ（日田市）,https://data.bodik.jp/dataset/440001_city_plan_442046,Creative Commons Attribution 4.0 International,9bb11b85-e150-4e00-b806-097f86444cd4,日田市_建物利用現況_建物用途（建築面積）.csv,CSV,8890,建物,tabular,strict,https://data.bodik.jp/dataset/3cf349d6-91b3-43fb-abc9-0de63b1f6655/resource/9bb11b85-e150-4e00-b806-097f86444cd4/download/44204_hita_to06_bu_use_2area.csv
bodik,BODIK ODCS,大分県,440001_city_plan_442046,都市計画基礎調査データ（日田市）,https://data.bodik.jp/dataset/440001_city_plan_442046,Creative Commons Attribution 4.0 International,860441df-569f-49d6-83ba-01dafc74b3ee,日田市_建物利用現況_建物用途（棟数）.csv,CSV,5335,建物,tabular,strict,https://data.bodik.jp/dataset/3cf349d6-91b3-43fb-abc9-0de63b1f6655/resource/860441df-569f-49d6-83ba-01dafc74b3ee/download/44204_hita_to07_bu_use_num.csv
bodik,BODIK ODCS,大分県,440001_city_plan_442046,都市計画基礎調査データ（日田市）,https://data.bodik.jp/dataset/440001_city_plan_442046,Creative Commons Attribution 4.0 International,f36d194a-f227-4e17-a3a1-b752e3e95604,日田市_建物利用現況_構造.csv,CSV,3712,建物,tabular,strict,https://data.bodik.jp/dataset/3cf349d6-91b3-43fb-abc9-0de63b1f6655/resource/f36d194a-f227-4e17-a3a1-b752e3e95604/download/44204_hita_to08_bu_use_st.csv
bodik,BODIK ODCS,大分県,440001_city_plan_442046,都市計画基礎調査データ（日田市）,https://data.bodik.jp/dataset/440001_city_plan_442046,Creative Commons Attribution 4.0 International,5a9f7308-9b16-4c97-bd06-6f31efdd9fc1,日田市_建物利用現況_耐火構造種別.csv,CSV,3109,建物,tabular,strict,https://data.bodik.jp/dataset/3cf349d6-91b3-43fb-abc9-0de63b1f6655/resource/5a9f7308-9b16-4c97-bd06-6f31efdd9fc1/download/44204_hita_to09_bu_use_fire.csv
bodik,BODIK ODCS,大分県,440001_city_plan_442046,都市計画基礎調査データ（日田市）,https://data.bodik.jp/dataset/440001_city_plan_442046,Creative Commons Attribution 4.0 International,9cdf665e-73b3-4b31-8502-aa94b993ddcd,日田市_土地利用現況_用途別土地利用面積.csv,CSV,6286,土地利用,tabular,strict,https://data.bodik.jp/dataset/3cf349d6-91b3-43fb-abc9-0de63b1f6655/resource/9cdf665e-73b3-4b31-8502-aa94b993ddcd/download/44204_hita_to10_la.csv
bodik,BODIK ODCS,大分県,440001_city_plan_442046,都市計画基礎調査データ（日田市）,https://data.bodik.jp/dataset/440001_city_plan_442046,Creative Commons Attribution 4.0 International,186bf17d-e3e5-405a-be8e-898cc7dec550,日田市_小地域境界図_建物利用現況.pdf,PDF,6298132,建物,document,strict,https://data.bodik.jp/dataset/3cf349d6-91b3-43fb-abc9-0de63b1f6655/resource/186bf17d-e3e5-405a-be8e-898cc7dec550/download/__.pdf
bodik,BODIK ODCS,大分県,440001_city_plan_442046,都市計画基礎調査データ（日田市）,https://data.bodik.jp/dataset/440001_city_plan_442046,Creative Commons Attribution 4.0 International,9f36f636-df65-45c5-ae8a-043c75f93541,日田市_小地域境界図_土地利用現況.pdf,PDF,1142406,土地利用,document,strict,https://data.bodik.jp/dataset/3cf349d6-91b3-43fb-abc9-0de63b1f6655/resource/9f36f636-df65-45c5-ae8a-043c75f93541/download/__.pdf
bodik,BODIK ODCS,大分県,440001_city_plan_442046,都市計画基礎調査データ（日田市）,https://data.bodik.jp/dataset/440001_city_plan_442046,Creative Commons Attribution 4.0 International,a56ab281-4de4-413c-a561-1edeace97dfd,C0101_人口規模_hita.csv,CSV,35098,人口,tabular,strict,https://data.bodik.jp/dataset/3cf349d6-91b3-43fb-abc9-0de63b1f6655/resource/a56ab281-4de4-413c-a561-1edeace97dfd/download/c0101__hita.csv
bodik,BODIK ODCS,大分県,440001_city_plan_442101,都市計画基礎調査データ（杵築市）,https://data.bodik.jp/dataset/440001_city_plan_442101,Creative Commons Attribution 4.0 International,8f5e5d80-6fd5-4a06-827c-30cd114b6623,GISデータ（shp）一式（杵築市）,ZIP,2512514,,archive,strict,https://data.bodik.jp/dataset/3819853d-9cf4-45e4-ac13-01659ec5744a/resource/8f5e5d80-6fd5-4a06-827c-30cd114b6623/download/2021kitsuki_gis.zip
bodik,BODIK ODCS,大分県,440001_city_plan_442101,都市計画基礎調査データ（杵築市）,https://data.bodik.jp/dataset/440001_city_plan_442101,Creative Commons Attribution 4.0 International,ac343529-504c-473d-86cc-f4787ed9233c,杵築市_建物利用現況_延床面積.csv,CSV,1880,建物,tabular,strict,https://data.bodik.jp/dataset/3819853d-9cf4-45e4-ac13-01659ec5744a/resource/ac343529-504c-473d-86cc-f4787ed9233c/download/44210_kitsuki_to01_bu_area.csv
bodik,BODIK ODCS,大分県,440001_city_plan_442101,都市計画基礎調査データ（杵築市）,https://data.bodik.jp/dataset/440001_city_plan_442101,Creative Commons Attribution 4.0 International,6d06ee23-d406-4996-87ac-5d449d1899b0,杵築市_建物利用現況_階数（地下、地上）.csv,CSV,2328,建物,tabular,strict,https://data.bodik.jp/dataset/3819853d-9cf4-45e4-ac13-01659ec5744a/resource/6d06ee23-d406-4996-87ac-5d449d1899b0/download/44210_kitsuki_to02_bu_flo.csv
bodik,BODIK ODCS,大分県,440001_city_plan_442101,都市計画基礎調査データ（杵築市）,https://data.bodik.jp/dataset/440001_city_plan_442101,Creative Commons Attribution 4.0 International,a050a34d-0b28-45e9-bc97-d8cd88f9e8e4,杵築市_建物利用現況_建築年.csv,CSV,1667,建物,tabular,strict,https://data.bodik.jp/dataset/3819853d-9cf4-45e4-ac13-01659ec5744a/resource/a050a34d-0b28-45e9-bc97-d8cd88f9e8e4/download/44210_kitsuki_to03_bu_age.csv
bodik,BODIK ODCS,大分県,440001_city_plan_442101,都市計画基礎調査データ（杵築市）,https://data.bodik.jp/dataset/440001_city_plan_442101,Creative Commons Attribution 4.0 International,65a87569-29ac-4f5f-8e33-ba316a58d0b5,杵築市_建物利用現況_建築面積.csv,CSV,1834,建物,tabular,strict,https://data.bodik.jp/dataset/3819853d-9cf4-45e4-ac13-01659ec5744a/resource/65a87569-29ac-4f5f-8e33-ba316a58d0b5/download/44210_kitsuki_to04_bu_2area.csv
bodik,BODIK ODCS,大分県,440001_city_plan_442101,都市計画基礎調査データ（杵築市）,https://data.bodik.jp/dataset/440001_city_plan_442101,Creative Commons Attribution 4.0 International,1a9a6737-fcdb-4ed6-96c9-aeb490975c0b,杵築市_建物利用現況_建物用途（延床面積）.csv,CSV,2809,建物,tabular,strict,https://data.bodik.jp/dataset/3819853d-9cf4-45e4-ac13-01659ec5744a/resource/1a9a6737-fcdb-4ed6-96c9-aeb490975c0b/download/44210_kitsuki_to05_bu_use_area.csv
bodik,BODIK ODCS,大分県,440001_city_plan_442101,都市計画基礎調査データ（杵築市）,https://data.bodik.jp/dataset/440001_city_plan_442101,Creative Commons Attribution 4.0 International,3d933ed3-7915-4ba6-b435-62bceafdb759,杵築市_建物利用現況_建物用途（建築面積）.csv,CSV,2807,建物,tabular,strict,https://data.bodik.jp/dataset/3819853d-9cf4-45e4-ac13-01659ec5744a/resource/3d933ed3-7915-4ba6-b435-62bceafdb759/download/44210_kitsuki_to06_bu_use_2area.csv
bodik,BODIK ODCS,大分県,440001_city_plan_442101,都市計画基礎調査データ（杵築市）,https://data.bodik.jp/dataset/440001_city_plan_442101,Creative Commons Attribution 4.0 International,0f4ff994-c94f-445f-91e6-5077c99786d8,杵築市_建物利用現況_建物用途（棟数）.csv,CSV,2300,建物,tabular,strict,https://data.bodik.jp/dataset/3819853d-9cf4-45e4-ac13-01659ec5744a/resource/0f4ff994-c94f-445f-91e6-5077c99786d8/download/44210_kitsuki_to07_bu_use_num.csv
bodik,BODIK ODCS,大分県,440001_city_plan_442101,都市計画基礎調査データ（杵築市）,https://data.bodik.jp/dataset/440001_city_plan_442101,Creative Commons Attribution 4.0 International,4d0ff032-ee28-4e9e-b750-328b172cebe1,杵築市_建物利用現況_構造.csv,CSV,1583,建物,tabular,strict,https://data.bodik.jp/dataset/3819853d-9cf4-45e4-ac13-01659ec5744a/resource/4d0ff032-ee28-4e9e-b750-328b172cebe1/download/44210_kitsuki_to08_bu_use_st.csv
bodik,BODIK ODCS,大分県,440001_city_plan_442101,都市計画基礎調査データ（杵築市）,https://data.bodik.jp/dataset/440001_city_plan_442101,Creative Commons Attribution 4.0 International,66d9156f-b1ce-4560-976d-f35b2881f589,杵築市_建物利用現況_耐火構造種別.csv,CSV,1272,建物,tabular,strict,https://data.bodik.jp/dataset/3819853d-9cf4-45e4-ac13-01659ec5744a/resource/66d9156f-b1ce-4560-976d-f35b2881f589/download/44210_kitsuki_to09_bu_use_fire.csv
bodik,BODIK ODCS,大分県,440001_city_plan_442101,都市計画基礎調査データ（杵築市）,https://data.bodik.jp/dataset/440001_city_plan_442101,Creative Commons Attribution 4.0 International,61982c64-9515-452d-aa01-5b22deaff3c8,杵築市_土地利用現況_用途別土地利用面積.csv,CSV,2793,土地利用,tabular,strict,https://data.bodik.jp/dataset/3819853d-9cf4-45e4-ac13-01659ec5744a/resource/61982c64-9515-452d-aa01-5b22deaff3c8/download/44210_kitsuki_to10_la.csv
bodik,BODIK ODCS,大分県,440001_city_plan_442101,都市計画基礎調査データ（杵築市）,https://data.bodik.jp/dataset/440001_city_plan_442101,Creative Commons Attribution 4.0 International,98574ca8-7da6-4e57-858c-1153d09cbb98,杵築市_小地域境界図_建物利用現況.pdf,PDF,4804722,建物,document,strict,https://data.bodik.jp/dataset/3819853d-9cf4-45e4-ac13-01659ec5744a/resource/98574ca8-7da6-4e57-858c-1153d09cbb98/download/__.pdf
bodik,BODIK ODCS,大分県,440001_city_plan_442101,都市計画基礎調査データ（杵築市）,https://data.bodik.jp/dataset/440001_city_plan_442101,Creative Commons Attribution 4.0 International,99308cb3-2ae7-43a2-b763-34c54b05c8e8,杵築市_小地域境界図_土地利用現況.pdf,PDF,5340752,土地利用,document,strict,https://data.bodik.jp/dataset/3819853d-9cf4-45e4-ac13-01659ec5744a/resource/99308cb3-2ae7-43a2-b763-34c54b05c8e8/download/__.pdf
bodik,BODIK ODCS,大分県,440001_city_plan_442101,都市計画基礎調査データ（杵築市）,https://data.bodik.jp/dataset/440001_city_plan_442101,Creative Commons Attribution 4.0 International,c3e4651e-9f8c-4720-9e59-ebcd6b19af46,C0101_人口規模.csv,CSV,52131,人口,tabular,strict,https://data.bodik.jp/dataset/3819853d-9cf4-45e4-ac13-01659ec5744a/resource/c3e4651e-9f8c-4720-9e59-ebcd6b19af46/download/c0101_.csv
bodik,BODIK ODCS,大分県,440001_city_plan_442097,都市計画基礎調査データ（豊後高田市）,https://data.bodik.jp/dataset/440001_city_plan_442097,Creative Commons Attribution 4.0 International,26641db6-a15d-4272-bfbf-87ce078406e8,GISデータ（shp）一式（豊後高田市）.zip,ZIP,2159289,,archive,strict,https://data.bodik.jp/dataset/dfde94e0-bf9e-4eee-8c79-4cdd31acbd65/resource/26641db6-a15d-4272-bfbf-87ce078406e8/download/gisshp.zip
bodik,BODIK ODCS,大分県,440001_city_plan_442097,都市計画基礎調査データ（豊後高田市）,https://data.bodik.jp/dataset/440001_city_plan_442097,Creative Commons Attribution 4.0 International,3d979b79-2e81-4ba0-86b8-41472082da67,建物利用現況_延床面積.csv,CSV,4361,建物,tabular,strict,https://data.bodik.jp/dataset/dfde94e0-bf9e-4eee-8c79-4cdd31acbd65/resource/3d979b79-2e81-4ba0-86b8-41472082da67/download/_.csv
bodik,BODIK ODCS,大分県,440001_city_plan_442097,都市計画基礎調査データ（豊後高田市）,https://data.bodik.jp/dataset/440001_city_plan_442097,Creative Commons Attribution 4.0 International,83bd4644-a1d7-42e3-b224-31d494d7f766,建物利用現況_階数（地下、地上）.csv,CSV,5041,建物,tabular,strict,https://data.bodik.jp/dataset/dfde94e0-bf9e-4eee-8c79-4cdd31acbd65/resource/83bd4644-a1d7-42e3-b224-31d494d7f766/download/_.csv
bodik,BODIK ODCS,大分県,440001_city_plan_442097,都市計画基礎調査データ（豊後高田市）,https://data.bodik.jp/dataset/440001_city_plan_442097,Creative Commons Attribution 4.0 International,f78cb978-6dec-4af8-838e-2364acd9eece,建物利用現況_建築年(棟数).csv,CSV,3752,建物,tabular,strict,https://data.bodik.jp/dataset/dfde94e0-bf9e-4eee-8c79-4cdd31acbd65/resource/f78cb978-6dec-4af8-838e-2364acd9eece/download/_.csv
bodik,BODIK ODCS,大分県,440001_city_plan_442097,都市計画基礎調査データ（豊後高田市）,https://data.bodik.jp/dataset/440001_city_plan_442097,Creative Commons Attribution 4.0 International,06121440-2c21-4a07-9e84-ba480d6267b3,建物利用現況_建築面積.csv,CSV,4434,建物,tabular,strict,https://data.bodik.jp/dataset/dfde94e0-bf9e-4eee-8c79-4cdd31acbd65/resource/06121440-2c21-4a07-9e84-ba480d6267b3/download/_.csv
bodik,BODIK ODCS,大分県,440001_city_plan_442097,都市計画基礎調査データ（豊後高田市）,https://data.bodik.jp/dataset/440001_city_plan_442097,Creative Commons Attribution 4.0 International,495481b1-976c-4b31-a293-7b56f33cb739,建物利用現況_建物用途（延床面積）.csv,CSV,5565,建物,tabular,strict,https://data.bodik.jp/dataset/dfde94e0-bf9e-4eee-8c79-4cdd31acbd65/resource/495481b1-976c-4b31-a293-7b56f33cb739/download/_.csv
bodik,BODIK ODCS,大分県,440001_city_plan_442097,都市計画基礎調査データ（豊後高田市）,https://data.bodik.jp/dataset/440001_city_plan_442097,Creative Commons Attribution 4.0 International,c6def4ea-ee19-438d-ae75-0278fd23bea0,建物利用現況_建物用途（建築面積）.csv,CSV,7651,建物,tabular,strict,https://data.bodik.jp/dataset/dfde94e0-bf9e-4eee-8c79-4cdd31acbd65/resource/c6def4ea-ee19-438d-ae75-0278fd23bea0/download/_.csv
bodik,BODIK ODCS,大分県,440001_city_plan_442097,都市計画基礎調査データ（豊後高田市）,https://data.bodik.jp/dataset/440001_city_plan_442097,Creative Commons Attribution 4.0 International,03663dbc-6efa-49c9-9409-89a938c0b9cf,建物利用現況_建物用途（棟数）.csv,CSV,5170,建物,tabular,strict,https://data.bodik.jp/dataset/dfde94e0-bf9e-4eee-8c79-4cdd31acbd65/resource/03663dbc-6efa-49c9-9409-89a938c0b9cf/download/_.csv
bodik,BODIK ODCS,大分県,440001_city_plan_442097,都市計画基礎調査データ（豊後高田市）,https://data.bodik.jp/dataset/440001_city_plan_442097,Creative Commons Attribution 4.0 International,ea33f28f-a2d9-4114-a687-b1b4dd60bbc8,建物利用現況_構造.csv,CSV,3550,建物,tabular,strict,https://data.bodik.jp/dataset/dfde94e0-bf9e-4eee-8c79-4cdd31acbd65/resource/ea33f28f-a2d9-4114-a687-b1b4dd60bbc8/download/_.csv
bodik,BODIK ODCS,大分県,440001_city_plan_442097,都市計画基礎調査データ（豊後高田市）,https://data.bodik.jp/dataset/440001_city_plan_442097,Creative Commons Attribution 4.0 International,3c730dcb-c0ad-4e15-a43d-7aa34b3155c6,建物利用現況_耐火構造種別.csv,CSV,3038,建物,tabular,strict,https://data.bodik.jp/dataset/dfde94e0-bf9e-4eee-8c79-4cdd31acbd65/resource/3c730dcb-c0ad-4e15-a43d-7aa34b3155c6/download/_.csv
bodik,BODIK ODCS,大分県,440001_city_plan_442097,都市計画基礎調査データ（豊後高田市）,https://data.bodik.jp/dataset/440001_city_plan_442097,Creative Commons Attribution 4.0 International,e6fd2ad5-9579-419f-8cca-77d6d23f102b,土地利用現況_用途別土地利用面積.csv,CSV,9738,土地利用,tabular,strict,https://data.bodik.jp/dataset/dfde94e0-bf9e-4eee-8c79-4cdd31acbd65/resource/e6fd2ad5-9579-419f-8cca-77d6d23f102b/download/_.csv
bodik,BODIK ODCS,大分県,440001_city_plan_442097,都市計画基礎調査データ（豊後高田市）,https://data.bodik.jp/dataset/440001_city_plan_442097,Creative Commons Attribution 4.0 International,bbecd445-dded-487c-b67c-294ff0f732fd,豊後高田市_小地域境界図_建物利用現況x.pdf,PDF,8077394,建物,document,strict,https://data.bodik.jp/dataset/dfde94e0-bf9e-4eee-8c79-4cdd31acbd65/resource/bbecd445-dded-487c-b67c-294ff0f732fd/download/__x.pdf
bodik,BODIK ODCS,大分県,440001_city_plan_442097,都市計画基礎調査データ（豊後高田市）,https://data.bodik.jp/dataset/440001_city_plan_442097,Creative Commons Attribution 4.0 International,fb804957-fd3b-4d40-a375-94c8db9c8681,豊後高田市_小地域境界図_土地利用現況.pdf,PDF,8418242,土地利用,document,strict,https://data.bodik.jp/dataset/dfde94e0-bf9e-4eee-8c79-4cdd31acbd65/resource/fb804957-fd3b-4d40-a375-94c8db9c8681/download/__.pdf
bodik,BODIK ODCS,大分県,440001_city_plan_442097,都市計画基礎調査データ（豊後高田市）,https://data.bodik.jp/dataset/440001_city_plan_442097,Creative Commons Attribution 4.0 International,716b170e-77eb-4144-8f4c-317c59024d22,C0101_人口規模_bungotakada.csv,CSV,16188,人口,tabular,strict,https://data.bodik.jp/dataset/dfde94e0-bf9e-4eee-8c79-4cdd31acbd65/resource/716b170e-77eb-4144-8f4c-317c59024d22/download/c0101__bungotakada.csv
bodik,BODIK ODCS,大分県,440001_city_plan_442097,都市計画基礎調査データ（豊後高田市）,https://data.bodik.jp/dataset/440001_city_plan_442097,Creative Commons Attribution 4.0 International,8dd15245-e24c-419d-a724-41e4a2621347,city_plan_442097_bungotakada.json,JSON,685808,,geo,strict,https://data.bodik.jp/dataset/dfde94e0-bf9e-4eee-8c79-4cdd31acbd65/resource/8dd15245-e24c-419d-a724-41e4a2621347/download/city_plan_442097_bungotakada.json
bodik,BODIK ODCS,大分県,440001_city_plan_442127,都市計画基礎調査データ（豊後大野市）,https://data.bodik.jp/dataset/440001_city_plan_442127,Creative Commons Attribution 4.0 International,0147ffc9-7d30-47a7-be58-abac105b3518,GISデータ（shp）一式（豊後大野市）,ZIP,4735368,,archive,strict,https://data.bodik.jp/dataset/0af758fa-ae89-4c21-afc1-1aeb99abe287/resource/0147ffc9-7d30-47a7-be58-abac105b3518/download/2023bungoono_gis.zip
bodik,BODIK ODCS,大分県,440001_city_plan_442127,都市計画基礎調査データ（豊後大野市）,https://data.bodik.jp/dataset/440001_city_plan_442127,Creative Commons Attribution 4.0 International,d528a635-7bc7-47c9-b30e-2be074101a9b,豊後大野市_建物利用現況_延床面積,CSV,9812,建物,tabular,strict,https://data.bodik.jp/dataset/0af758fa-ae89-4c21-afc1-1aeb99abe287/resource/d528a635-7bc7-47c9-b30e-2be074101a9b/download/44212_bungoono_to01_bu_area.csv
bodik,BODIK ODCS,大分県,440001_city_plan_442127,都市計画基礎調査データ（豊後大野市）,https://data.bodik.jp/dataset/440001_city_plan_442127,Creative Commons Attribution 4.0 International,557e5868-4784-46ce-ade9-44b3af268431,豊後大野市_建物利用現況_階数（地下、地上）,CSV,11353,建物,tabular,strict,https://data.bodik.jp/dataset/0af758fa-ae89-4c21-afc1-1aeb99abe287/resource/557e5868-4784-46ce-ade9-44b3af268431/download/44212_bungoono_to02_bu_flo.csv
bodik,BODIK ODCS,大分県,440001_city_plan_442127,都市計画基礎調査データ（豊後大野市）,https://data.bodik.jp/dataset/440001_city_plan_442127,Creative Commons Attribution 4.0 International,8b041462-5cf8-409f-99e7-d77a3af895a8,豊後大野市_建物利用現況_建築年,CSV,9259,建物,tabular,strict,https://data.bodik.jp/dataset/0af758fa-ae89-4c21-afc1-1aeb99abe287/resource/8b041462-5cf8-409f-99e7-d77a3af895a8/download/44212_bungoono_to03_bu_age.csv
bodik,BODIK ODCS,大分県,440001_city_plan_442127,都市計画基礎調査データ（豊後大野市）,https://data.bodik.jp/dataset/440001_city_plan_442127,Creative Commons Attribution 4.0 International,429c4bba-5e95-4940-a040-eefe3766948f,豊後大野市_建物利用現況_建築面積,CSV,9570,建物,tabular,strict,https://data.bodik.jp/dataset/0af758fa-ae89-4c21-afc1-1aeb99abe287/resource/429c4bba-5e95-4940-a040-eefe3766948f/download/44212_bungoono_to04_bu_2area.csv
bodik,BODIK ODCS,大分県,440001_city_plan_442127,都市計画基礎調査データ（豊後大野市）,https://data.bodik.jp/dataset/440001_city_plan_442127,Creative Commons Attribution 4.0 International,055c92f8-b3d2-48f9-8263-28386a1ac0ff,豊後大野市_建物利用現況_建物用途（延床面積）,CSV,12084,建物,tabular,strict,https://data.bodik.jp/dataset/0af758fa-ae89-4c21-afc1-1aeb99abe287/resource/055c92f8-b3d2-48f9-8263-28386a1ac0ff/download/44212_bungoono_to05_bu_use_area.csv
bodik,BODIK ODCS,大分県,440001_city_plan_442127,都市計画基礎調査データ（豊後大野市）,https://data.bodik.jp/dataset/440001_city_plan_442127,Creative Commons Attribution 4.0 International,c8b91ba6-5910-4d6d-81ef-d6c9ace89fb4,豊後大野市_建物利用現況_建物用途（建築面積）,CSV,12042,建物,tabular,strict,https://data.bodik.jp/dataset/0af758fa-ae89-4c21-afc1-1aeb99abe287/resource/c8b91ba6-5910-4d6d-81ef-d6c9ace89fb4/download/44212_bungoono_to06_bu_use_2area.csv
bodik,BODIK ODCS,大分県,440001_city_plan_442127,都市計画基礎調査データ（豊後大野市）,https://data.bodik.jp/dataset/440001_city_plan_442127,Creative Commons Attribution 4.0 International,71e4d2f0-cc66-4fc6-a074-dfe472e820d8,豊後大野市_建物利用現況_建物用途（棟数）,CSV,11604,建物,tabular,strict,https://data.bodik.jp/dataset/0af758fa-ae89-4c21-afc1-1aeb99abe287/resource/71e4d2f0-cc66-4fc6-a074-dfe472e820d8/download/44212_bungoono_to07_bu_use_num.csv
bodik,BODIK ODCS,大分県,440001_city_plan_442127,都市計画基礎調査データ（豊後大野市）,https://data.bodik.jp/dataset/440001_city_plan_442127,Creative Commons Attribution 4.0 International,72759864-3e88-44ef-9ea7-4420ef9f7764,豊後大野市_建物利用現況_構造,CSV,9015,建物,tabular,strict,https://data.bodik.jp/dataset/0af758fa-ae89-4c21-afc1-1aeb99abe287/resource/72759864-3e88-44ef-9ea7-4420ef9f7764/download/44212_bungoono_to08_bu_use_st.csv
bodik,BODIK ODCS,大分県,440001_city_plan_442127,都市計画基礎調査データ（豊後大野市）,https://data.bodik.jp/dataset/440001_city_plan_442127,Creative Commons Attribution 4.0 International,1cd12787-af6a-4b8d-862d-edadc551ba5f,豊後大野市_建物利用現況_耐火構造種別,CSV,8220,建物,tabular,strict,https://data.bodik.jp/dataset/0af758fa-ae89-4c21-afc1-1aeb99abe287/resource/1cd12787-af6a-4b8d-862d-edadc551ba5f/download/44212_bungoono_to09_bu_use_fire.csv
bodik,BODIK ODCS,大分県,440001_city_plan_442127,都市計画基礎調査データ（豊後大野市）,https://data.bodik.jp/dataset/440001_city_plan_442127,Creative Commons Attribution 4.0 International,da3aef87-9989-4b9a-89fd-ac4cd962330a,豊後大野市_土地利用現況_用途別土地利用面積,CSV,13308,土地利用,tabular,strict,https://data.bodik.jp/dataset/0af758fa-ae89-4c21-afc1-1aeb99abe287/resource/da3aef87-9989-4b9a-89fd-ac4cd962330a/download/44212_bungoono_to10_la.csv
bodik,BODIK ODCS,大分県,440001_city_plan_442127,都市計画基礎調査データ（豊後大野市）,https://data.bodik.jp/dataset/440001_city_plan_442127,Creative Commons Attribution 4.0 International,023ffc43-41f6-4a42-aaa0-168f03106743,豊後大野市_小地域境界図_建物利用現況,PDF,13067253,建物,document,strict,https://data.bodik.jp/dataset/0af758fa-ae89-4c21-afc1-1aeb99abe287/resource/023ffc43-41f6-4a42-aaa0-168f03106743/download/__.pdf
bodik,BODIK ODCS,大分県,440001_city_plan_442127,都市計画基礎調査データ（豊後大野市）,https://data.bodik.jp/dataset/440001_city_plan_442127,Creative Commons Attribution 4.0 International,e536e014-2ecb-4a8c-b772-d5043b196efb,豊後大野市_小地域境界図_土地利用現況,PDF,13439302,土地利用,document,strict,https://data.bodik.jp/dataset/0af758fa-ae89-4c21-afc1-1aeb99abe287/resource/e536e014-2ecb-4a8c-b772-d5043b196efb/download/__.pdf
bodik,BODIK ODCS,茅野市,202142_r3toshi_kiso,令和3年度都市計画基礎調査データ一覧,https://data.bodik.jp/dataset/202142_r3toshi_kiso,Creative Commons Attribution 4.0 International,64484423-028c-4b1a-b1f2-a9e34494d23e,人口総数及び増加数,CSV,3058,人口,tabular,strict,https://data.bodik.jp/dataset/f5a933b2-2253-4f77-b6f4-a1b8668b5527/resource/64484423-028c-4b1a-b1f2-a9e34494d23e/download/c0101-1.csv
bodik,BODIK ODCS,茅野市,202142_r3toshi_kiso,令和3年度都市計画基礎調査データ一覧,https://data.bodik.jp/dataset/202142_r3toshi_kiso,Creative Commons Attribution 4.0 International,2efaf8bd-6559-49bc-9269-c961e94ea9a7,年齢・性別人口,CSV,5464,人口,tabular,strict,https://data.bodik.jp/dataset/f5a933b2-2253-4f77-b6f4-a1b8668b5527/resource/2efaf8bd-6559-49bc-9269-c961e94ea9a7/download/c0101-2.csv
bodik,BODIK ODCS,茅野市,202142_r3toshi_kiso,令和3年度都市計画基礎調査データ一覧,https://data.bodik.jp/dataset/202142_r3toshi_kiso,Creative Commons Attribution 4.0 International,6b152264-0dc6-4877-ad72-33e42d7448d4,DID,CSV,2072,,tabular,strict,https://data.bodik.jp/dataset/f5a933b2-2253-4f77-b6f4-a1b8668b5527/resource/6b152264-0dc6-4877-ad72-33e42d7448d4/download/c0102did.csv
bodik,BODIK ODCS,茅野市,202142_r3toshi_kiso,令和3年度都市計画基礎調査データ一覧,https://data.bodik.jp/dataset/202142_r3toshi_kiso,Creative Commons Attribution 4.0 International,1cecc3c0-c152-44ec-881e-357326b0dc2e,将来人口,CSV,7235,人口,tabular,strict,https://data.bodik.jp/dataset/f5a933b2-2253-4f77-b6f4-a1b8668b5527/resource/1cecc3c0-c152-44ec-881e-357326b0dc2e/download/c0103.csv
bodik,BODIK ODCS,茅野市,202142_r3toshi_kiso,令和3年度都市計画基礎調査データ一覧,https://data.bodik.jp/dataset/202142_r3toshi_kiso,Creative Commons Attribution 4.0 International,8b713fe8-d934-42c0-b871-3e48637d074a,人口増減,CSV,8920,人口,tabular,strict,https://data.bodik.jp/dataset/f5a933b2-2253-4f77-b6f4-a1b8668b5527/resource/8b713fe8-d934-42c0-b871-3e48637d074a/download/c0104.csv
bodik,BODIK ODCS,茅野市,202142_r3toshi_kiso,令和3年度都市計画基礎調査データ一覧,https://data.bodik.jp/dataset/202142_r3toshi_kiso,Creative Commons Attribution 4.0 International,08d4fe04-1ea5-4cd7-accf-4129238d6e2e,就業者流入・流出別人口推移,CSV,1490,人口,tabular,strict,https://data.bodik.jp/dataset/f5a933b2-2253-4f77-b6f4-a1b8668b5527/resource/08d4fe04-1ea5-4cd7-accf-4129238d6e2e/download/c0105-1-.csv
bodik,BODIK ODCS,茅野市,202142_r3toshi_kiso,令和3年度都市計画基礎調査データ一覧,https://data.bodik.jp/dataset/202142_r3toshi_kiso,Creative Commons Attribution 4.0 International,9ca9cca3-fcb2-4756-b348-bec15c4f5192,就業者流入・流出別人口推移,CSV,1490,人口,tabular,strict,https://data.bodik.jp/dataset/f5a933b2-2253-4f77-b6f4-a1b8668b5527/resource/9ca9cca3-fcb2-4756-b348-bec15c4f5192/download/c0105-1-.csv
bodik,BODIK ODCS,茅野市,202142_r3toshi_kiso,令和3年度都市計画基礎調査データ一覧,https://data.bodik.jp/dataset/202142_r3toshi_kiso,Creative Commons Attribution 4.0 International,480cd4d1-5fce-4ead-b818-e4a9dc9613c3,通学者流入・流出別人口推移,CSV,1521,人口,tabular,strict,https://data.bodik.jp/dataset/f5a933b2-2253-4f77-b6f4-a1b8668b5527/resource/480cd4d1-5fce-4ead-b818-e4a9dc9613c3/download/c0105-2-.csv
bodik,BODIK ODCS,茅野市,202142_r3toshi_kiso,令和3年度都市計画基礎調査データ一覧,https://data.bodik.jp/dataset/202142_r3toshi_kiso,Creative Commons Attribution 4.0 International,ade7020e-c1cb-425a-b3f0-8e764ede0532,就業者流出先人口推移,CSV,2189,人口,tabular,strict,https://data.bodik.jp/dataset/f5a933b2-2253-4f77-b6f4-a1b8668b5527/resource/ade7020e-c1cb-425a-b3f0-8e764ede0532/download/c0105-3-.csv
bodik,BODIK ODCS,茅野市,202142_r3toshi_kiso,令和3年度都市計画基礎調査データ一覧,https://data.bodik.jp/dataset/202142_r3toshi_kiso,Creative Commons Attribution 4.0 International,6890c9cb-6ca6-45f9-9d26-310995a463de,就業者流入先人口推移,CSV,2176,人口,tabular,strict,https://data.bodik.jp/dataset/f5a933b2-2253-4f77-b6f4-a1b8668b5527/resource/6890c9cb-6ca6-45f9-9d26-310995a463de/download/c0105-4-.csv
bodik,BODIK ODCS,茅野市,202142_r3toshi_kiso,令和3年度都市計画基礎調査データ一覧,https://data.bodik.jp/dataset/202142_r3toshi_kiso,Creative Commons Attribution 4.0 International,59501759-1ad1-44d0-af09-edc48bc69509,通学者流出先人口推移,CSV,2167,人口,tabular,strict,https://data.bodik.jp/dataset/f5a933b2-2253-4f77-b6f4-a1b8668b5527/resource/59501759-1ad1-44d0-af09-edc48bc69509/download/c0105-5-.csv
bodik,BODIK ODCS,茅野市,202142_r3toshi_kiso,令和3年度都市計画基礎調査データ一覧,https://data.bodik.jp/dataset/202142_r3toshi_kiso,Creative Commons Attribution 4.0 International,57da965e-da5e-420c-9564-1ef2daa4ccfa,通学者流入先人口推移,CSV,2156,人口,tabular,strict,https://data.bodik.jp/dataset/f5a933b2-2253-4f77-b6f4-a1b8668b5527/resource/57da965e-da5e-420c-9564-1ef2daa4ccfa/download/c0105-6-.csv
bodik,BODIK ODCS,茅野市,202142_r3toshi_kiso,令和3年度都市計画基礎調査データ一覧,https://data.bodik.jp/dataset/202142_r3toshi_kiso,Creative Commons Attribution 4.0 International,a53a6cc7-bf28-4f8e-9a0d-486f5ab40001,産業大分類別就業者数(茅野市内）,CSV,5286,産業,tabular,strict,https://data.bodik.jp/dataset/f5a933b2-2253-4f77-b6f4-a1b8668b5527/resource/a53a6cc7-bf28-4f8e-9a0d-486f5ab40001/download/c0201-1.csv
bodik,BODIK ODCS,茅野市,202142_r3toshi_kiso,令和3年度都市計画基礎調査データ一覧,https://data.bodik.jp/dataset/202142_r3toshi_kiso,Creative Commons Attribution 4.0 International,e41523fd-f3d0-4970-8ef9-4a33ae5efdd9,事業所数・従業者数・売上金額（平成13年）,CSV,4241,産業,tabular,strict,https://data.bodik.jp/dataset/f5a933b2-2253-4f77-b6f4-a1b8668b5527/resource/e41523fd-f3d0-4970-8ef9-4a33ae5efdd9/download/c0202-113.csv
bodik,BODIK ODCS,茅野市,202142_r3toshi_kiso,令和3年度都市計画基礎調査データ一覧,https://data.bodik.jp/dataset/202142_r3toshi_kiso,Creative Commons Attribution 4.0 International,6b203276-2e62-4c41-bb10-185f649d3091,事業所数・従業者数・売上金額（平成18年）,CSV,4300,産業,tabular,strict,https://data.bodik.jp/dataset/f5a933b2-2253-4f77-b6f4-a1b8668b5527/resource/6b203276-2e62-4c41-bb10-185f649d3091/download/c0202-118.csv
bodik,BODIK ODCS,茅野市,202142_r3toshi_kiso,令和3年度都市計画基礎調査データ一覧,https://data.bodik.jp/dataset/202142_r3toshi_kiso,Creative Commons Attribution 4.0 International,04b035e6-d4cf-44ec-99ac-a0b34895ba54,事業所数・従業者数・売上金額（平成21年）,CSV,4309,産業,tabular,strict,https://data.bodik.jp/dataset/f5a933b2-2253-4f77-b6f4-a1b8668b5527/resource/04b035e6-d4cf-44ec-99ac-a0b34895ba54/download/c0202-121.csv
bodik,BODIK ODCS,茅野市,202142_r3toshi_kiso,令和3年度都市計画基礎調査データ一覧,https://data.bodik.jp/dataset/202142_r3toshi_kiso,Creative Commons Attribution 4.0 International,c51c8bac-0c6d-4d72-bdf4-c70e6be64351,事業所数・従業者数・売上金額（平成24年）,CSV,4713,産業,tabular,strict,https://data.bodik.jp/dataset/f5a933b2-2253-4f77-b6f4-a1b8668b5527/resource/c51c8bac-0c6d-4d72-bdf4-c70e6be64351/download/c0202-124.csv
bodik,BODIK ODCS,茅野市,202142_r3toshi_kiso,令和3年度都市計画基礎調査データ一覧,https://data.bodik.jp/dataset/202142_r3toshi_kiso,Creative Commons Attribution 4.0 International,de0f588e-68b9-444c-8eb3-11a91cba2e92,事業所数・従業者数・売上金額（平成26年）,CSV,4733,産業,tabular,strict,https://data.bodik.jp/dataset/f5a933b2-2253-4f77-b6f4-a1b8668b5527/resource/de0f588e-68b9-444c-8eb3-11a91cba2e92/download/c0202-126.csv
bodik,BODIK ODCS,茅野市,202142_r3toshi_kiso,令和3年度都市計画基礎調査データ一覧,https://data.bodik.jp/dataset/202142_r3toshi_kiso,Creative Commons Attribution 4.0 International,1be58e42-0583-4cc5-bf66-57edfd61bad9,事業所数・従業者数・売上金額（平成28年）,CSV,4793,産業,tabular,strict,https://data.bodik.jp/dataset/f5a933b2-2253-4f77-b6f4-a1b8668b5527/resource/1be58e42-0583-4cc5-bf66-57edfd61bad9/download/c0202-128.csv
bodik,BODIK ODCS,茅野市,202142_r3toshi_kiso,令和3年度都市計画基礎調査データ一覧,https://data.bodik.jp/dataset/202142_r3toshi_kiso,Creative Commons Attribution 4.0 International,fd6ef7d7-e5ad-4d4e-a265-eb77e38e9bf0,産業中分類別工業出荷額（平成2年～平成12年）,CSV,7596,産業,tabular,strict,https://data.bodik.jp/dataset/f5a933b2-2253-4f77-b6f4-a1b8668b5527/resource/fd6ef7d7-e5ad-4d4e-a265-eb77e38e9bf0/download/c0202-2212.csv
bodik,BODIK ODCS,茅野市,202142_r3toshi_kiso,令和3年度都市計画基礎調査データ一覧,https://data.bodik.jp/dataset/202142_r3toshi_kiso,Creative Commons Attribution 4.0 International,9aa59a12-fd1e-4f12-955b-61c106ea3861,産業中分類別工業出荷額（平成13年～平成21年）,CSV,7572,産業,tabular,strict,https://data.bodik.jp/dataset/f5a933b2-2253-4f77-b6f4-a1b8668b5527/resource/9aa59a12-fd1e-4f12-955b-61c106ea3861/download/c0202-21321.csv
bodik,BODIK ODCS,茅野市,202142_r3toshi_kiso,令和3年度都市計画基礎調査データ一覧,https://data.bodik.jp/dataset/202142_r3toshi_kiso,Creative Commons Attribution 4.0 International,2ac5ed4a-141d-48ff-95d6-6f3f4820ebe9,産業中分類別工業出荷額（平成22年～平成26年、平成29年～令和2年）,CSV,7335,産業,tabular,strict,https://data.bodik.jp/dataset/f5a933b2-2253-4f77-b6f4-a1b8668b5527/resource/2ac5ed4a-141d-48ff-95d6-6f3f4820ebe9/download/c0202-22226292.csv
bodik,BODIK ODCS,茅野市,202142_r3toshi_kiso,令和3年度都市計画基礎調査データ一覧,https://data.bodik.jp/dataset/202142_r3toshi_kiso,Creative Commons Attribution 4.0 International,2c3d527a-d208-4e16-9c41-20e351881eed,産業中分類別商業販売額（平成3年～平成19年）,CSV,2976,産業,tabular,strict,https://data.bodik.jp/dataset/f5a933b2-2253-4f77-b6f4-a1b8668b5527/resource/2c3d527a-d208-4e16-9c41-20e351881eed/download/c0202-3319.csv
bodik,BODIK ODCS,茅野市,202142_r3toshi_kiso,令和3年度都市計画基礎調査データ一覧,https://data.bodik.jp/dataset/202142_r3toshi_kiso,Creative Commons Attribution 4.0 International,9df6a3fc-cdcc-4384-a5ab-ef6740f0d176,産業中分類別商業販売額（平成26年、平成28年）,CSV,3307,産業,tabular,strict,https://data.bodik.jp/dataset/f5a933b2-2253-4f77-b6f4-a1b8668b5527/resource/9df6a3fc-cdcc-4384-a5ab-ef6740f0d176/download/c0202-32628.csv
bodik,BODIK ODCS,茅野市,202142_r3toshi_kiso,令和3年度都市計画基礎調査データ一覧,https://data.bodik.jp/dataset/202142_r3toshi_kiso,Creative Commons Attribution 4.0 International,ebc208f1-5494-41c3-bcb6-f22e557a2aa2,地区別土地利用面積,CSV,32738,土地利用,tabular,strict,https://data.bodik.jp/dataset/f5a933b2-2253-4f77-b6f4-a1b8668b5527/resource/ebc208f1-5494-41c3-bcb6-f22e557a2aa2/download/c0302-2.csv
bodik,BODIK ODCS,茅野市,202142_r3toshi_kiso,令和3年度都市計画基礎調査データ一覧,https://data.bodik.jp/dataset/202142_r3toshi_kiso,Creative Commons Attribution 4.0 International,0798ebea-657d-457b-8b78-4c5aae0fef85,土地利用別面積,CSV,1778,土地利用,tabular,strict,https://data.bodik.jp/dataset/f5a933b2-2253-4f77-b6f4-a1b8668b5527/resource/0798ebea-657d-457b-8b78-4c5aae0fef85/download/c0302-2.csv
bodik,BODIK ODCS,茅野市,202142_r3toshi_kiso,令和3年度都市計画基礎調査データ一覧,https://data.bodik.jp/dataset/202142_r3toshi_kiso,Creative Commons Attribution 4.0 International,0ec1ad8f-50d3-499f-9bd1-01568428e6fd,宅地開発状況,CSV,5717,土地利用,tabular,strict,https://data.bodik.jp/dataset/f5a933b2-2253-4f77-b6f4-a1b8668b5527/resource/0ec1ad8f-50d3-499f-9bd1-01568428e6fd/download/c0304-2.csv
bodik,BODIK ODCS,茅野市,202142_r3toshi_kiso,令和3年度都市計画基礎調査データ一覧,https://data.bodik.jp/dataset/202142_r3toshi_kiso,Creative Commons Attribution 4.0 International,563c54fe-71c3-49da-95c3-b0937ec9a0d3,開発許可状況（用途地域指定外区域）,CSV,3235,土地利用,tabular,strict,https://data.bodik.jp/dataset/f5a933b2-2253-4f77-b6f4-a1b8668b5527/resource/563c54fe-71c3-49da-95c3-b0937ec9a0d3/download/c0304-3.csv
bodik,BODIK ODCS,茅野市,202142_r3toshi_kiso,令和3年度都市計画基礎調査データ一覧,https://data.bodik.jp/dataset/202142_r3toshi_kiso,Creative Commons Attribution 4.0 International,e179e679-44b3-4d9c-8748-b4e797789e8d,開発許可状況（用途地域指定区域）,CSV,3086,土地利用,tabular,strict,https://data.bodik.jp/dataset/f5a933b2-2253-4f77-b6f4-a1b8668b5527/resource/e179e679-44b3-4d9c-8748-b4e797789e8d/download/c0304-3.csv
bodik,BODIK ODCS,茅野市,202142_r3toshi_kiso,令和3年度都市計画基礎調査データ一覧,https://data.bodik.jp/dataset/202142_r3toshi_kiso,Creative Commons Attribution 4.0 International,73b9ed16-0728-4e8b-966f-0e85731e50a5,面整備実績,CSV,1776,,tabular,strict,https://data.bodik.jp/dataset/f5a933b2-2253-4f77-b6f4-a1b8668b5527/resource/73b9ed16-0728-4e8b-966f-0e85731e50a5/download/c0304-4.csv
bodik,BODIK ODCS,茅野市,202142_r3toshi_kiso,令和3年度都市計画基礎調査データ一覧,https://data.bodik.jp/dataset/202142_r3toshi_kiso,Creative Commons Attribution 4.0 International,b4f2e084-3775-4503-9f2d-9590ff68e52e,農地転用状況,CSV,5184,土地利用,tabular,strict,https://data.bodik.jp/dataset/f5a933b2-2253-4f77-b6f4-a1b8668b5527/resource/b4f2e084-3775-4503-9f2d-9590ff68e52e/download/c0305.csv
bodik,BODIK ODCS,茅野市,202142_r3toshi_kiso,令和3年度都市計画基礎調査データ一覧,https://data.bodik.jp/dataset/202142_r3toshi_kiso,Creative Commons Attribution 4.0 International,585fcdda-2f17-4ed2-992c-9df0f324bec8,地区別新築件数及び新築面積表,CSV,31984,,tabular,strict,https://data.bodik.jp/dataset/f5a933b2-2253-4f77-b6f4-a1b8668b5527/resource/585fcdda-2f17-4ed2-992c-9df0f324bec8/download/c0307-.csv
bodik,BODIK ODCS,茅野市,202142_r3toshi_kiso,令和3年度都市計画基礎調査データ一覧,https://data.bodik.jp/dataset/202142_r3toshi_kiso,Creative Commons Attribution 4.0 International,f62facb8-967e-4c58-a31c-7acaddc43434,都市地域（用途地域）,CSV,3497,,tabular,strict,https://data.bodik.jp/dataset/f5a933b2-2253-4f77-b6f4-a1b8668b5527/resource/f62facb8-967e-4c58-a31c-7acaddc43434/download/c0308-.csv
bodik,BODIK ODCS,茅野市,202142_r3toshi_kiso,令和3年度都市計画基礎調査データ一覧,https://data.bodik.jp/dataset/202142_r3toshi_kiso,Creative Commons Attribution 4.0 International,e08a43bb-b5f6-4732-affb-cf0a0e0323a0,地区別木造率現況表,CSV,11610,,tabular,strict,https://data.bodik.jp/dataset/f5a933b2-2253-4f77-b6f4-a1b8668b5527/resource/e08a43bb-b5f6-4732-affb-cf0a0e0323a0/download/c0401-2-.csv
bodik,BODIK ODCS,茅野市,202142_r3toshi_kiso,令和3年度都市計画基礎調査データ一覧,https://data.bodik.jp/dataset/202142_r3toshi_kiso,Creative Commons Attribution 4.0 International,3a1b729a-efe9-4110-a172-418bbf1918c5,地区別建ぺい率現況表,CSV,18715,,tabular,strict,https://data.bodik.jp/dataset/f5a933b2-2253-4f77-b6f4-a1b8668b5527/resource/3a1b729a-efe9-4110-a172-418bbf1918c5/download/c0401-3.csv
bodik,BODIK ODCS,茅野市,202142_r3toshi_kiso,令和3年度都市計画基礎調査データ一覧,https://data.bodik.jp/dataset/202142_r3toshi_kiso,Creative Commons Attribution 4.0 International,bef13a54-e49a-460f-84f0-a5cb98648e82,地区別容積率現況表,CSV,16236,,tabular,strict,https://data.bodik.jp/dataset/f5a933b2-2253-4f77-b6f4-a1b8668b5527/resource/bef13a54-e49a-460f-84f0-a5cb98648e82/download/c0401-4.csv
bodik,BODIK ODCS,茅野市,202142_r3toshi_kiso,令和3年度都市計画基礎調査データ一覧,https://data.bodik.jp/dataset/202142_r3toshi_kiso,Creative Commons Attribution 4.0 International,e60c2a9d-1fe3-4a54-8e34-79fe938f9f36,地区別、用途別の建物延べ床面積現況,CSV,14107,建物,tabular,strict,https://data.bodik.jp/dataset/f5a933b2-2253-4f77-b6f4-a1b8668b5527/resource/e60c2a9d-1fe3-4a54-8e34-79fe938f9f36/download/c0401-5.csv
bodik,BODIK ODCS,茅野市,202142_r3toshi_kiso,令和3年度都市計画基礎調査データ一覧,https://data.bodik.jp/dataset/202142_r3toshi_kiso,Creative Commons Attribution 4.0 International,a4ec958a-8362-4526-b34f-904a8be57c59,地区別建物年齢別現況,CSV,15030,建物,tabular,strict,https://data.bodik.jp/dataset/f5a933b2-2253-4f77-b6f4-a1b8668b5527/resource/a4ec958a-8362-4526-b34f-904a8be57c59/download/c0401-6.csv
bodik,BODIK ODCS,茅野市,202142_r3toshi_kiso,令和3年度都市計画基礎調査データ一覧,https://data.bodik.jp/dataset/202142_r3toshi_kiso,Creative Commons Attribution 4.0 International,b841c467-a7a4-4172-926a-e8222f5031e9,大規模小売店舗等の立地状況,CSV,6049,,tabular,strict,https://data.bodik.jp/dataset/f5a933b2-2253-4f77-b6f4-a1b8668b5527/resource/b841c467-a7a4-4172-926a-e8222f5031e9/download/c0402.csv
bodik,BODIK ODCS,茅野市,202142_r3toshi_kiso,令和3年度都市計画基礎調査データ一覧,https://data.bodik.jp/dataset/202142_r3toshi_kiso,Creative Commons Attribution 4.0 International,66f5b09e-03ca-4d56-a13f-25dbb178286b,都市施設の位置、内容等,CSV,54334,都市施設,tabular,strict,https://data.bodik.jp/dataset/f5a933b2-2253-4f77-b6f4-a1b8668b5527/resource/66f5b09e-03ca-4d56-a13f-25dbb178286b/download/c0501-.csv
bodik,BODIK ODCS,茅野市,202142_r3toshi_kiso,令和3年度都市計画基礎調査データ一覧,https://data.bodik.jp/dataset/202142_r3toshi_kiso,Creative Commons Attribution 4.0 International,8fdefea9-0f45-4401-b003-de04a538ae8c,主要な幹線の断面交通量・混雑度・旅行速度,CSV,8145,都市施設,tabular,strict,https://data.bodik.jp/dataset/f5a933b2-2253-4f77-b6f4-a1b8668b5527/resource/8fdefea9-0f45-4401-b003-de04a538ae8c/download/c0601-.csv
bodik,BODIK ODCS,茅野市,202142_r3toshi_kiso,令和3年度都市計画基礎調査データ一覧,https://data.bodik.jp/dataset/202142_r3toshi_kiso,Creative Commons Attribution 4.0 International,f365bf2c-7aa0-4de3-8ac4-82666fcd04d6,鉄道・路面電車等の状況,CSV,10040,,tabular,strict,https://data.bodik.jp/dataset/f5a933b2-2253-4f77-b6f4-a1b8668b5527/resource/f365bf2c-7aa0-4de3-8ac4-82666fcd04d6/download/c0603.csv
bodik,BODIK ODCS,茅野市,202142_r3toshi_kiso,令和3年度都市計画基礎調査データ一覧,https://data.bodik.jp/dataset/202142_r3toshi_kiso,Creative Commons Attribution 4.0 International,fdb6d6db-c852-424d-8bc7-91f23fae1686,地価の状況,CSV,17279,地価,tabular,strict,https://data.bodik.jp/dataset/f5a933b2-2253-4f77-b6f4-a1b8668b5527/resource/fdb6d6db-c852-424d-8bc7-91f23fae1686/download/c0701-.csv
bodik,BODIK ODCS,茅野市,202142_r3toshi_kiso,令和3年度都市計画基礎調査データ一覧,https://data.bodik.jp/dataset/202142_r3toshi_kiso,Creative Commons Attribution 4.0 International,1c443652-5658-4191-99ce-cc0a995b7375,気象概況、気象概要,CSV,2408,,tabular,strict,https://data.bodik.jp/dataset/f5a933b2-2253-4f77-b6f4-a1b8668b5527/resource/1c443652-5658-4191-99ce-cc0a995b7375/download/c0802-.csv
bodik,BODIK ODCS,茅野市,202142_r3toshi_kiso,令和3年度都市計画基礎調査データ一覧,https://data.bodik.jp/dataset/202142_r3toshi_kiso,Creative Commons Attribution 4.0 International,b3f8369b-5542-4953-b857-c2c691bd98b9,緑地現況,CSV,3773,自然環境,tabular,strict,https://data.bodik.jp/dataset/f5a933b2-2253-4f77-b6f4-a1b8668b5527/resource/b3f8369b-5542-4953-b857-c2c691bd98b9/download/c0803-.csv
bodik,BODIK ODCS,茅野市,202142_r3toshi_kiso,令和3年度都市計画基礎調査データ一覧,https://data.bodik.jp/dataset/202142_r3toshi_kiso,Creative Commons Attribution 4.0 International,e8733270-9820-4f3e-a386-157f8622b8ff,水害被害,CSV,1433,,tabular,strict,https://data.bodik.jp/dataset/f5a933b2-2253-4f77-b6f4-a1b8668b5527/resource/e8733270-9820-4f3e-a386-157f8622b8ff/download/c0901-.csv
bodik,BODIK ODCS,茅野市,202142_r3toshi_kiso,令和3年度都市計画基礎調査データ一覧,https://data.bodik.jp/dataset/202142_r3toshi_kiso,Creative Commons Attribution 4.0 International,68056083-1e90-403e-a78e-bc260796f5cf,がけ崩れ、土石流、地すべり発生状況,CSV,738,,tabular,strict,https://data.bodik.jp/dataset/f5a933b2-2253-4f77-b6f4-a1b8668b5527/resource/68056083-1e90-403e-a78e-bc260796f5cf/download/c0901-.csv
bodik,BODIK ODCS,茅野市,202142_r3toshi_kiso,令和3年度都市計画基礎調査データ一覧,https://data.bodik.jp/dataset/202142_r3toshi_kiso,Creative Commons Attribution 4.0 International,9f18583a-c82e-4e7a-9168-8d79354e41d3,防災拠点・避難場所,CSV,14413,災害,tabular,strict,https://data.bodik.jp/dataset/f5a933b2-2253-4f77-b6f4-a1b8668b5527/resource/9f18583a-c82e-4e7a-9168-8d79354e41d3/download/c0902.csv
bodik,BODIK ODCS,大分県,440001_city_plan_442135b,都市計画基礎調査データ（由布市湯布院町）,https://data.bodik.jp/dataset/440001_city_plan_442135b,Creative Commons Attribution 4.0 International,0e9ba423-fd5f-4a7e-a6fa-1463cf3faf2a,GISデータ（shp）一式（由布市_湯布院）,ZIP,2389014,,archive,strict,https://data.bodik.jp/dataset/50626ed5-314a-43e5-b1aa-13fc9216b765/resource/0e9ba423-fd5f-4a7e-a6fa-1463cf3faf2a/download/2021yuhu_yuhuin_gis.zip
bodik,BODIK ODCS,大分県,440001_city_plan_442135b,都市計画基礎調査データ（由布市湯布院町）,https://data.bodik.jp/dataset/440001_city_plan_442135b,Creative Commons Attribution 4.0 International,31d3610f-1c8b-42a0-a733-6399faee75a9,由布市_湯布院_建物利用現況_延床面積.csv,CSV,702,建物,tabular,strict,https://data.bodik.jp/dataset/50626ed5-314a-43e5-b1aa-13fc9216b765/resource/31d3610f-1c8b-42a0-a733-6399faee75a9/download/44213_yufu_yufuin_to01_bu_area.csv
bodik,BODIK ODCS,大分県,440001_city_plan_442135b,都市計画基礎調査データ（由布市湯布院町）,https://data.bodik.jp/dataset/440001_city_plan_442135b,Creative Commons Attribution 4.0 International,0c2785f6-d2af-4a7f-8111-2fa8becb8e4a,由布市_湯布院_建物利用現況_階数（地下、地上）.csv,CSV,1063,建物,tabular,strict,https://data.bodik.jp/dataset/50626ed5-314a-43e5-b1aa-13fc9216b765/resource/0c2785f6-d2af-4a7f-8111-2fa8becb8e4a/download/44213_yufu_yufuin_to02_bu_flo.csv
bodik,BODIK ODCS,大分県,440001_city_plan_442135b,都市計画基礎調査データ（由布市湯布院町）,https://data.bodik.jp/dataset/440001_city_plan_442135b,Creative Commons Attribution 4.0 International,efd3b78d-c9a6-4cec-9314-def7182cc47b,由布市_湯布院_建物利用現況_建築年.csv,CSV,679,建物,tabular,strict,https://data.bodik.jp/dataset/50626ed5-314a-43e5-b1aa-13fc9216b765/resource/efd3b78d-c9a6-4cec-9314-def7182cc47b/download/44213_yufu_yufuin_to03_bu_age.csv
bodik,BODIK ODCS,大分県,440001_city_plan_442135b,都市計画基礎調査データ（由布市湯布院町）,https://data.bodik.jp/dataset/440001_city_plan_442135b,Creative Commons Attribution 4.0 International,3d093326-a76a-4744-bebd-87c141e3f2ce,由布市_湯布院_建物利用現況_建築面積.csv,CSV,665,建物,tabular,strict,https://data.bodik.jp/dataset/50626ed5-314a-43e5-b1aa-13fc9216b765/resource/3d093326-a76a-4744-bebd-87c141e3f2ce/download/44213_yufu_yufuin_to04_bu_2area.csv
bodik,BODIK ODCS,大分県,440001_city_plan_442135b,都市計画基礎調査データ（由布市湯布院町）,https://data.bodik.jp/dataset/440001_city_plan_442135b,Creative Commons Attribution 4.0 International,2db2414b-9902-44e9-94a1-a18a14588dfd,由布市_湯布院_建物利用現況_建物用途（延床面積）.csv,CSV,1213,建物,tabular,strict,https://data.bodik.jp/dataset/50626ed5-314a-43e5-b1aa-13fc9216b765/resource/2db2414b-9902-44e9-94a1-a18a14588dfd/download/44213_yufu_yufuin_to05_bu_use_area.csv
bodik,BODIK ODCS,大分県,440001_city_plan_442135b,都市計画基礎調査データ（由布市湯布院町）,https://data.bodik.jp/dataset/440001_city_plan_442135b,Creative Commons Attribution 4.0 International,57c794b9-9f39-4c4a-be09-ac7b541982b4,由布市_湯布院_建物利用現況_建物用途（建築面積）.csv,CSV,1213,建物,tabular,strict,https://data.bodik.jp/dataset/50626ed5-314a-43e5-b1aa-13fc9216b765/resource/57c794b9-9f39-4c4a-be09-ac7b541982b4/download/44213_yufu_yufuin_to06_bu_use_2area.csv
bodik,BODIK ODCS,大分県,440001_city_plan_442135b,都市計画基礎調査データ（由布市湯布院町）,https://data.bodik.jp/dataset/440001_city_plan_442135b,Creative Commons Attribution 4.0 International,80884e0e-052a-46c1-b8ac-15023baa492a,由布市_湯布院_建物利用現況_建物用途（棟数）.csv,CSV,924,建物,tabular,strict,https://data.bodik.jp/dataset/50626ed5-314a-43e5-b1aa-13fc9216b765/resource/80884e0e-052a-46c1-b8ac-15023baa492a/download/44213_yufu_yufuin_to07_bu_use_num.csv
bodik,BODIK ODCS,大分県,440001_city_plan_442135b,都市計画基礎調査データ（由布市湯布院町）,https://data.bodik.jp/dataset/440001_city_plan_442135b,Creative Commons Attribution 4.0 International,5d600726-e551-4816-ac36-4f6f68e728e7,由布市_湯布院_建物利用現況_構造.csv,CSV,637,建物,tabular,strict,https://data.bodik.jp/dataset/50626ed5-314a-43e5-b1aa-13fc9216b765/resource/5d600726-e551-4816-ac36-4f6f68e728e7/download/44213_yufu_yufuin_to08_bu_use_st.csv
bodik,BODIK ODCS,大分県,440001_city_plan_442135b,都市計画基礎調査データ（由布市湯布院町）,https://data.bodik.jp/dataset/440001_city_plan_442135b,Creative Commons Attribution 4.0 International,c99d01fb-9533-4d83-9902-3fed1470db6f,由布市_湯布院_建物利用現況_耐火構造種別.csv,CSV,442,建物,tabular,strict,https://data.bodik.jp/dataset/50626ed5-314a-43e5-b1aa-13fc9216b765/resource/c99d01fb-9533-4d83-9902-3fed1470db6f/download/44213_yufu_yufuin_to09_bu_use_fire.csv
bodik,BODIK ODCS,大分県,440001_city_plan_442135b,都市計画基礎調査データ（由布市湯布院町）,https://data.bodik.jp/dataset/440001_city_plan_442135b,Creative Commons Attribution 4.0 International,b8f20ac3-45f1-4555-89d7-4694881d3114,由布市_湯布院_土地利用現況_用途別土地利用面積.csv,CSV,1232,土地利用,tabular,strict,https://data.bodik.jp/dataset/50626ed5-314a-43e5-b1aa-13fc9216b765/resource/b8f20ac3-45f1-4555-89d7-4694881d3114/download/44213_yufu_yufuin_to10_la.csv
bodik,BODIK ODCS,大分県,440001_city_plan_442135b,都市計画基礎調査データ（由布市湯布院町）,https://data.bodik.jp/dataset/440001_city_plan_442135b,Creative Commons Attribution 4.0 International,d4d2789a-38b1-41f9-9800-e83361897e74,由布市_湯布院_小地域境界図_建物利用現況.pdf,PDF,4715341,建物,document,strict,https://data.bodik.jp/dataset/50626ed5-314a-43e5-b1aa-13fc9216b765/resource/d4d2789a-38b1-41f9-9800-e83361897e74/download/___.pdf
bodik,BODIK ODCS,大分県,440001_city_plan_442135b,都市計画基礎調査データ（由布市湯布院町）,https://data.bodik.jp/dataset/440001_city_plan_442135b,Creative Commons Attribution 4.0 International,28a396fc-64f2-4e70-bea2-9e22825281dc,由布市_湯布院_小地域境界図_土地利用現況.pdf,PDF,4851043,土地利用,document,strict,https://data.bodik.jp/dataset/50626ed5-314a-43e5-b1aa-13fc9216b765/resource/28a396fc-64f2-4e70-bea2-9e22825281dc/download/___.pdf
bodik,BODIK ODCS,大分県,440001_city_plan_442135b,都市計画基礎調査データ（由布市湯布院町）,https://data.bodik.jp/dataset/440001_city_plan_442135b,Creative Commons Attribution 4.0 International,a692be05-1999-4673-b3d7-5a6479cb0f15,C0101_人口規模.csv,CSV,28802,人口,tabular,strict,https://data.bodik.jp/dataset/50626ed5-314a-43e5-b1aa-13fc9216b765/resource/a692be05-1999-4673-b3d7-5a6479cb0f15/download/c0101_.csv
bodik,BODIK ODCS,大分県,440001_city_plan_442135a,都市計画基礎調査データ（由布市挾間町）,https://data.bodik.jp/dataset/440001_city_plan_442135a,Creative Commons Attribution 4.0 International,1c0e479c-169f-4069-b29e-27b17dcfbf8e,GISデータ（shp）一式（由布市_挾間）,ZIP,2349151,,archive,strict,https://data.bodik.jp/dataset/6491ce95-b84b-4ac3-9460-074e645de0a5/resource/1c0e479c-169f-4069-b29e-27b17dcfbf8e/download/2021yuhu_hasama_gis.zip
bodik,BODIK ODCS,大分県,440001_city_plan_442135a,都市計画基礎調査データ（由布市挾間町）,https://data.bodik.jp/dataset/440001_city_plan_442135a,Creative Commons Attribution 4.0 International,047a2cd6-633e-40d8-a60c-f24a0e59f099,由布市_挾間_建物利用現況_延床面積.csv,CSV,1520,建物,tabular,strict,https://data.bodik.jp/dataset/6491ce95-b84b-4ac3-9460-074e645de0a5/resource/047a2cd6-633e-40d8-a60c-f24a0e59f099/download/44213_yufu_hasama_to01_bu_area.csv
bodik,BODIK ODCS,大分県,440001_city_plan_442135a,都市計画基礎調査データ（由布市挾間町）,https://data.bodik.jp/dataset/440001_city_plan_442135a,Creative Commons Attribution 4.0 International,f30acc47-4e22-4956-a1b9-004ac32a17f1,由布市_挾間_建物利用現況_階数（地下、地上）.csv,CSV,1927,建物,tabular,strict,https://data.bodik.jp/dataset/6491ce95-b84b-4ac3-9460-074e645de0a5/resource/f30acc47-4e22-4956-a1b9-004ac32a17f1/download/44213_yufu_hasama_to02_bu_flo.csv
bodik,BODIK ODCS,大分県,440001_city_plan_442135a,都市計画基礎調査データ（由布市挾間町）,https://data.bodik.jp/dataset/440001_city_plan_442135a,Creative Commons Attribution 4.0 International,3d5b5430-bb9f-4f8c-8759-c4d69115e043,由布市_挾間_建物利用現況_建築年.csv,CSV,1350,建物,tabular,strict,https://data.bodik.jp/dataset/6491ce95-b84b-4ac3-9460-074e645de0a5/resource/3d5b5430-bb9f-4f8c-8759-c4d69115e043/download/44213_yufu_hasama_to03_bu_age.csv
bodik,BODIK ODCS,大分県,440001_city_plan_442135a,都市計画基礎調査データ（由布市挾間町）,https://data.bodik.jp/dataset/440001_city_plan_442135a,Creative Commons Attribution 4.0 International,cf624db0-cfc4-4179-8eb2-666e9d872306,由布市_挾間_建物利用現況_建築面積.csv,CSV,1468,建物,tabular,strict,https://data.bodik.jp/dataset/6491ce95-b84b-4ac3-9460-074e645de0a5/resource/cf624db0-cfc4-4179-8eb2-666e9d872306/download/44213_yufu_hasama_to04_bu_2area.csv
bodik,BODIK ODCS,大分県,440001_city_plan_442135a,都市計画基礎調査データ（由布市挾間町）,https://data.bodik.jp/dataset/440001_city_plan_442135a,Creative Commons Attribution 4.0 International,e319d136-d441-498c-8a81-57e88986dcb6,由布市_挾間_建物利用現況_建物用途（延床面積）.csv,CSV,2409,建物,tabular,strict,https://data.bodik.jp/dataset/6491ce95-b84b-4ac3-9460-074e645de0a5/resource/e319d136-d441-498c-8a81-57e88986dcb6/download/44213_yufu_hasama_to05_bu_use_area.csv
bodik,BODIK ODCS,大分県,440001_city_plan_442135a,都市計画基礎調査データ（由布市挾間町）,https://data.bodik.jp/dataset/440001_city_plan_442135a,Creative Commons Attribution 4.0 International,39ed4e7b-73b6-475e-8a54-7e65ce20e2c0,由布市_挾間_建物利用現況_建物用途（建築面積）.csv,CSV,2402,建物,tabular,strict,https://data.bodik.jp/dataset/6491ce95-b84b-4ac3-9460-074e645de0a5/resource/39ed4e7b-73b6-475e-8a54-7e65ce20e2c0/download/44213_yufu_hasama_to06_bu_use_2area.csv
bodik,BODIK ODCS,大分県,440001_city_plan_442135a,都市計画基礎調査データ（由布市挾間町）,https://data.bodik.jp/dataset/440001_city_plan_442135a,Creative Commons Attribution 4.0 International,24604f1d-ca51-4deb-828b-1ac9a7e13736,由布市_挟間_建物利用現況_構造.csv,CSV,1284,建物,tabular,strict,https://data.bodik.jp/dataset/6491ce95-b84b-4ac3-9460-074e645de0a5/resource/24604f1d-ca51-4deb-828b-1ac9a7e13736/download/44213_yufu_hasama_to08_bu_use_st.csv
bodik,BODIK ODCS,大分県,440001_city_plan_442135a,都市計画基礎調査データ（由布市挾間町）,https://data.bodik.jp/dataset/440001_city_plan_442135a,Creative Commons Attribution 4.0 International,bc419029-db87-44df-89ea-a9ff42f302d5,由布市_挾間_建物利用現況_建物用途（棟数）.csv,CSV,1820,建物,tabular,strict,https://data.bodik.jp/dataset/6491ce95-b84b-4ac3-9460-074e645de0a5/resource/bc419029-db87-44df-89ea-a9ff42f302d5/download/44213_yufu_hasama_to07_bu_use_num.csv
bodik,BODIK ODCS,大分県,440001_city_plan_442135a,都市計画基礎調査データ（由布市挾間町）,https://data.bodik.jp/dataset/440001_city_plan_442135a,Creative Commons Attribution 4.0 International,40962737-eb26-4d3e-ab72-a9ce13ec3c4a,由布市_挾間_建物利用現況_耐火構造種別.csv,CSV,1018,建物,tabular,strict,https://data.bodik.jp/dataset/6491ce95-b84b-4ac3-9460-074e645de0a5/resource/40962737-eb26-4d3e-ab72-a9ce13ec3c4a/download/44213_yufu_hasama_to09_bu_use_fire.csv
bodik,BODIK ODCS,大分県,440001_city_plan_442135a,都市計画基礎調査データ（由布市挾間町）,https://data.bodik.jp/dataset/440001_city_plan_442135a,Creative Commons Attribution 4.0 International,3f81b1a7-1912-430c-9c52-cc33022d11bb,由布市_挾間_土地利用現況_用途別土地利用面積.csv,CSV,2568,土地利用,tabular,strict,https://data.bodik.jp/dataset/6491ce95-b84b-4ac3-9460-074e645de0a5/resource/3f81b1a7-1912-430c-9c52-cc33022d11bb/download/44213_yufu_hasama_to10_la.csv
bodik,BODIK ODCS,大分県,440001_city_plan_442135a,都市計画基礎調査データ（由布市挾間町）,https://data.bodik.jp/dataset/440001_city_plan_442135a,Creative Commons Attribution 4.0 International,4c214919-330c-491a-a609-fee6896e8942,由布市_挾間_小地域境界図_建物利用現況.pdf,PDF,4701712,建物,document,strict,https://data.bodik.jp/dataset/6491ce95-b84b-4ac3-9460-074e645de0a5/resource/4c214919-330c-491a-a609-fee6896e8942/download/___.pdf
bodik,BODIK ODCS,大分県,440001_city_plan_442135a,都市計画基礎調査データ（由布市挾間町）,https://data.bodik.jp/dataset/440001_city_plan_442135a,Creative Commons Attribution 4.0 International,561fadf8-375e-42ec-a775-e25cc0a1db34,由布市_挾間_小地域境界図_土地利用現況.pdf,PDF,4901707,土地利用,document,strict,https://data.bodik.jp/dataset/6491ce95-b84b-4ac3-9460-074e645de0a5/resource/561fadf8-375e-42ec-a775-e25cc0a1db34/download/___.pdf
bodik,BODIK ODCS,大分県,440001_city_plan_442135a,都市計画基礎調査データ（由布市挾間町）,https://data.bodik.jp/dataset/440001_city_plan_442135a,Creative Commons Attribution 4.0 International,aa073b02-00c0-4743-b9a7-d214f4a36d79,C0101_人口規模.csv,CSV,28802,人口,tabular,strict,https://data.bodik.jp/dataset/6491ce95-b84b-4ac3-9460-074e645de0a5/resource/aa073b02-00c0-4743-b9a7-d214f4a36d79/download/c0101_.csv
bodik,BODIK ODCS,茅野市,202142_r3tohsikeikakukmz,令和3年度都市計画基礎調査データ一覧（KMZ）,https://data.bodik.jp/dataset/202142_r3tohsikeikakukmz,Creative Commons Attribution 4.0 International,c6b06cb7-27f8-4ebc-9dce-8cff0f4b4c62,3-1_建築協定.kmz,KMZ,17071,建物,geo,strict,https://data.bodik.jp/dataset/b526e093-90ae-46c0-acb2-6d389e4920b6/resource/c6b06cb7-27f8-4ebc-9dce-8cff0f4b4c62/download/3-1_.kmz
bodik,BODIK ODCS,茅野市,202142_r3tohsikeikakukmz,令和3年度都市計画基礎調査データ一覧（KMZ）,https://data.bodik.jp/dataset/202142_r3tohsikeikakukmz,Creative Commons Attribution 4.0 International,1ae6d7ec-4a64-42ee-b9d2-0f34f82b756d,3-2_高度地区.kmz,KMZ,12375,,geo,strict,https://data.bodik.jp/dataset/b526e093-90ae-46c0-acb2-6d389e4920b6/resource/1ae6d7ec-4a64-42ee-b9d2-0f34f82b756d/download/3-2_.kmz
bodik,BODIK ODCS,茅野市,202142_r3tohsikeikakukmz,令和3年度都市計画基礎調査データ一覧（KMZ）,https://data.bodik.jp/dataset/202142_r3tohsikeikakukmz,Creative Commons Attribution 4.0 International,c256a2c4-1134-4b3d-a92b-5fa52c7110b8,3-3_宅地開発状況.kmz,KMZ,36940,土地利用,geo,strict,https://data.bodik.jp/dataset/b526e093-90ae-46c0-acb2-6d389e4920b6/resource/c256a2c4-1134-4b3d-a92b-5fa52c7110b8/download/3-3_.kmz
bodik,BODIK ODCS,茅野市,202142_r3tohsikeikakukmz,令和3年度都市計画基礎調査データ一覧（KMZ）,https://data.bodik.jp/dataset/202142_r3tohsikeikakukmz,Creative Commons Attribution 4.0 International,36e40b79-7d72-4959-8fdf-27306c9be987,3-4_地区計画.kmz,KMZ,15609,,geo,strict,https://data.bodik.jp/dataset/b526e093-90ae-46c0-acb2-6d389e4920b6/resource/36e40b79-7d72-4959-8fdf-27306c9be987/download/3-4_.kmz
bodik,BODIK ODCS,茅野市,202142_r3tohsikeikakukmz,令和3年度都市計画基礎調査データ一覧（KMZ）,https://data.bodik.jp/dataset/202142_r3tohsikeikakukmz,Creative Commons Attribution 4.0 International,a4ba7dcc-9f2d-44ff-b60f-c07e91628051,3-5_土地利用.kmz,KMZ,24174171,土地利用,geo,strict,https://data.bodik.jp/dataset/b526e093-90ae-46c0-acb2-6d389e4920b6/resource/a4ba7dcc-9f2d-44ff-b60f-c07e91628051/download/3-5_.kmz
bodik,BODIK ODCS,茅野市,202142_r3tohsikeikakukmz,令和3年度都市計画基礎調査データ一覧（KMZ）,https://data.bodik.jp/dataset/202142_r3tohsikeikakukmz,Creative Commons Attribution 4.0 International,67b86e9e-c1e8-4313-a1dd-cbef2e325cbd,3-6_新築状況×新築状況.kmz,KMZ,35146,,geo,strict,https://data.bodik.jp/dataset/b526e093-90ae-46c0-acb2-6d389e4920b6/resource/67b86e9e-c1e8-4313-a1dd-cbef2e325cbd/download/3-6_.kmz
bodik,BODIK ODCS,茅野市,202142_r3tohsikeikakukmz,令和3年度都市計画基礎調査データ一覧（KMZ）,https://data.bodik.jp/dataset/202142_r3tohsikeikakukmz,Creative Commons Attribution 4.0 International,9970bdeb-6dfa-4421-94e1-df8b6bf5aab2,3-7_開発許可×開発許可.kmz,KMZ,17503,土地利用,geo,strict,https://data.bodik.jp/dataset/b526e093-90ae-46c0-acb2-6d389e4920b6/resource/9970bdeb-6dfa-4421-94e1-df8b6bf5aab2/download/3-7_.kmz
bodik,BODIK ODCS,茅野市,202142_r3tohsikeikakukmz,令和3年度都市計画基礎調査データ一覧（KMZ）,https://data.bodik.jp/dataset/202142_r3tohsikeikakukmz,Creative Commons Attribution 4.0 International,d9afff68-0b3e-4f57-a162-db1bb38b24f7,3-8_農地転用×農地転用.kmz,KMZ,28698,土地利用,geo,strict,https://data.bodik.jp/dataset/b526e093-90ae-46c0-acb2-6d389e4920b6/resource/d9afff68-0b3e-4f57-a162-db1bb38b24f7/download/3-8_.kmz
bodik,BODIK ODCS,茅野市,202142_r3tohsikeikakukmz,令和3年度都市計画基礎調査データ一覧（KMZ）,https://data.bodik.jp/dataset/202142_r3tohsikeikakukmz,Creative Commons Attribution 4.0 International,7228d840-e11e-4427-bc4d-f1d9b0696862,4-1_建物用途.kmz,KMZ,8947217,建物,geo,strict,https://data.bodik.jp/dataset/b526e093-90ae-46c0-acb2-6d389e4920b6/resource/7228d840-e11e-4427-bc4d-f1d9b0696862/download/4-1_.kmz
bodik,BODIK ODCS,茅野市,202142_r3tohsikeikakukmz,令和3年度都市計画基礎調査データ一覧（KMZ）,https://data.bodik.jp/dataset/202142_r3tohsikeikakukmz,Creative Commons Attribution 4.0 International,804aa9bb-30f6-44ec-9f3f-0cab62b8d835,5-1_その他の都市施設.kmz,KMZ,17217,都市施設,geo,strict,https://data.bodik.jp/dataset/b526e093-90ae-46c0-acb2-6d389e4920b6/resource/804aa9bb-30f6-44ec-9f3f-0cab62b8d835/download/5-1_.kmz
bodik,BODIK ODCS,茅野市,202142_r3tohsikeikakukmz,令和3年度都市計画基礎調査データ一覧（KMZ）,https://data.bodik.jp/dataset/202142_r3tohsikeikakukmz,Creative Commons Attribution 4.0 International,b445ec93-858e-444f-b1ae-96f7b9ecfc69,5-2_下水道.kmz,KMZ,277140,都市施設,geo,strict,https://data.bodik.jp/dataset/b526e093-90ae-46c0-acb2-6d389e4920b6/resource/b445ec93-858e-444f-b1ae-96f7b9ecfc69/download/5-2_.kmz
bodik,BODIK ODCS,茅野市,202142_r3tohsikeikakukmz,令和3年度都市計画基礎調査データ一覧（KMZ）,https://data.bodik.jp/dataset/202142_r3tohsikeikakukmz,Creative Commons Attribution 4.0 International,54091b09-a125-445e-a9a5-568356451353,5-3_都市計画道路.kmz,KMZ,63937,都市施設,geo,strict,https://data.bodik.jp/dataset/b526e093-90ae-46c0-acb2-6d389e4920b6/resource/54091b09-a125-445e-a9a5-568356451353/download/5-3_.kmz
bodik,BODIK ODCS,茅野市,202142_r3tohsikeikakukmz,令和3年度都市計画基礎調査データ一覧（KMZ）,https://data.bodik.jp/dataset/202142_r3tohsikeikakukmz,Creative Commons Attribution 4.0 International,1b090c6a-7274-4c17-9fdb-bab7b9c87f21,5-4_都市公園.kmz,KMZ,27656,都市施設,geo,strict,https://data.bodik.jp/dataset/b526e093-90ae-46c0-acb2-6d389e4920b6/resource/1b090c6a-7274-4c17-9fdb-bab7b9c87f21/download/5-4_.kmz
bodik,BODIK ODCS,茅野市,202142_r3tohsikeikakukmz,令和3年度都市計画基礎調査データ一覧（KMZ）,https://data.bodik.jp/dataset/202142_r3tohsikeikakukmz,Creative Commons Attribution 4.0 International,7cf77a17-4566-4fd7-8c0d-367eedecbe94,6-1_バス停.kmz,KMZ,14558,,geo,strict,https://data.bodik.jp/dataset/b526e093-90ae-46c0-acb2-6d389e4920b6/resource/7cf77a17-4566-4fd7-8c0d-367eedecbe94/download/6-1_.kmz
bodik,BODIK ODCS,茅野市,202142_r3tohsikeikakukmz,令和3年度都市計画基礎調査データ一覧（KMZ）,https://data.bodik.jp/dataset/202142_r3tohsikeikakukmz,Creative Commons Attribution 4.0 International,3b913715-ad1a-4b7d-94aa-05c04dfd82f6,6-2_バス路線.kmz,KMZ,99996,,geo,strict,https://data.bodik.jp/dataset/b526e093-90ae-46c0-acb2-6d389e4920b6/resource/3b913715-ad1a-4b7d-94aa-05c04dfd82f6/download/6-2_.kmz
bodik,BODIK ODCS,茅野市,202142_r3tohsikeikakukmz,令和3年度都市計画基礎調査データ一覧（KMZ）,https://data.bodik.jp/dataset/202142_r3tohsikeikakukmz,Creative Commons Attribution 4.0 International,aab84a13-64b1-4925-9d01-a800464247d8,7-1_地価×地価.kmz,KMZ,16052,地価,geo,strict,https://data.bodik.jp/dataset/b526e093-90ae-46c0-acb2-6d389e4920b6/resource/aab84a13-64b1-4925-9d01-a800464247d8/download/7-1_.kmz
bodik,BODIK ODCS,茅野市,202142_r3tohsikeikakukmz,令和3年度都市計画基礎調査データ一覧（KMZ）,https://data.bodik.jp/dataset/202142_r3tohsikeikakukmz,Creative Commons Attribution 4.0 International,10b9a389-4bab-4ced-bcce-c3d90741cbc9,8-1_緑の状況.kmz,KMZ,13567028,,geo,strict,https://data.bodik.jp/dataset/b526e093-90ae-46c0-acb2-6d389e4920b6/resource/10b9a389-4bab-4ced-bcce-c3d90741cbc9/download/8-1_.kmz
bodik,BODIK ODCS,茅野市,202142_r3tohsikeikakukmz,令和3年度都市計画基礎調査データ一覧（KMZ）,https://data.bodik.jp/dataset/202142_r3tohsikeikakukmz,Creative Commons Attribution 4.0 International,1f5d1c19-b1a7-4eb9-94f6-052ea00fe976,9-1_水害×水害.kmz,KMZ,17369,,geo,strict,https://data.bodik.jp/dataset/b526e093-90ae-46c0-acb2-6d389e4920b6/resource/1f5d1c19-b1a7-4eb9-94f6-052ea00fe976/download/9-1_.kmz
bodik,BODIK ODCS,茅野市,202142_r3tohsikeikakukmz,令和3年度都市計画基礎調査データ一覧（KMZ）,https://data.bodik.jp/dataset/202142_r3tohsikeikakukmz,Creative Commons Attribution 4.0 International,7e876d2a-789c-42b0-809c-b414bad479f3,9-2_排水管弁栓×排水管弁栓.kmz,KMZ,42640,,geo,strict,https://data.bodik.jp/dataset/b526e093-90ae-46c0-acb2-6d389e4920b6/resource/7e876d2a-789c-42b0-809c-b414bad479f3/download/9-2_.kmz
bodik,BODIK ODCS,茅野市,202142_r3tohsikeikakukmz,令和3年度都市計画基礎調査データ一覧（KMZ）,https://data.bodik.jp/dataset/202142_r3tohsikeikakukmz,Creative Commons Attribution 4.0 International,f21fa086-4c77-4a5f-afb2-e9cdc443537a,9-3_避難所×避難所.kmz,KMZ,18581,,geo,strict,https://data.bodik.jp/dataset/b526e093-90ae-46c0-acb2-6d389e4920b6/resource/f21fa086-4c77-4a5f-afb2-e9cdc443537a/download/9-3_.kmz
bodik,BODIK ODCS,茅野市,202142_r3tohsikeikakukmz,令和3年度都市計画基礎調査データ一覧（KMZ）,https://data.bodik.jp/dataset/202142_r3tohsikeikakukmz,Creative Commons Attribution 4.0 International,7e7685a8-b9e9-4de8-ba98-e172e2dbc85e,9-4_防火水槽.kmz,KMZ,29415,,geo,strict,https://data.bodik.jp/dataset/b526e093-90ae-46c0-acb2-6d389e4920b6/resource/7e7685a8-b9e9-4de8-ba98-e172e2dbc85e/download/9-4_.kmz
bodik,BODIK ODCS,厚木市,142123_p_46573,第11回(令和2年度)神奈川県都市計画基礎調査(市調査),https://www.city.atsugi.kanagawa.jp/soshiki/toshikeikakuka/1/46573.html,Creative Commons Attribution 4.0 International,7c0f0178-a7d6-43df-b3ed-98413953ec2d,オープンデータデータ定義書,PDF,2286782,,document,strict,https://data.bodik.jp/dataset/660a378f-162d-467b-99d4-169ba4113db8/resource/7c0f0178-a7d6-43df-b3ed-98413953ec2d/download/datateigi_r2_kisocyou.pdf
bodik,BODIK ODCS,厚木市,142123_p_46573,第11回(令和2年度)神奈川県都市計画基礎調査(市調査),https://www.city.atsugi.kanagawa.jp/soshiki/toshikeikakuka/1/46573.html,Creative Commons Attribution 4.0 International,ef6fad3a-d8c8-4653-adac-b210c1687f0e,1a1b_調査区名称及びその特性,ZIP,671238,,archive,strict,https://data.bodik.jp/dataset/660a378f-162d-467b-99d4-169ba4113db8/resource/ef6fad3a-d8c8-4653-adac-b210c1687f0e/download/1a1b_az5r02z.zip
bodik,BODIK ODCS,厚木市,142123_p_46573,第11回(令和2年度)神奈川県都市計画基礎調査(市調査),https://www.city.atsugi.kanagawa.jp/soshiki/toshikeikakuka/1/46573.html,Creative Commons Attribution 4.0 International,b2505603-43e1-4283-bb52-b7d014b760b5,図68_誘導区域変遷,ZIP,86630,,archive,strict,https://data.bodik.jp/dataset/660a378f-162d-467b-99d4-169ba4113db8/resource/b2505603-43e1-4283-bb52-b7d014b760b5/download/68_yudo.zip
bodik,BODIK ODCS,厚木市,142123_p_46573,第11回(令和2年度)神奈川県都市計画基礎調査(市調査),https://www.city.atsugi.kanagawa.jp/soshiki/toshikeikakuka/1/46573.html,Creative Commons Attribution 4.0 International,921b4420-0b01-443f-89eb-a6d22c5df5b2,図10a_建物用途別棟数,ZIP,673541,建物,archive,strict,https://data.bodik.jp/dataset/660a378f-162d-467b-99d4-169ba4113db8/resource/921b4420-0b01-443f-89eb-a6d22c5df5b2/download/10a_house2020.zip
bodik,BODIK ODCS,厚木市,142123_p_46573,第11回(令和2年度)神奈川県都市計画基礎調査(市調査),https://www.city.atsugi.kanagawa.jp/soshiki/toshikeikakuka/1/46573.html,Creative Commons Attribution 4.0 International,96f5a914-3cc5-4b66-9e35-f3b97bd617fa,図10b1_建築面積,ZIP,683398,建物,archive,strict,https://data.bodik.jp/dataset/660a378f-162d-467b-99d4-169ba4113db8/resource/96f5a914-3cc5-4b66-9e35-f3b97bd617fa/download/10b1_k_menseki.zip
bodik,BODIK ODCS,厚木市,142123_p_46573,第11回(令和2年度)神奈川県都市計画基礎調査(市調査),https://www.city.atsugi.kanagawa.jp/soshiki/toshikeikakuka/1/46573.html,Creative Commons Attribution 4.0 International,9fceb61d-e7c2-42ee-b2b5-b338af95cc62,図10b2_延床面積,ZIP,684454,建物,archive,strict,https://data.bodik.jp/dataset/660a378f-162d-467b-99d4-169ba4113db8/resource/9fceb61d-e7c2-42ee-b2b5-b338af95cc62/download/10b2_n_menseki.zip
bodik,BODIK ODCS,厚木市,142123_p_46573,第11回(令和2年度)神奈川県都市計画基礎調査(市調査),https://www.city.atsugi.kanagawa.jp/soshiki/toshikeikakuka/1/46573.html,Creative Commons Attribution 4.0 International,7158d97d-8405-429d-ad8e-afa48e6695ac,図10c1_建築面積規模別棟数,ZIP,674450,建物,archive,strict,https://data.bodik.jp/dataset/660a378f-162d-467b-99d4-169ba4113db8/resource/7158d97d-8405-429d-ad8e-afa48e6695ac/download/10c1_k_kibomenseki.zip
bodik,BODIK ODCS,厚木市,142123_p_46573,第11回(令和2年度)神奈川県都市計画基礎調査(市調査),https://www.city.atsugi.kanagawa.jp/soshiki/toshikeikakuka/1/46573.html,Creative Commons Attribution 4.0 International,34d60bf2-d081-44a9-8c2f-5833f8bbd2b8,図10c2_延床面積規模別棟数,ZIP,675344,建物,archive,strict,https://data.bodik.jp/dataset/660a378f-162d-467b-99d4-169ba4113db8/resource/34d60bf2-d081-44a9-8c2f-5833f8bbd2b8/download/10c2_n_kibomenseki.zip
bodik,BODIK ODCS,厚木市,142123_p_46573,第11回(令和2年度)神奈川県都市計画基礎調査(市調査),https://www.city.atsugi.kanagawa.jp/soshiki/toshikeikakuka/1/46573.html,Creative Commons Attribution 4.0 International,5f182b08-a7dc-4745-8b4c-e7068c7c1716,図11_建物構造・階数別現況図,ZIP,667985,建物,archive,strict,https://data.bodik.jp/dataset/660a378f-162d-467b-99d4-169ba4113db8/resource/5f182b08-a7dc-4745-8b4c-e7068c7c1716/download/11_kouzoukai.zip
bodik,BODIK ODCS,厚木市,142123_p_46573,第11回(令和2年度)神奈川県都市計画基礎調査(市調査),https://www.city.atsugi.kanagawa.jp/soshiki/toshikeikakuka/1/46573.html,Creative Commons Attribution 4.0 International,8c9695b2-8303-4fb9-a477-fce64d012844,図12_土地利用現況図,ZIP,694434,土地利用,archive,strict,https://data.bodik.jp/dataset/660a378f-162d-467b-99d4-169ba4113db8/resource/8c9695b2-8303-4fb9-a477-fce64d012844/download/12_land2020.zip
bodik,BODIK ODCS,厚木市,142123_p_46573,第11回(令和2年度)神奈川県都市計画基礎調査(市調査),https://www.city.atsugi.kanagawa.jp/soshiki/toshikeikakuka/1/46573.html,Creative Commons Attribution 4.0 International,a6a1b37e-766b-4d30-8098-00b77ac2d1ad,21a_道路網密度・道路率,ZIP,685901,都市施設,archive,strict,https://data.bodik.jp/dataset/660a378f-162d-467b-99d4-169ba4113db8/resource/a6a1b37e-766b-4d30-8098-00b77ac2d1ad/download/21a_doro.zip
bodik,BODIK ODCS,厚木市,142123_p_46573,第11回(令和2年度)神奈川県都市計画基礎調査(市調査),https://www.city.atsugi.kanagawa.jp/soshiki/toshikeikakuka/1/46573.html,Creative Commons Attribution 4.0 International,5c4c15e3-c8b4-47c9-a081-75c6d0cd0598,図34_開発許可状況図,ZIP,663269,土地利用,archive,strict,https://data.bodik.jp/dataset/660a378f-162d-467b-99d4-169ba4113db8/resource/5c4c15e3-c8b4-47c9-a081-75c6d0cd0598/download/34_kaihatsu20.zip
bodik,BODIK ODCS,横須賀市,142018_00_22_toshikeikaku_11kisochousa,第11回（令和２年度）神奈川県都市計画基礎調査（市調査）,https://data.bodik.jp/dataset/142018_00_22_toshikeikaku_11kisochousa,Creative Commons Attribution 4.0 International,c248224f-4224-4e10-8c35-ba83177cc31d,1a1b調査区名称及びその特徴,ZIP,1193160,,archive,strict,https://data.bodik.jp/dataset/6303dc11-bb17-40b5-80ed-1d914529a405/resource/c248224f-4224-4e10-8c35-ba83177cc31d/download/1a1b.zip
bodik,BODIK ODCS,横須賀市,142018_00_22_toshikeikaku_11kisochousa,第11回（令和２年度）神奈川県都市計画基礎調査（市調査）,https://data.bodik.jp/dataset/142018_00_22_toshikeikaku_11kisochousa,Creative Commons Attribution 4.0 International,dd2fdc1f-40e9-47f8-8bf6-53ebf96aea0f,9b誘導区域内土地利用分類面積,XLS,77824,土地利用,tabular,strict,https://data.bodik.jp/dataset/6303dc11-bb17-40b5-80ed-1d914529a405/resource/dd2fdc1f-40e9-47f8-8bf6-53ebf96aea0f/download/9b.xls
bodik,BODIK ODCS,横須賀市,142018_00_22_toshikeikaku_11kisochousa,第11回（令和２年度）神奈川県都市計画基礎調査（市調査）,https://data.bodik.jp/dataset/142018_00_22_toshikeikaku_11kisochousa,Creative Commons Attribution 4.0 International,0269dd67-a866-40da-8199-71c6bb25b08b,21a道路網密度・道路率,ZIP,1196423,都市施設,archive,strict,https://data.bodik.jp/dataset/6303dc11-bb17-40b5-80ed-1d914529a405/resource/0269dd67-a866-40da-8199-71c6bb25b08b/download/21a.zip
bodik,BODIK ODCS,横須賀市,142018_00_22_toshikeikaku_11kisochousa,第11回（令和２年度）神奈川県都市計画基礎調査（市調査）,https://data.bodik.jp/dataset/142018_00_22_toshikeikaku_11kisochousa,Creative Commons Attribution 4.0 International,d944e215-7a93-4d86-a587-61a14eed08f6,図10a建物用途別棟数,,1197245,建物,other,strict,https://data.bodik.jp/dataset/6303dc11-bb17-40b5-80ed-1d914529a405/resource/d944e215-7a93-4d86-a587-61a14eed08f6/download/10a.zip
bodik,BODIK ODCS,横須賀市,142018_00_22_toshikeikaku_11kisochousa,第11回（令和２年度）神奈川県都市計画基礎調査（市調査）,https://data.bodik.jp/dataset/142018_00_22_toshikeikaku_11kisochousa,Creative Commons Attribution 4.0 International,64fd3978-12f0-4234-9d21-852e31b964fb,図10b1建築面積,ZIP,1209989,建物,archive,strict,https://data.bodik.jp/dataset/6303dc11-bb17-40b5-80ed-1d914529a405/resource/64fd3978-12f0-4234-9d21-852e31b964fb/download/10b1.zip
bodik,BODIK ODCS,横須賀市,142018_00_22_toshikeikaku_11kisochousa,第11回（令和２年度）神奈川県都市計画基礎調査（市調査）,https://data.bodik.jp/dataset/142018_00_22_toshikeikaku_11kisochousa,Creative Commons Attribution 4.0 International,a9212e36-1676-4231-85dd-3ec8503016cb,図10b2延床面積,ZIP,1211522,建物,archive,strict,https://data.bodik.jp/dataset/6303dc11-bb17-40b5-80ed-1d914529a405/resource/a9212e36-1676-4231-85dd-3ec8503016cb/download/10b2.zip
bodik,BODIK ODCS,横須賀市,142018_00_22_toshikeikaku_11kisochousa,第11回（令和２年度）神奈川県都市計画基礎調査（市調査）,https://data.bodik.jp/dataset/142018_00_22_toshikeikaku_11kisochousa,Creative Commons Attribution 4.0 International,be56bc2e-86ad-4688-9b53-3b542854b48f,図10c1建築面積規模別棟数,ZIP,1206443,建物,archive,strict,https://data.bodik.jp/dataset/6303dc11-bb17-40b5-80ed-1d914529a405/resource/be56bc2e-86ad-4688-9b53-3b542854b48f/download/10c1.zip
bodik,BODIK ODCS,横須賀市,142018_00_22_toshikeikaku_11kisochousa,第11回（令和２年度）神奈川県都市計画基礎調査（市調査）,https://data.bodik.jp/dataset/142018_00_22_toshikeikaku_11kisochousa,Creative Commons Attribution 4.0 International,6e4d0f39-9636-4b8a-92ae-8db69160954a,図10c2延床面積規模別棟数,ZIP,1207683,建物,archive,strict,https://data.bodik.jp/dataset/6303dc11-bb17-40b5-80ed-1d914529a405/resource/6e4d0f39-9636-4b8a-92ae-8db69160954a/download/10c2.zip
bodik,BODIK ODCS,横須賀市,142018_00_22_toshikeikaku_11kisochousa,第11回（令和２年度）神奈川県都市計画基礎調査（市調査）,https://data.bodik.jp/dataset/142018_00_22_toshikeikaku_11kisochousa,Creative Commons Attribution 4.0 International,94fbea70-4d24-400c-9fd2-42cd0012f9c5,図11建物構造・階数別現況図,ZIP,1192050,建物,archive,strict,https://data.bodik.jp/dataset/6303dc11-bb17-40b5-80ed-1d914529a405/resource/94fbea70-4d24-400c-9fd2-42cd0012f9c5/download/11.zip
bodik,BODIK ODCS,横須賀市,142018_00_22_toshikeikaku_11kisochousa,第11回（令和２年度）神奈川県都市計画基礎調査（市調査）,https://data.bodik.jp/dataset/142018_00_22_toshikeikaku_11kisochousa,Creative Commons Attribution 4.0 International,6830505c-dde2-43ba-9e96-435e10f38fd6,図12土地利用現況図,ZIP,1194565,土地利用,archive,strict,https://data.bodik.jp/dataset/6303dc11-bb17-40b5-80ed-1d914529a405/resource/6830505c-dde2-43ba-9e96-435e10f38fd6/download/12.zip
bodik,BODIK ODCS,横須賀市,142018_00_22_toshikeikaku_11kisochousa,第11回（令和２年度）神奈川県都市計画基礎調査（市調査）,https://data.bodik.jp/dataset/142018_00_22_toshikeikaku_11kisochousa,Creative Commons Attribution 4.0 International,43d241fd-38e9-4d8f-9877-5e18899895b6,図34開発許可状況図,ZIP,1184770,土地利用,archive,strict,https://data.bodik.jp/dataset/6303dc11-bb17-40b5-80ed-1d914529a405/resource/43d241fd-38e9-4d8f-9877-5e18899895b6/download/34.zip
bodik,BODIK ODCS,横須賀市,142018_00_22_toshikeikaku_11kisochousa,第11回（令和２年度）神奈川県都市計画基礎調査（市調査）,https://data.bodik.jp/dataset/142018_00_22_toshikeikaku_11kisochousa,Creative Commons Attribution 4.0 International,5c768d99-212f-41cd-b227-5a731c0f28e8,図68誘導区域変遷図,ZIP,1045959,,archive,strict,https://data.bodik.jp/dataset/6303dc11-bb17-40b5-80ed-1d914529a405/resource/5c768d99-212f-41cd-b227-5a731c0f28e8/download/68.zip
tokyo,東京都オープンデータカタログサイト,東京都都市整備局,t000008d0000000001,土地利用現況調査,https://www.toshiseibi.metro.tokyo.lg.jp/seisaku/tochi_c/tochi_4.html,クリエイティブ・コモンズ 表示（CC BY）,96d778cd-ace8-40a5-8133-167ff629d5cf,東京の土地利用　平成２３年の東京都区部地域,PDF,22020096,土地利用,document,alias,https://www.toshiseibi.metro.tokyo.lg.jp/seisaku/tochi_c/pdf/tochi_3/tochi_all.pdf?1407
tokyo,東京都オープンデータカタログサイト,東京都都市整備局,t000008d0000000001,土地利用現況調査,https://www.toshiseibi.metro.tokyo.lg.jp/seisaku/tochi_c/tochi_4.html,クリエイティブ・コモンズ 表示（CC BY）,a3002238-4b8f-4f4f-964a-d2f50a6848a9,東京の土地利用　平成２４年の多摩・島しょ地域,PDF,23068672,土地利用,document,alias,https://www.toshiseibi.metro.tokyo.lg.jp/seisaku/tochi_c/pdf/tochi_4/tochi_all.pdf
tokyo,東京都オープンデータカタログサイト,東京都都市整備局,t000008d2000000019,土地利用現況調査GISデータ,https://www.toshiseibi.metro.tokyo.lg.jp/about/chousa/tochi_c,その他,5940552d-04e0-4ffb-9d5a-a4e046f80a3f,土地利用現況調査　令和４年多摩・島しょ地域（シェープファイル）,ZIP,316669952,土地利用,archive,alias,https://data.storage.data.metro.tokyo.lg.jp/toshiseibi/R04.zip
tokyo,東京都オープンデータカタログサイト,東京都都市整備局,t000008d2000000019,土地利用現況調査GISデータ,https://www.toshiseibi.metro.tokyo.lg.jp/about/chousa/tochi_c,その他,da90f643-4925-4921-8d83-77809cebe80a,土地利用現況調査　令和３年区部（シェープファイル）,ZIP,371195904,土地利用,archive,alias,https://data.storage.data.metro.tokyo.lg.jp/toshiseibi/R03.zip
tokyo,東京都オープンデータカタログサイト,東京都都市整備局,t000008d2000000019,土地利用現況調査GISデータ,https://www.toshiseibi.metro.tokyo.lg.jp/about/chousa/tochi_c,その他,23e6b4ad-5bce-48f1-8358-a518de78b95a,土地利用現況調査　平成２９年多摩（シェープファイル）,ZIP,286261248,土地利用,archive,alias,https://data.storage.data.metro.tokyo.lg.jp/toshiseibi/H29.zip
tokyo,東京都オープンデータカタログサイト,東京都都市整備局,t000008d2000000019,土地利用現況調査GISデータ,https://www.toshiseibi.metro.tokyo.lg.jp/about/chousa/tochi_c,その他,a82b52ed-8da4-46c7-a55b-4b444e97d7fa,土地利用現況調査　平成２８年区部（シェープファイル）,ZIP,356515840,土地利用,archive,alias,https://data.storage.data.metro.tokyo.lg.jp/toshiseibi/H28.zip
tokyo,東京都オープンデータカタログサイト,東京都都市整備局,t000008d2000000019,土地利用現況調査GISデータ,https://www.toshiseibi.metro.tokyo.lg.jp/about/chousa/tochi_c,その他,f57ee039-d7da-46b1-9f92-5c3ec5e0d51f,土地利用現況調査　平成２４年多摩（シェープファイル）,ZIP,252706816,土地利用,archive,alias,https://data.storage.data.metro.tokyo.lg.jp/toshiseibi/H24.zip
tokyo,東京都オープンデータカタログサイト,東京都都市整備局,t000008d2000000019,土地利用現況調査GISデータ,https://www.toshiseibi.metro.tokyo.lg.jp/about/chousa/tochi_c,その他,f082a123-fcaf-41f0-9a14-99f468b767de,土地利用現況調査　平成２３年区部（シェープファイル）,ZIP,356515840,土地利用,archive,alias,https://data.storage.data.metro.tokyo.lg.jp/toshiseibi/H23.zip
tokyo,東京都オープンデータカタログサイト,東京都都市整備局,t000008d2000000019,土地利用現況調査GISデータ,https://www.toshiseibi.metro.tokyo.lg.jp/about/chousa/tochi_c,その他,3eb115fe-14a1-46c1-bc24-eb0ee9e4e53b,土地利用現況調査　平成１９年多摩（シェープファイル）,ZIP,292552704,土地利用,archive,alias,https://data.storage.data.metro.tokyo.lg.jp/toshiseibi/H19_tama.zip
tokyo,東京都オープンデータカタログサイト,東京都都市整備局,t000008d2000000019,土地利用現況調査GISデータ,https://www.toshiseibi.metro.tokyo.lg.jp/about/chousa/tochi_c,その他,73dfdc11-edc7-4401-8450-7b63cf2963c6,土地利用現況調査　平成１８年区部（シェープファイル）,ZIP,418381824,土地利用,archive,alias,https://data.storage.data.metro.tokyo.lg.jp/toshiseibi/H18_kubu.zip
tokyo,東京都オープンデータカタログサイト,東京都都市整備局,t000008d2000000019,土地利用現況調査GISデータ,https://www.toshiseibi.metro.tokyo.lg.jp/about/chousa/tochi_c,その他,d9c1b3e5-d46c-426a-b900-bf61dd4d150b,土地利用現況調査　平成１４年多摩（シェープファイル）,ZIP,173015040,土地利用,archive,alias,https://data.storage.data.metro.tokyo.lg.jp/toshiseibi/H14_tama.zip
tokyo,東京都オープンデータカタログサイト,東京都都市整備局,t000008d2000000019,土地利用現況調査GISデータ,https://www.toshiseibi.metro.tokyo.lg.jp/about/chousa/tochi_c,その他,50df37b2-eaf5-4075-92ec-44856043688c,土地利用現況調査　平成１３年区部（シェープファイル）,ZIP,268435456,土地利用,archive,alias,https://data.storage.data.metro.tokyo.lg.jp/toshiseibi/H13_kubu.zip
tokyo,東京都オープンデータカタログサイト,東京都都市整備局,t000008d2000000019,土地利用現況調査GISデータ,https://www.toshiseibi.metro.tokyo.lg.jp/about/chousa/tochi_c,その他,7b211db6-6245-42bb-a54a-ba46adba86a2,土地利用現況調査　平成９年多摩（シェープファイル）,ZIP,135266304,土地利用,archive,alias,https://data.storage.data.metro.tokyo.lg.jp/toshiseibi/H9_tama.zip
tokyo,東京都オープンデータカタログサイト,東京都都市整備局,t000008d2000000019,土地利用現況調査GISデータ,https://www.toshiseibi.metro.tokyo.lg.jp/about/chousa/tochi_c,その他,fc0aef95-b618-45a9-8009-383b82fd340e,土地利用現況調査　平成８年区部（シェープファイル）,ZIP,198180864,土地利用,archive,alias,https://data.storage.data.metro.tokyo.lg.jp/toshiseibi/H8_kubu.zip
tokyo,東京都オープンデータカタログサイト,東京都都市整備局,t000008d2000000019,土地利用現況調査GISデータ,https://www.toshiseibi.metro.tokyo.lg.jp/about/chousa/tochi_c,その他,57b5e7b9-6a53-454c-bc5c-8e0d608c7bd1,土地利用現況調査　平成４年多摩（シェープファイル）,ZIP,169869312,土地利用,archive,alias,https://data.storage.data.metro.tokyo.lg.jp/toshiseibi/H4_tama.zip
tokyo,東京都オープンデータカタログサイト,東京都都市整備局,t000008d2000000019,土地利用現況調査GISデータ,https://www.toshiseibi.metro.tokyo.lg.jp/about/chousa/tochi_c,その他,c89d50eb-cfd8-470a-9065-2f5a1a8d9f41,土地利用現況調査　平成３年区部（シェープファイル）,ZIP,257949696,土地利用,archive,alias,https://data.storage.data.metro.tokyo.lg.jp/toshiseibi/H3_kubu.zip
tokyo,東京都オープンデータカタログサイト,東京都都市整備局,t000008d2000000019,土地利用現況調査GISデータ,https://www.toshiseibi.metro.tokyo.lg.jp/about/chousa/tochi_c,その他,13c93883-5103-42e7-8319-4bee3aba1db3,土地利用現況調査　昭和６１年・昭和６２年（シェープファイル）,ZIP,494927872,土地利用,archive,alias,https://data.storage.data.metro.tokyo.lg.jp/toshiseibi/S61_62.zip
yokohama,横浜市オープンデータポータル,建築局,kenchiku_11kisochousa,第11回（令和２年度）神奈川県都市計画基礎調査（市調査）,https://www.city.yokohama.lg.jp/business/bunyabetsu/kenchiku/toshikeikaku/yoko/sankou/11kisochousa.html,Creative Commons Attribution,83108b26-222e-40b5-841c-57bbcfb72eb8,オープンデータ定義書,PDF,422792,,document,strict,https://www.city.yokohama.lg.jp/business/bunyabetsu/kenchiku/toshikeikaku/yoko/sankou/11kisochousa.files/0004_20250630.pdf
yokohama,横浜市オープンデータポータル,建築局,kenchiku_11kisochousa,第11回（令和２年度）神奈川県都市計画基礎調査（市調査）,https://www.city.yokohama.lg.jp/business/bunyabetsu/kenchiku/toshikeikaku/yoko/sankou/11kisochousa.html,Creative Commons Attribution,14e7cc22-9a36-4cd8-b94a-5dce8409d293,1a1b_調査区名称及びその特性,ZIP,2476822,,archive,strict,https://www.city.yokohama.lg.jp/business/bunyabetsu/kenchiku/toshikeikaku/yoko/sankou/11kisochousa.files/0022_20250715.zip
yokohama,横浜市オープンデータポータル,建築局,kenchiku_11kisochousa,第11回（令和２年度）神奈川県都市計画基礎調査（市調査）,https://www.city.yokohama.lg.jp/business/bunyabetsu/kenchiku/toshikeikaku/yoko/sankou/11kisochousa.html,Creative Commons Attribution,bd641890-329b-4040-8d31-e82456cd46ec,図10a_建物用途別現況図,ZIP,2487864,建物,archive,strict,https://www.city.yokohama.lg.jp/business/bunyabetsu/kenchiku/toshikeikaku/yoko/sankou/11kisochousa.files/0010_20250630.zip
yokohama,横浜市オープンデータポータル,建築局,kenchiku_11kisochousa,第11回（令和２年度）神奈川県都市計画基礎調査（市調査）,https://www.city.yokohama.lg.jp/business/bunyabetsu/kenchiku/toshikeikaku/yoko/sankou/11kisochousa.html,Creative Commons Attribution,1366bf67-c757-4870-992a-c8942a16c80f,図10b1_建築面積,ZIP,2541826,建物,archive,strict,https://www.city.yokohama.lg.jp/business/bunyabetsu/kenchiku/toshikeikaku/yoko/sankou/11kisochousa.files/0011_20250630.zip
yokohama,横浜市オープンデータポータル,建築局,kenchiku_11kisochousa,第11回（令和２年度）神奈川県都市計画基礎調査（市調査）,https://www.city.yokohama.lg.jp/business/bunyabetsu/kenchiku/toshikeikaku/yoko/sankou/11kisochousa.html,Creative Commons Attribution,11edf700-6373-424c-935b-bdc5129f7c5b,図10b2_延床面積,ZIP,2549156,建物,archive,strict,https://www.city.yokohama.lg.jp/business/bunyabetsu/kenchiku/toshikeikaku/yoko/sankou/11kisochousa.files/0012_20250630.zip
yokohama,横浜市オープンデータポータル,建築局,kenchiku_11kisochousa,第11回（令和２年度）神奈川県都市計画基礎調査（市調査）,https://www.city.yokohama.lg.jp/business/bunyabetsu/kenchiku/toshikeikaku/yoko/sankou/11kisochousa.html,Creative Commons Attribution,83f89b22-bf08-4269-b3d6-ab513f1ad52d,図10c1_建築面積規模別棟数,ZIP,2549156,建物,archive,strict,https://www.city.yokohama.lg.jp/business/bunyabetsu/kenchiku/toshikeikaku/yoko/sankou/11kisochousa.files/0012_20250630.zip
yokohama,横浜市オープンデータポータル,建築局,kenchiku_11kisochousa,第11回（令和２年度）神奈川県都市計画基礎調査（市調査）,https://www.city.yokohama.lg.jp/business/bunyabetsu/kenchiku/toshikeikaku/yoko/sankou/11kisochousa.html,Creative Commons Attribution,db467328-d0c3-496a-a6ac-05d6abfcf2fc,図10c2_延床面積規模別棟数,ZIP,2549156,建物,archive,strict,https://www.city.yokohama.lg.jp/business/bunyabetsu/kenchiku/toshikeikaku/yoko/sankou/11kisochousa.files/0012_20250630.zip
yokohama,横浜市オープンデータポータル,建築局,kenchiku_11kisochousa,第11回（令和２年度）神奈川県都市計画基礎調査（市調査）,https://www.city.yokohama.lg.jp/business/bunyabetsu/kenchiku/toshikeikaku/yoko/sankou/11kisochousa.html,Creative Commons Attribution,9f0228cb-efa0-4bfd-8124-0acd4a1ae2dd,図11_建物構造・階数別現況図,ZIP,2466743,建物,archive,strict,https://www.city.yokohama.lg.jp/business/bunyabetsu/kenchiku/toshikeikaku/yoko/sankou/11kisochousa.files/0021_20250708.zip
yokohama,横浜市オープンデータポータル,建築局,kenchiku_11kisochousa,第11回（令和２年度）神奈川県都市計画基礎調査（市調査）,https://www.city.yokohama.lg.jp/business/bunyabetsu/kenchiku/toshikeikaku/yoko/sankou/11kisochousa.html,Creative Commons Attribution,8eb68f68-8171-4437-9956-a373def0b08c,図12_土地利用現況図,ZIP,2504675,土地利用,archive,strict,https://www.city.yokohama.lg.jp/business/bunyabetsu/kenchiku/toshikeikaku/yoko/sankou/11kisochousa.files/0016_20250630.zip
yokohama,横浜市オープンデータポータル,建築局,kenchiku_11kisochousa,第11回（令和２年度）神奈川県都市計画基礎調査（市調査）,https://www.city.yokohama.lg.jp/business/bunyabetsu/kenchiku/toshikeikaku/yoko/sankou/11kisochousa.html,Creative Commons Attribution,85e085bb-2929-4776-a3aa-b5b9641ef570,21a_道路網密度・道路率,ZIP,2556198,都市施設,archive,strict,https://www.city.yokohama.lg.jp/business/bunyabetsu/kenchiku/toshikeikaku/yoko/sankou/11kisochousa.files/0006_20250630.zip
yokohama,横浜市オープンデータポータル,建築局,kenchiku_11kisochousa,第11回（令和２年度）神奈川県都市計画基礎調査（市調査）,https://www.city.yokohama.lg.jp/business/bunyabetsu/kenchiku/toshikeikaku/yoko/sankou/11kisochousa.html,Creative Commons Attribution,25a33aea-a195-48fd-aeb6-528baae05fb3,26b_緑地協定の締結状況,XLSX,387122,自然環境,tabular,strict,https://www.city.yokohama.lg.jp/business/bunyabetsu/kenchiku/toshikeikaku/yoko/sankou/11kisochousa.files/0007_20250630.xlsx
yokohama,横浜市オープンデータポータル,建築局,kenchiku_11kisochousa,第11回（令和２年度）神奈川県都市計画基礎調査（市調査）,https://www.city.yokohama.lg.jp/business/bunyabetsu/kenchiku/toshikeikaku/yoko/sankou/11kisochousa.html,Creative Commons Attribution,8d2740e1-14bb-4d4a-9644-5bec11115da0,図34_開発許可状況図,ZIP,2431973,土地利用,archive,strict,https://www.city.yokohama.lg.jp/business/bunyabetsu/kenchiku/toshikeikaku/yoko/sankou/11kisochousa.files/0017_20250630.zip
yokohama,横浜市オープンデータポータル,建築局,kenchiku_11kisochousa,第11回（令和２年度）神奈川県都市計画基礎調査（市調査）,https://www.city.yokohama.lg.jp/business/bunyabetsu/kenchiku/toshikeikaku/yoko/sankou/11kisochousa.html,Creative Commons Attribution,a3a00c49-a71b-4a5f-a3f3-593473e0832c,49b_景観協定の締結状況,XLSX,366896,景観,tabular,strict,https://www.city.yokohama.lg.jp/business/bunyabetsu/kenchiku/toshikeikaku/yoko/sankou/11kisochousa.files/0008_20250630.xlsx
yokohama,横浜市オープンデータポータル,建築局,kenchiku_11kisochousa,第11回（令和２年度）神奈川県都市計画基礎調査（市調査）,https://www.city.yokohama.lg.jp/business/bunyabetsu/kenchiku/toshikeikaku/yoko/sankou/11kisochousa.html,Creative Commons Attribution,b876b787-9823-46b4-82db-9c92cfeb606b,59_都市計画事業費内訳,XLSX,84332,,tabular,strict,https://www.city.yokohama.lg.jp/business/bunyabetsu/kenchiku/toshikeikaku/yoko/sankou/11kisochousa.files/0009_20250630.xlsx
kanagawa,神奈川県オープンデータカタログ,神奈川県県土整備局,4c25912c28874108a2ba68a7f8efcac0,第11回（令和2年度）神奈川県都市計画基礎調査（市町調査）,https://catalog.opendata.pref.kanagawa.jp/dataset/4c25912c28874108a2ba68a7f8efcac0,,1cc1c939-1322-453c-9518-2261b4b23007,01.第11回（令和２年度）神奈川県都市計画基礎調査（横浜市調査分）,HTML,,,document,strict,https://data.city.yokohama.lg.jp/dataset/kenchiku_11kisochousa
kanagawa,神奈川県オープンデータカタログ,神奈川県県土整備局,4c25912c28874108a2ba68a7f8efcac0,第11回（令和2年度）神奈川県都市計画基礎調査（市町調査）,https://catalog.opendata.pref.kanagawa.jp/dataset/4c25912c28874108a2ba68a7f8efcac0,,4e2f7132-4a8d-428b-9800-0b475c25f427,02.第11回（令和２年度）神奈川県都市計画基礎調査（川崎市調査分）,HTML,,,document,strict,https://www.city.kawasaki.jp/500/page/0000185069.html
kanagawa,神奈川県オープンデータカタログ,神奈川県県土整備局,4c25912c28874108a2ba68a7f8efcac0,第11回（令和2年度）神奈川県都市計画基礎調査（市町調査）,https://catalog.opendata.pref.kanagawa.jp/dataset/4c25912c28874108a2ba68a7f8efcac0,,ddb61a55-008b-409d-8263-fb3f744d4c71,04.第11回（令和２年度）神奈川県都市計画基礎調査（横須賀市調査分）,HTML,,,document,strict,https://data.bodik.jp/dataset/142018_00_22_toshikeikaku_11kisochousa
kanagawa,神奈川県オープンデータカタログ,神奈川県県土整備局,4c25912c28874108a2ba68a7f8efcac0,第11回（令和2年度）神奈川県都市計画基礎調査（市町調査）,https://catalog.opendata.pref.kanagawa.jp/dataset/4c25912c28874108a2ba68a7f8efcac0,,767b3054-3834-435a-8aab-ef7ed536a677,05.第11回（令和２年度）神奈川県都市計画基礎調査（平塚市調査分）,HTML,,,document,strict,https://www.city.hiratsuka.kanagawa.jp/keikaku/page81_00061.html#anchor-tt1
kanagawa,神奈川県オープンデータカタログ,神奈川県県土整備局,4c25912c28874108a2ba68a7f8efcac0,第11回（令和2年度）神奈川県都市計画基礎調査（市町調査）,https://catalog.opendata.pref.kanagawa.jp/dataset/4c25912c28874108a2ba68a7f8efcac0,,edba2162-fec1-468a-91c2-3fc8f113a45f,06.第11回（令和２年度）神奈川県都市計画基礎調査（鎌倉市調査分）,HTML,,,document,strict,https://www.city.kamakura.kanagawa.jp/plan/kisochousa_od.html
kanagawa,神奈川県オープンデータカタログ,神奈川県県土整備局,4c25912c28874108a2ba68a7f8efcac0,第11回（令和2年度）神奈川県都市計画基礎調査（市町調査）,https://catalog.opendata.pref.kanagawa.jp/dataset/4c25912c28874108a2ba68a7f8efcac0,,b867e633-b729-46f1-ac63-3957571123a5,07.第11回（令和2年度）神奈川県都市計画基礎調査（藤沢市調査分）,HTML,,,document,strict,https://www.city.fujisawa.kanagawa.jp/tosikei/machizukuri/toshi/sedo/chosa/11r2.html
kanagawa,神奈川県オープンデータカタログ,神奈川県県土整備局,4c25912c28874108a2ba68a7f8efcac0,第11回（令和2年度）神奈川県都市計画基礎調査（市町調査）,https://catalog.opendata.pref.kanagawa.jp/dataset/4c25912c28874108a2ba68a7f8efcac0,,79bb6027-441d-4ecf-8212-c89bd1c58a44,08.第11回（令和2年度）神奈川県都市計画基礎調査（小田原市調査分）,HTML,,,document,strict,https://www.city.odawara.kanagawa.jp/field/municipality/itpolicy/cityplan_basicsurvey.html
kanagawa,神奈川県オープンデータカタログ,神奈川県県土整備局,4c25912c28874108a2ba68a7f8efcac0,第11回（令和2年度）神奈川県都市計画基礎調査（市町調査）,https://catalog.opendata.pref.kanagawa.jp/dataset/4c25912c28874108a2ba68a7f8efcac0,,58d01902-74ab-4851-b757-7d1e6c8938a6,10.第11回（令和2年度）神奈川県都市計画基礎調査（逗子市調査分）,HTML,,,document,strict,https://www.city.zushi.kanagawa.jp/shisei/johokokai/1006645/1006646.html
kanagawa,神奈川県オープンデータカタログ,神奈川県県土整備局,4c25912c28874108a2ba68a7f8efcac0,第11回（令和2年度）神奈川県都市計画基礎調査（市町調査）,https://catalog.opendata.pref.kanagawa.jp/dataset/4c25912c28874108a2ba68a7f8efcac0,,89167580-e9f0-4f6d-9bd8-76c289c75b7e,11.第11回（令和2年度）神奈川県都市計画基礎調査（三浦市調査分）,HTML,,,document,strict,https://www.city.miura.kanagawa.jp/soshiki/digitalka/digitalka_dx/316.html
kanagawa,神奈川県オープンデータカタログ,神奈川県県土整備局,4c25912c28874108a2ba68a7f8efcac0,第11回（令和2年度）神奈川県都市計画基礎調査（市町調査）,https://catalog.opendata.pref.kanagawa.jp/dataset/4c25912c28874108a2ba68a7f8efcac0,,f6d91a97-feff-47fd-aed6-5c7018c69992,12.第11回（令和2年度）神奈川県都市計画基礎調査（秦野市調査分）,HTML,,,document,strict,https://www.city.hadano.kanagawa.jp/soshiki/1/1005/1/1745.html
kanagawa,神奈川県オープンデータカタログ,神奈川県県土整備局,4c25912c28874108a2ba68a7f8efcac0,第11回（令和2年度）神奈川県都市計画基礎調査（市町調査）,https://catalog.opendata.pref.kanagawa.jp/dataset/4c25912c28874108a2ba68a7f8efcac0,,e6b17293-fa06-4e43-bf3d-b19b425f61b1,13.第11回（令和2年度）神奈川県都市計画基礎調査（厚木市調査分）,HTML,,,document,strict,https://www.city.atsugi.kanagawa.jp/soshiki/toshikeikakuka/1/46573.html
kanagawa,神奈川県オープンデータカタログ,神奈川県県土整備局,4c25912c28874108a2ba68a7f8efcac0,第11回（令和2年度）神奈川県都市計画基礎調査（市町調査）,https://catalog.opendata.pref.kanagawa.jp/dataset/4c25912c28874108a2ba68a7f8efcac0,,98a35d43-e93c-4ea7-9818-123e266ffa5f,14.第11回（令和２年度）神奈川県都市計画基礎調査（大和市調査分）,HTML,,,document,strict,https://www.city.yamato.lg.jp/gyosei/soshik/20/toshikeikaku/23785.html
kanagawa,神奈川県オープンデータカタログ,神奈川県県土整備局,4c25912c28874108a2ba68a7f8efcac0,第11回（令和2年度）神奈川県都市計画基礎調査（市町調査）,https://catalog.opendata.pref.kanagawa.jp/dataset/4c25912c28874108a2ba68a7f8efcac0,,0d492c5f-f602-401f-b8af-6a133f60e821,15.第11回（令和２年度）神奈川県都市計画基礎調査（伊勢原市調査分）,HTML,,,document,strict,https://www.city.isehara.kanagawa.jp/docs/2026022500029/
kanagawa,神奈川県オープンデータカタログ,神奈川県県土整備局,4c25912c28874108a2ba68a7f8efcac0,第11回（令和2年度）神奈川県都市計画基礎調査（市町調査）,https://catalog.opendata.pref.kanagawa.jp/dataset/4c25912c28874108a2ba68a7f8efcac0,,78e46d09-2c97-40a4-a9de-1b5360f2a81b,16.第11回（令和２年度）神奈川県都市計画基礎調査（海老名市調査分）,HTML,,,document,strict,https://www.city.ebina.kanagawa.jp/shisei/seisaku/machidukuri/toshi/1018111.html
kanagawa,神奈川県オープンデータカタログ,神奈川県県土整備局,4c25912c28874108a2ba68a7f8efcac0,第11回（令和2年度）神奈川県都市計画基礎調査（市町調査）,https://catalog.opendata.pref.kanagawa.jp/dataset/4c25912c28874108a2ba68a7f8efcac0,,0f1ab904-3cda-4126-8946-8d628ff24411,18.第11回（令和２年度）神奈川県都市計画基礎調査（南足柄市調査分）,HTML,,,document,strict,https://www.city.minamiashigara.kanagawa.jp/business/toshi/keikaku/p09021.html
kanagawa,神奈川県オープンデータカタログ,神奈川県県土整備局,4c25912c28874108a2ba68a7f8efcac0,第11回（令和2年度）神奈川県都市計画基礎調査（市町調査）,https://catalog.opendata.pref.kanagawa.jp/dataset/4c25912c28874108a2ba68a7f8efcac0,,8f447ae2-dfb6-4a6e-a5d2-32da9bd062b8,19.第11回（令和２年度）神奈川県都市計画基礎調査（綾瀬市調査分）,HTML,,,document,strict,https://www.city.ayase.kanagawa.jp/soshiki/johoseisakuka/johokokai_kojinjohohogo_gyoseifufukushinsa/5822.html
kanagawa,神奈川県オープンデータカタログ,神奈川県県土整備局,4c25912c28874108a2ba68a7f8efcac0,第11回（令和2年度）神奈川県都市計画基礎調査（市町調査）,https://catalog.opendata.pref.kanagawa.jp/dataset/4c25912c28874108a2ba68a7f8efcac0,,49b79fd9-a84f-4da1-9f29-d7b2fb0333dc,20.第11回（令和２年度）神奈川県都市計画基礎調査（葉山町調査分）,HTML,,,document,strict,https://www.town.hayama.lg.jp/soshiki/seisaku/9/850.html
kanagawa,神奈川県オープンデータカタログ,神奈川県県土整備局,4c25912c28874108a2ba68a7f8efcac0,第11回（令和2年度）神奈川県都市計画基礎調査（市町調査）,https://catalog.opendata.pref.kanagawa.jp/dataset/4c25912c28874108a2ba68a7f8efcac0,,204b645a-1b39-4943-ae6e-2a5a727dede2,21.第11回（令和２年度）神奈川県都市計画基礎調査（寒川町調査分）,HTML,,,document,strict,https://www.town.samukawa.kanagawa.jp/soshiki/toshikensetsu/toshikeikaku/tokei_kaihatsu/info/toshikeikaku/20518.html
kanagawa,神奈川県オープンデータカタログ,神奈川県県土整備局,4c25912c28874108a2ba68a7f8efcac0,第11回（令和2年度）神奈川県都市計画基礎調査（市町調査）,https://catalog.opendata.pref.kanagawa.jp/dataset/4c25912c28874108a2ba68a7f8efcac0,,28ace368-0460-477a-aa4b-610713baeb08,22.第11回（令和２年度）神奈川県都市計画基礎調査（大磯町調査分）,HTML,,,document,strict,https://www.town.oiso.kanagawa.jp/soshiki/toshikensetsubu/toshi/tanto/toshikeikaku/23417.html
kanagawa,神奈川県オープンデータカタログ,神奈川県県土整備局,4c25912c28874108a2ba68a7f8efcac0,第11回（令和2年度）神奈川県都市計画基礎調査（市町調査）,https://catalog.opendata.pref.kanagawa.jp/dataset/4c25912c28874108a2ba68a7f8efcac0,,8f3fff6c-ec5c-409c-bd3e-2ff8f2d6bf90,23.第11回（令和２年度）神奈川県都市計画基礎調査（二宮町調査分）,HTML,,,document,strict,https://www.town.ninomiya.kanagawa.jp/0000002942.html
kanagawa,神奈川県オープンデータカタログ,神奈川県県土整備局,4c25912c28874108a2ba68a7f8efcac0,第11回（令和2年度）神奈川県都市計画基礎調査（市町調査）,https://catalog.opendata.pref.kanagawa.jp/dataset/4c25912c28874108a2ba68a7f8efcac0,,949c9157-7fe6-477e-8316-d18f5cc9ee63,26.第11回（令和２年度）神奈川県都市計画基礎調査（松田町調査分）,HTML,,,document,strict,https://town.matsuda.kanagawa.jp/soshiki/10/toshikeikaku-kisotyosa.html
kanagawa,神奈川県オープンデータカタログ,神奈川県県土整備局,4c25912c28874108a2ba68a7f8efcac0,第11回（令和2年度）神奈川県都市計画基礎調査（市町調査）,https://catalog.opendata.pref.kanagawa.jp/dataset/4c25912c28874108a2ba68a7f8efcac0,,d58644d0-f890-4574-aabd-c0b01020bbb7,27.第11回（令和２年度）神奈川県都市計画基礎調査（山北町調査分）,HTML,,,document,strict,https://www.town.yamakita.kanagawa.jp/0000007242.html
kanagawa,神奈川県オープンデータカタログ,神奈川県県土整備局,4c25912c28874108a2ba68a7f8efcac0,第11回（令和2年度）神奈川県都市計画基礎調査（市町調査）,https://catalog.opendata.pref.kanagawa.jp/dataset/4c25912c28874108a2ba68a7f8efcac0,,b9db59d6-81bf-4cb7-9b51-0ff783db55af,29.第11回（令和２年度）神奈川県都市計画基礎調査（箱根町調査分）,HTML,,,document,strict,https://www.town.hakone.kanagawa.jp/www/contents/1774490479976/index.html
kanagawa,神奈川県オープンデータカタログ,神奈川県県土整備局,4c25912c28874108a2ba68a7f8efcac0,第11回（令和2年度）神奈川県都市計画基礎調査（市町調査）,https://catalog.opendata.pref.kanagawa.jp/dataset/4c25912c28874108a2ba68a7f8efcac0,,62ebc0a9-9ca9-47f8-9894-1911bfbed5ca,31.第11回（令和2年度）神奈川県都市計画基礎調査（湯河原町調査分）,HTML,,,document,strict,https://www.town.yugawara.kanagawa.jp/soshiki/5/25506.html
kanagawa,神奈川県オープンデータカタログ,神奈川県県土整備局,4c25912c28874108a2ba68a7f8efcac0,第11回（令和2年度）神奈川県都市計画基礎調査（市町調査）,https://catalog.opendata.pref.kanagawa.jp/dataset/4c25912c28874108a2ba68a7f8efcac0,,37b12aa3-3f40-47a7-afba-d68c460a4d49,32.第11回（令和２年度）神奈川県都市計画基礎調査（愛川町調査分）,HTML,,,document,strict,https://www.town.aikawa.kanagawa.jp/soshiki/soumu1/juminkyoudo/dejitaru/info/opendata/data/16956.html
kanagawa,神奈川県オープンデータカタログ,神奈川県県土整備局,b976dce85bfdd56efb2055e852214a47,第11回（令和2年度）神奈川県都市計画基礎調査（県調査）,https://catalog.opendata.pref.kanagawa.jp/dataset/b976dce85bfdd56efb2055e852214a47,クリエイティブ・コモンズ-表示(CC-BY),ab23ded9-4bdd-4284-9760-08cf0d923d6a,神奈川県都市計画基礎調査DB定義（オープンデータ）.xlsx,XLSX,110661,,tabular,strict,https://catalog.opendata.pref.kanagawa.jp/dataset/d1c553de-3b4c-4097-98bd-01b989a93699/resource/ab23ded9-4bdd-4284-9760-08cf0d923d6a/download/kanagawa_od_db.xlsx
kanagawa,神奈川県オープンデータカタログ,神奈川県県土整備局,b976dce85bfdd56efb2055e852214a47,第11回（令和2年度）神奈川県都市計画基礎調査（県調査）,https://catalog.opendata.pref.kanagawa.jp/dataset/b976dce85bfdd56efb2055e852214a47,クリエイティブ・コモンズ-表示(CC-BY),3546a417-a5f1-4163-a11b-12ffa001442e,様式1a1b調査区名称及びその特徴.zip,"SHP,CSV",13640769,,other,strict,https://catalog.opendata.pref.kanagawa.jp/dataset/d1c553de-3b4c-4097-98bd-01b989a93699/resource/3546a417-a5f1-4163-a11b-12ffa001442e/download/1a1b.zip
kanagawa,神奈川県オープンデータカタログ,神奈川県県土整備局,b976dce85bfdd56efb2055e852214a47,第11回（令和2年度）神奈川県都市計画基礎調査（県調査）,https://catalog.opendata.pref.kanagawa.jp/dataset/b976dce85bfdd56efb2055e852214a47,クリエイティブ・コモンズ-表示(CC-BY),05d00dfa-a772-4924-a7a2-a9a4dd861417,5did総括表_OD.xls,XLS,56832,人口,tabular,strict,https://catalog.opendata.pref.kanagawa.jp/dataset/d1c553de-3b4c-4097-98bd-01b989a93699/resource/05d00dfa-a772-4924-a7a2-a9a4dd861417/download/5did_od.xls
kanagawa,神奈川県オープンデータカタログ,神奈川県県土整備局,b976dce85bfdd56efb2055e852214a47,第11回（令和2年度）神奈川県都市計画基礎調査（県調査）,https://catalog.opendata.pref.kanagawa.jp/dataset/b976dce85bfdd56efb2055e852214a47,クリエイティブ・コモンズ-表示(CC-BY),e635b714-ed04-4624-92a9-d29e99b66850,図6可住地人口密度現況図.zip,"SHP,CSV",13544385,人口,other,strict,https://catalog.opendata.pref.kanagawa.jp/dataset/d1c553de-3b4c-4097-98bd-01b989a93699/resource/e635b714-ed04-4624-92a9-d29e99b66850/download/6.zip
kanagawa,神奈川県オープンデータカタログ,神奈川県県土整備局,b976dce85bfdd56efb2055e852214a47,第11回（令和2年度）神奈川県都市計画基礎調査（県調査）,https://catalog.opendata.pref.kanagawa.jp/dataset/b976dce85bfdd56efb2055e852214a47,クリエイティブ・コモンズ-表示(CC-BY),dfe870bc-367f-46c0-a66f-5301efb1172c,図7人口増加率状況図.zip,"SHP,CSV",13537391,人口,other,strict,https://catalog.opendata.pref.kanagawa.jp/dataset/d1c553de-3b4c-4097-98bd-01b989a93699/resource/dfe870bc-367f-46c0-a66f-5301efb1172c/download/7.zip
kanagawa,神奈川県オープンデータカタログ,神奈川県県土整備局,b976dce85bfdd56efb2055e852214a47,第11回（令和2年度）神奈川県都市計画基礎調査（県調査）,https://catalog.opendata.pref.kanagawa.jp/dataset/b976dce85bfdd56efb2055e852214a47,クリエイティブ・コモンズ-表示(CC-BY),0443d521-f17d-49c3-91e7-13e3b1297740,様式7aゾーン別人口・世帯数.zip,"SHP,CSV",14253844,人口,other,strict,https://catalog.opendata.pref.kanagawa.jp/dataset/d1c553de-3b4c-4097-98bd-01b989a93699/resource/0443d521-f17d-49c3-91e7-13e3b1297740/download/7a.zip
kanagawa,神奈川県オープンデータカタログ,神奈川県県土整備局,b976dce85bfdd56efb2055e852214a47,第11回（令和2年度）神奈川県都市計画基礎調査（県調査）,https://catalog.opendata.pref.kanagawa.jp/dataset/b976dce85bfdd56efb2055e852214a47,クリエイティブ・コモンズ-表示(CC-BY),0956bad5-71ad-45a4-ac45-2b8c66ed41d8,様式7bゾーン別年齢別・性別人口.zip,"SHP,CSV",15793550,人口,other,strict,https://catalog.opendata.pref.kanagawa.jp/dataset/d1c553de-3b4c-4097-98bd-01b989a93699/resource/0956bad5-71ad-45a4-ac45-2b8c66ed41d8/download/7b.zip
kanagawa,神奈川県オープンデータカタログ,神奈川県県土整備局,b976dce85bfdd56efb2055e852214a47,第11回（令和2年度）神奈川県都市計画基礎調査（県調査）,https://catalog.opendata.pref.kanagawa.jp/dataset/b976dce85bfdd56efb2055e852214a47,クリエイティブ・コモンズ-表示(CC-BY),5f405490-5a08-432f-9009-546642d9828b,7c誘導区域別年齢別・性別人口_OD.xls,XLS,344064,人口,tabular,strict,https://catalog.opendata.pref.kanagawa.jp/dataset/d1c553de-3b4c-4097-98bd-01b989a93699/resource/5f405490-5a08-432f-9009-546642d9828b/download/7c_od.xls
kanagawa,神奈川県オープンデータカタログ,神奈川県県土整備局,b976dce85bfdd56efb2055e852214a47,第11回（令和2年度）神奈川県都市計画基礎調査（県調査）,https://catalog.opendata.pref.kanagawa.jp/dataset/b976dce85bfdd56efb2055e852214a47,クリエイティブ・コモンズ-表示(CC-BY),fbbc2a4e-e05b-4134-902f-31cb5bfa395b,図8居住水準状況図.zip,"SHP,CSV",13577230,,other,strict,https://catalog.opendata.pref.kanagawa.jp/dataset/d1c553de-3b4c-4097-98bd-01b989a93699/resource/fbbc2a4e-e05b-4134-902f-31cb5bfa395b/download/8.zip
kanagawa,神奈川県オープンデータカタログ,神奈川県県土整備局,b976dce85bfdd56efb2055e852214a47,第11回（令和2年度）神奈川県都市計画基礎調査（県調査）,https://catalog.opendata.pref.kanagawa.jp/dataset/b976dce85bfdd56efb2055e852214a47,クリエイティブ・コモンズ-表示(CC-BY),ad62f4ca-2695-4498-8b73-7b3880f19d7a,様式60h昼間人口.zip,"SHP,CSV",13523258,人口,other,strict,https://catalog.opendata.pref.kanagawa.jp/dataset/d1c553de-3b4c-4097-98bd-01b989a93699/resource/ad62f4ca-2695-4498-8b73-7b3880f19d7a/download/60h.zip
kanagawa,神奈川県オープンデータカタログ,神奈川県県土整備局,b976dce85bfdd56efb2055e852214a47,第11回（令和2年度）神奈川県都市計画基礎調査（県調査）,https://catalog.opendata.pref.kanagawa.jp/dataset/b976dce85bfdd56efb2055e852214a47,クリエイティブ・コモンズ-表示(CC-BY),3ead7d2d-3819-412c-9ea9-3f93d4d3b9a3,12農地転用_OD.xls,XLS,173056,土地利用,tabular,strict,https://catalog.opendata.pref.kanagawa.jp/dataset/d1c553de-3b4c-4097-98bd-01b989a93699/resource/3ead7d2d-3819-412c-9ea9-3f93d4d3b9a3/download/12_od.xls
kanagawa,神奈川県オープンデータカタログ,神奈川県県土整備局,b976dce85bfdd56efb2055e852214a47,第11回（令和2年度）神奈川県都市計画基礎調査（県調査）,https://catalog.opendata.pref.kanagawa.jp/dataset/b976dce85bfdd56efb2055e852214a47,クリエイティブ・コモンズ-表示(CC-BY),050942fe-62c2-4b70-bf0f-e7bb5213521d,13植生現況量_OD.xls,XLS,51200,,tabular,strict,https://catalog.opendata.pref.kanagawa.jp/dataset/d1c553de-3b4c-4097-98bd-01b989a93699/resource/050942fe-62c2-4b70-bf0f-e7bb5213521d/download/13_od.xls
kanagawa,神奈川県オープンデータカタログ,神奈川県県土整備局,b976dce85bfdd56efb2055e852214a47,第11回（令和2年度）神奈川県都市計画基礎調査（県調査）,https://catalog.opendata.pref.kanagawa.jp/dataset/b976dce85bfdd56efb2055e852214a47,クリエイティブ・コモンズ-表示(CC-BY),7bff4c15-e486-4896-8355-768c3ba17508,図18容積率現況図.zip,"SHP,CSV",13648502,,other,strict,https://catalog.opendata.pref.kanagawa.jp/dataset/d1c553de-3b4c-4097-98bd-01b989a93699/resource/7bff4c15-e486-4896-8355-768c3ba17508/download/18.zip
kanagawa,神奈川県オープンデータカタログ,神奈川県県土整備局,b976dce85bfdd56efb2055e852214a47,第11回（令和2年度）神奈川県都市計画基礎調査（県調査）,https://catalog.opendata.pref.kanagawa.jp/dataset/b976dce85bfdd56efb2055e852214a47,クリエイティブ・コモンズ-表示(CC-BY),f35be103-67f1-4683-b789-1225d712606b,図19容積率充足状況図.zip,"SHP,CSV",13639865,,other,strict,https://catalog.opendata.pref.kanagawa.jp/dataset/d1c553de-3b4c-4097-98bd-01b989a93699/resource/f35be103-67f1-4683-b789-1225d712606b/download/19.zip
kanagawa,神奈川県オープンデータカタログ,神奈川県県土整備局,b976dce85bfdd56efb2055e852214a47,第11回（令和2年度）神奈川県都市計画基礎調査（県調査）,https://catalog.opendata.pref.kanagawa.jp/dataset/b976dce85bfdd56efb2055e852214a47,クリエイティブ・コモンズ-表示(CC-BY),fd8b17aa-efab-4b35-821f-e08628630020,図20a木造率現況図.zip,"SHP,CSV",13552946,,other,strict,https://catalog.opendata.pref.kanagawa.jp/dataset/d1c553de-3b4c-4097-98bd-01b989a93699/resource/fd8b17aa-efab-4b35-821f-e08628630020/download/20a.zip
kanagawa,神奈川県オープンデータカタログ,神奈川県県土整備局,b976dce85bfdd56efb2055e852214a47,第11回（令和2年度）神奈川県都市計画基礎調査（県調査）,https://catalog.opendata.pref.kanagawa.jp/dataset/b976dce85bfdd56efb2055e852214a47,クリエイティブ・コモンズ-表示(CC-BY),0c95a373-3a87-40ea-a655-795daa81a33f,図33_工業団地・流通団地等状況図.pdf,PDF,1011048,産業,document,strict,https://catalog.opendata.pref.kanagawa.jp/dataset/d1c553de-3b4c-4097-98bd-01b989a93699/resource/0c95a373-3a87-40ea-a655-795daa81a33f/download/33_.pdf
kanagawa,神奈川県オープンデータカタログ,神奈川県県土整備局,b976dce85bfdd56efb2055e852214a47,第11回（令和2年度）神奈川県都市計画基礎調査（県調査）,https://catalog.opendata.pref.kanagawa.jp/dataset/b976dce85bfdd56efb2055e852214a47,クリエイティブ・コモンズ-表示(CC-BY),0fa32372-8863-490e-b8e9-993ae44f1c8b,図34開発許可状況図.zip,"SHP,CSV",13487546,土地利用,other,strict,https://catalog.opendata.pref.kanagawa.jp/dataset/d1c553de-3b4c-4097-98bd-01b989a93699/resource/0fa32372-8863-490e-b8e9-993ae44f1c8b/download/34.zip
kanagawa,神奈川県オープンデータカタログ,神奈川県県土整備局,b976dce85bfdd56efb2055e852214a47,第11回（令和2年度）神奈川県都市計画基礎調査（県調査）,https://catalog.opendata.pref.kanagawa.jp/dataset/b976dce85bfdd56efb2055e852214a47,クリエイティブ・コモンズ-表示(CC-BY),b9cc2212-0f6a-4de8-a7cb-186492a75c9e,39市街化調整区域の開発状況_OD.xls,XLS,43008,建物,tabular,strict,https://catalog.opendata.pref.kanagawa.jp/dataset/d1c553de-3b4c-4097-98bd-01b989a93699/resource/b9cc2212-0f6a-4de8-a7cb-186492a75c9e/download/39_od.xls
kanagawa,神奈川県オープンデータカタログ,神奈川県県土整備局,b976dce85bfdd56efb2055e852214a47,第11回（令和2年度）神奈川県都市計画基礎調査（県調査）,https://catalog.opendata.pref.kanagawa.jp/dataset/b976dce85bfdd56efb2055e852214a47,クリエイティブ・コモンズ-表示(CC-BY),842037ab-766f-44df-afa9-2deb7337cc7e,47地区計画等の策定状況_OD.xls,XLS,402944,,tabular,strict,https://catalog.opendata.pref.kanagawa.jp/dataset/d1c553de-3b4c-4097-98bd-01b989a93699/resource/842037ab-766f-44df-afa9-2deb7337cc7e/download/47_od.xls
kanagawa,神奈川県オープンデータカタログ,神奈川県県土整備局,b976dce85bfdd56efb2055e852214a47,第11回（令和2年度）神奈川県都市計画基礎調査（県調査）,https://catalog.opendata.pref.kanagawa.jp/dataset/b976dce85bfdd56efb2055e852214a47,クリエイティブ・コモンズ-表示(CC-BY),6b0f5680-da63-4024-8598-5fbac6999f59,図47自然公園・自然保全地域図.zip,"SHP,CSV",571502,都市施設,other,strict,https://catalog.opendata.pref.kanagawa.jp/dataset/d1c553de-3b4c-4097-98bd-01b989a93699/resource/6b0f5680-da63-4024-8598-5fbac6999f59/download/47.zip
kanagawa,神奈川県オープンデータカタログ,神奈川県県土整備局,b976dce85bfdd56efb2055e852214a47,第11回（令和2年度）神奈川県都市計画基礎調査（県調査）,https://catalog.opendata.pref.kanagawa.jp/dataset/b976dce85bfdd56efb2055e852214a47,クリエイティブ・コモンズ-表示(CC-BY),4c7b6222-b102-4bea-870d-db8bc2da27ac,48自然公園・自然保全地域の状況_OD.xls,XLS,93696,都市施設|自然環境,tabular,strict,https://catalog.opendata.pref.kanagawa.jp/dataset/d1c553de-3b4c-4097-98bd-01b989a93699/resource/4c7b6222-b102-4bea-870d-db8bc2da27ac/download/48_od.xls
kanagawa,神奈川県オープンデータカタログ,神奈川県県土整備局,b976dce85bfdd56efb2055e852214a47,第11回（令和2年度）神奈川県都市計画基礎調査（県調査）,https://catalog.opendata.pref.kanagawa.jp/dataset/b976dce85bfdd56efb2055e852214a47,クリエイティブ・コモンズ-表示(CC-BY),89f9b3a6-af8e-4fb0-9e00-d8d815c688f2,52農業振興地域_OD.xls,XLS,54272,産業,tabular,strict,https://catalog.opendata.pref.kanagawa.jp/dataset/d1c553de-3b4c-4097-98bd-01b989a93699/resource/89f9b3a6-af8e-4fb0-9e00-d8d815c688f2/download/52_od.xls
kanagawa,神奈川県オープンデータカタログ,神奈川県県土整備局,b976dce85bfdd56efb2055e852214a47,第11回（令和2年度）神奈川県都市計画基礎調査（県調査）,https://catalog.opendata.pref.kanagawa.jp/dataset/b976dce85bfdd56efb2055e852214a47,クリエイティブ・コモンズ-表示(CC-BY),1ef519d4-0ddd-4e45-8302-a2101cf7a046,図59大規模小売店舗分布図.zip,"SHP,CSV",105429,,other,strict,https://catalog.opendata.pref.kanagawa.jp/dataset/d1c553de-3b4c-4097-98bd-01b989a93699/resource/1ef519d4-0ddd-4e45-8302-a2101cf7a046/download/59.zip
kanagawa,神奈川県オープンデータカタログ,神奈川県県土整備局,b976dce85bfdd56efb2055e852214a47,第11回（令和2年度）神奈川県都市計画基礎調査（県調査）,https://catalog.opendata.pref.kanagawa.jp/dataset/b976dce85bfdd56efb2055e852214a47,クリエイティブ・コモンズ-表示(CC-BY),116f16c1-0909-483c-968b-380122178ee0,図60_工業立地動向図.pdf,PDF,33091841,産業,document,strict,https://catalog.opendata.pref.kanagawa.jp/dataset/d1c553de-3b4c-4097-98bd-01b989a93699/resource/116f16c1-0909-483c-968b-380122178ee0/download/60_.pdf
kanagawa,神奈川県オープンデータカタログ,神奈川県県土整備局,b976dce85bfdd56efb2055e852214a47,第11回（令和2年度）神奈川県都市計画基礎調査（県調査）,https://catalog.opendata.pref.kanagawa.jp/dataset/b976dce85bfdd56efb2055e852214a47,クリエイティブ・コモンズ-表示(CC-BY),b414964d-efe2-4248-aa1d-46f9b83c34e7,57工業立地の動向_OD.xls,XLS,52224,産業,tabular,strict,https://catalog.opendata.pref.kanagawa.jp/dataset/d1c553de-3b4c-4097-98bd-01b989a93699/resource/b414964d-efe2-4248-aa1d-46f9b83c34e7/download/57_od.xls
kanagawa,神奈川県オープンデータカタログ,神奈川県県土整備局,b976dce85bfdd56efb2055e852214a47,第11回（令和2年度）神奈川県都市計画基礎調査（県調査）,https://catalog.opendata.pref.kanagawa.jp/dataset/b976dce85bfdd56efb2055e852214a47,クリエイティブ・コモンズ-表示(CC-BY),37f9fe81-7e6a-4477-b4de-95d07ff523f1,59都市計画事業費内訳_OD.xls,XLS,131584,,tabular,strict,https://catalog.opendata.pref.kanagawa.jp/dataset/d1c553de-3b4c-4097-98bd-01b989a93699/resource/37f9fe81-7e6a-4477-b4de-95d07ff523f1/download/59_od.xls
kanagawa,神奈川県オープンデータカタログ,神奈川県県土整備局,b976dce85bfdd56efb2055e852214a47,第11回（令和2年度）神奈川県都市計画基礎調査（県調査）,https://catalog.opendata.pref.kanagawa.jp/dataset/b976dce85bfdd56efb2055e852214a47,クリエイティブ・コモンズ-表示(CC-BY),8470416f-1d3b-40f7-856c-e256387a97d6,図67地価変動率図（R2年／H27年）公示・住宅.zip,"SHP,CSV",1788066,地価,other,strict,https://catalog.opendata.pref.kanagawa.jp/dataset/d1c553de-3b4c-4097-98bd-01b989a93699/resource/8470416f-1d3b-40f7-856c-e256387a97d6/download/67r2h27.zip
kanagawa,神奈川県オープンデータカタログ,神奈川県県土整備局,b976dce85bfdd56efb2055e852214a47,第11回（令和2年度）神奈川県都市計画基礎調査（県調査）,https://catalog.opendata.pref.kanagawa.jp/dataset/b976dce85bfdd56efb2055e852214a47,クリエイティブ・コモンズ-表示(CC-BY),e9fdf7a0-e056-4086-ac4f-942d9a262587,67地価の変動_OD.xls,XLS,71680,産業|地価,tabular,strict,https://catalog.opendata.pref.kanagawa.jp/dataset/d1c553de-3b4c-4097-98bd-01b989a93699/resource/e9fdf7a0-e056-4086-ac4f-942d9a262587/download/67_od.xls
kanagawa,神奈川県オープンデータカタログ,神奈川県県土整備局,b976dce85bfdd56efb2055e852214a47,第11回（令和2年度）神奈川県都市計画基礎調査（県調査）,https://catalog.opendata.pref.kanagawa.jp/dataset/b976dce85bfdd56efb2055e852214a47,クリエイティブ・コモンズ-表示(CC-BY),a3ffa2dc-7c2d-4c0b-965c-ef2f64b6030f,図67地価変動率図（R2年／H27年）公示・商業.zip,"SHP,CSV",1788001,産業|地価,other,strict,https://catalog.opendata.pref.kanagawa.jp/dataset/d1c553de-3b4c-4097-98bd-01b989a93699/resource/a3ffa2dc-7c2d-4c0b-965c-ef2f64b6030f/download/67r2h27.zip
kanagawa,神奈川県オープンデータカタログ,神奈川県県土整備局,b976dce85bfdd56efb2055e852214a47,第11回（令和2年度）神奈川県都市計画基礎調査（県調査）,https://catalog.opendata.pref.kanagawa.jp/dataset/b976dce85bfdd56efb2055e852214a47,クリエイティブ・コモンズ-表示(CC-BY),8ec1305a-b4a2-4a00-ad0e-6b1a7f9ebf63,図67地価変動率図（R2年／H27年）調査・住宅.zip,"SHP,CSV",1788069,地価,other,strict,https://catalog.opendata.pref.kanagawa.jp/dataset/d1c553de-3b4c-4097-98bd-01b989a93699/resource/8ec1305a-b4a2-4a00-ad0e-6b1a7f9ebf63/download/67r2h27.zip
kanagawa,神奈川県オープンデータカタログ,神奈川県県土整備局,b976dce85bfdd56efb2055e852214a47,第11回（令和2年度）神奈川県都市計画基礎調査（県調査）,https://catalog.opendata.pref.kanagawa.jp/dataset/b976dce85bfdd56efb2055e852214a47,クリエイティブ・コモンズ-表示(CC-BY),338768f1-caf1-491a-8a3a-eb5ec390a06f,図67地価変動率図（R2年／H27年）調査・商業.zip,"SHP,CSV",1788056,産業|地価,other,strict,https://catalog.opendata.pref.kanagawa.jp/dataset/d1c553de-3b4c-4097-98bd-01b989a93699/resource/338768f1-caf1-491a-8a3a-eb5ec390a06f/download/67r2h27.zip
kanagawa,神奈川県オープンデータカタログ,神奈川県県土整備局,b976dce85bfdd56efb2055e852214a47,第11回（令和2年度）神奈川県都市計画基礎調査（県調査）,https://catalog.opendata.pref.kanagawa.jp/dataset/b976dce85bfdd56efb2055e852214a47,クリエイティブ・コモンズ-表示(CC-BY),08712b63-6433-4907-aa80-0d63dc505a52,様式68a産業大分類別事業所数、従業員数.zip,"SHP,CSV",13935889,産業,other,strict,https://catalog.opendata.pref.kanagawa.jp/dataset/d1c553de-3b4c-4097-98bd-01b989a93699/resource/08712b63-6433-4907-aa80-0d63dc505a52/download/68a.zip
kanagawa,神奈川県オープンデータカタログ,神奈川県県土整備局,da9769af02ea62579d8b7728afadba8b,第11回（令和2年度）神奈川県都市計画基礎調査（清川村）,https://catalog.opendata.pref.kanagawa.jp/dataset/da9769af02ea62579d8b7728afadba8b,クリエイティブ・コモンズ-表示(CC-BY),7b7cc696-5da6-45c2-9fc7-46475ab70a42,神奈川県都市計画基礎調査（清川村）オープンデータ_DB定義書.xlsx,XLSX,45084,,tabular,strict,https://catalog.opendata.pref.kanagawa.jp/dataset/0d64a4af-36b1-43ac-8860-6c6a37b12797/resource/7b7cc696-5da6-45c2-9fc7-46475ab70a42/download/kiyokawa_od_db.xlsx
kanagawa,神奈川県オープンデータカタログ,神奈川県県土整備局,da9769af02ea62579d8b7728afadba8b,第11回（令和2年度）神奈川県都市計画基礎調査（清川村）,https://catalog.opendata.pref.kanagawa.jp/dataset/da9769af02ea62579d8b7728afadba8b,クリエイティブ・コモンズ-表示(CC-BY),23c4afc0-b070-412f-b26c-38e1dd91fe54,様式1a1b調査区名称及びその特徴.zip,"SHP,CSV",143088,,other,strict,https://catalog.opendata.pref.kanagawa.jp/dataset/0d64a4af-36b1-43ac-8860-6c6a37b12797/resource/23c4afc0-b070-412f-b26c-38e1dd91fe54/download/1a1b.zip
kanagawa,神奈川県オープンデータカタログ,神奈川県県土整備局,da9769af02ea62579d8b7728afadba8b,第11回（令和2年度）神奈川県都市計画基礎調査（清川村）,https://catalog.opendata.pref.kanagawa.jp/dataset/da9769af02ea62579d8b7728afadba8b,クリエイティブ・コモンズ-表示(CC-BY),fe19f57b-30cf-432b-814e-301a38d09773,図10a建物用途別棟数.zip,"SHP,CSV",142773,建物,other,strict,https://catalog.opendata.pref.kanagawa.jp/dataset/0d64a4af-36b1-43ac-8860-6c6a37b12797/resource/fe19f57b-30cf-432b-814e-301a38d09773/download/10a.zip
kanagawa,神奈川県オープンデータカタログ,神奈川県県土整備局,da9769af02ea62579d8b7728afadba8b,第11回（令和2年度）神奈川県都市計画基礎調査（清川村）,https://catalog.opendata.pref.kanagawa.jp/dataset/da9769af02ea62579d8b7728afadba8b,クリエイティブ・コモンズ-表示(CC-BY),c1d7b49c-2114-4470-9348-e9b6d8fce970,図10b1建物用途別建築面積.zip,"SHP,CSV",144409,建物,other,strict,https://catalog.opendata.pref.kanagawa.jp/dataset/0d64a4af-36b1-43ac-8860-6c6a37b12797/resource/c1d7b49c-2114-4470-9348-e9b6d8fce970/download/10b1.zip
kanagawa,神奈川県オープンデータカタログ,神奈川県県土整備局,da9769af02ea62579d8b7728afadba8b,第11回（令和2年度）神奈川県都市計画基礎調査（清川村）,https://catalog.opendata.pref.kanagawa.jp/dataset/da9769af02ea62579d8b7728afadba8b,クリエイティブ・コモンズ-表示(CC-BY),0b06e1ec-fb74-4540-ad55-5a12929037da,図10b2建物用途別延床面積.zip,"SHP,CSV",144475,建物,other,strict,https://catalog.opendata.pref.kanagawa.jp/dataset/0d64a4af-36b1-43ac-8860-6c6a37b12797/resource/0b06e1ec-fb74-4540-ad55-5a12929037da/download/10b2.zip
kanagawa,神奈川県オープンデータカタログ,神奈川県県土整備局,da9769af02ea62579d8b7728afadba8b,第11回（令和2年度）神奈川県都市計画基礎調査（清川村）,https://catalog.opendata.pref.kanagawa.jp/dataset/da9769af02ea62579d8b7728afadba8b,クリエイティブ・コモンズ-表示(CC-BY),e9fc7432-cb92-4da9-8b27-ccab44a539ff,図10c1建築面積規模別棟数.zip,"SHP,CSV",143282,建物,other,strict,https://catalog.opendata.pref.kanagawa.jp/dataset/0d64a4af-36b1-43ac-8860-6c6a37b12797/resource/e9fc7432-cb92-4da9-8b27-ccab44a539ff/download/10c1.zip
kanagawa,神奈川県オープンデータカタログ,神奈川県県土整備局,da9769af02ea62579d8b7728afadba8b,第11回（令和2年度）神奈川県都市計画基礎調査（清川村）,https://catalog.opendata.pref.kanagawa.jp/dataset/da9769af02ea62579d8b7728afadba8b,クリエイティブ・コモンズ-表示(CC-BY),87172ab1-e04c-4449-8c33-8e91e01e17cd,図10c2延床面積規模別棟数.zip,"SHP,CSV",143393,建物,other,strict,https://catalog.opendata.pref.kanagawa.jp/dataset/0d64a4af-36b1-43ac-8860-6c6a37b12797/resource/87172ab1-e04c-4449-8c33-8e91e01e17cd/download/10c2.zip
kanagawa,神奈川県オープンデータカタログ,神奈川県県土整備局,da9769af02ea62579d8b7728afadba8b,第11回（令和2年度）神奈川県都市計画基礎調査（清川村）,https://catalog.opendata.pref.kanagawa.jp/dataset/da9769af02ea62579d8b7728afadba8b,クリエイティブ・コモンズ-表示(CC-BY),15f83528-8c5b-4735-9cd7-3dbc18d593df,図11階数規模別現況図.zip,"SHP,CSV",142197,建物,other,strict,https://catalog.opendata.pref.kanagawa.jp/dataset/0d64a4af-36b1-43ac-8860-6c6a37b12797/resource/15f83528-8c5b-4735-9cd7-3dbc18d593df/download/11.zip
kanagawa,神奈川県オープンデータカタログ,神奈川県県土整備局,da9769af02ea62579d8b7728afadba8b,第11回（令和2年度）神奈川県都市計画基礎調査（清川村）,https://catalog.opendata.pref.kanagawa.jp/dataset/da9769af02ea62579d8b7728afadba8b,クリエイティブ・コモンズ-表示(CC-BY),3b2b7554-62ca-425c-ba92-5be9c204f850,図12土地利用現況図.zip,"SHP,CSV",143835,土地利用,other,strict,https://catalog.opendata.pref.kanagawa.jp/dataset/0d64a4af-36b1-43ac-8860-6c6a37b12797/resource/3b2b7554-62ca-425c-ba92-5be9c204f850/download/12.zip
kanagawa,神奈川県オープンデータカタログ,神奈川県県土整備局,da9769af02ea62579d8b7728afadba8b,第11回（令和2年度）神奈川県都市計画基礎調査（清川村）,https://catalog.opendata.pref.kanagawa.jp/dataset/da9769af02ea62579d8b7728afadba8b,クリエイティブ・コモンズ-表示(CC-BY),eeca0c1b-13b5-46ab-9469-9eebf2f253cc,様式21a道路網密度・道路率.zip,"SHP,CSV",144198,都市施設,other,strict,https://catalog.opendata.pref.kanagawa.jp/dataset/0d64a4af-36b1-43ac-8860-6c6a37b12797/resource/eeca0c1b-13b5-46ab-9469-9eebf2f253cc/download/21a.zip
gifu,岐阜県オープンデータ,岐阜県 都市建築部,c11654-074,第9回都市計画基礎調査（都市計画区域別）,https://gifu-opendata.pref.gifu.lg.jp/dataset/c11654-074,その他 (表示),0eaf9376-3c1c-44a3-8600-aee5b9763ef5,データ利用時の注意事項,DOCX,13270,,document,strict,https://gifu-opendata.pref.gifu.lg.jp/dataset/c38b3463-ebb2-46a6-8182-755d225b0e65/resource/0eaf9376-3c1c-44a3-8600-aee5b9763ef5/download/chuuijiko.docx
gifu,岐阜県オープンデータ,岐阜県 都市建築部,c11654-074,第9回都市計画基礎調査（都市計画区域別）,https://gifu-opendata.pref.gifu.lg.jp/dataset/c11654-074,その他 (表示),6fa7c245-3b4c-48c5-92b6-9f699e490826,岐阜都市計画区域（平成29年度）,ZIP,2058203,人口|産業,archive,strict,https://gifu-opendata.pref.gifu.lg.jp/dataset/c38b3463-ebb2-46a6-8182-755d225b0e65/resource/6fa7c245-3b4c-48c5-92b6-9f699e490826/download/01_09_gifutokei.zip
gifu,岐阜県オープンデータ,岐阜県 都市建築部,c11654-074,第9回都市計画基礎調査（都市計画区域別）,https://gifu-opendata.pref.gifu.lg.jp/dataset/c11654-074,その他 (表示),452af090-dd84-4817-be90-a294b6fe465f,羽島都市計画区域（平成29年度）,ZIP,319021,人口|産業,archive,strict,https://gifu-opendata.pref.gifu.lg.jp/dataset/c38b3463-ebb2-46a6-8182-755d225b0e65/resource/452af090-dd84-4817-be90-a294b6fe465f/download/02_09_hashimatokei.zip
gifu,岐阜県オープンデータ,岐阜県 都市建築部,c11654-074,第9回都市計画基礎調査（都市計画区域別）,https://gifu-opendata.pref.gifu.lg.jp/dataset/c11654-074,その他 (表示),bafbea29-594a-41b8-a97d-4a9462daa74c,各務原都市計画区域（平成29年度）,ZIP,600576,人口|産業,archive,strict,https://gifu-opendata.pref.gifu.lg.jp/dataset/c38b3463-ebb2-46a6-8182-755d225b0e65/resource/bafbea29-594a-41b8-a97d-4a9462daa74c/download/03_09_kakamigaharatokei.zip
gifu,岐阜県オープンデータ,岐阜県 都市建築部,c11654-074,第9回都市計画基礎調査（都市計画区域別）,https://gifu-opendata.pref.gifu.lg.jp/dataset/c11654-074,その他 (表示),c09deede-a0dd-472e-b0dc-c6dc6707138a,本巣都市計画区域（平成29年度）,ZIP,637486,人口|産業,archive,strict,https://gifu-opendata.pref.gifu.lg.jp/dataset/c38b3463-ebb2-46a6-8182-755d225b0e65/resource/c09deede-a0dd-472e-b0dc-c6dc6707138a/download/04_09_motosutokei.zip
gifu,岐阜県オープンデータ,岐阜県 都市建築部,c11654-074,第9回都市計画基礎調査（都市計画区域別）,https://gifu-opendata.pref.gifu.lg.jp/dataset/c11654-074,その他 (表示),e6aa645f-7c21-480b-abfe-cc850ecf6810,高富都市計画区域（平成29年度）,ZIP,469951,人口|産業,archive,strict,https://gifu-opendata.pref.gifu.lg.jp/dataset/c38b3463-ebb2-46a6-8182-755d225b0e65/resource/e6aa645f-7c21-480b-abfe-cc850ecf6810/download/05_09_takatomitokei.zip
gifu,岐阜県オープンデータ,岐阜県 都市建築部,c11654-074,第9回都市計画基礎調査（都市計画区域別）,https://gifu-opendata.pref.gifu.lg.jp/dataset/c11654-074,その他 (表示),3353b890-ba84-4004-9e6a-824348920640,大垣都市計画区域（平成29年度）,ZIP,1227082,人口|産業,archive,strict,https://gifu-opendata.pref.gifu.lg.jp/dataset/c38b3463-ebb2-46a6-8182-755d225b0e65/resource/3353b890-ba84-4004-9e6a-824348920640/download/06_09_ogakitokei.zip
gifu,岐阜県オープンデータ,岐阜県 都市建築部,c11654-074,第9回都市計画基礎調査（都市計画区域別）,https://gifu-opendata.pref.gifu.lg.jp/dataset/c11654-074,その他 (表示),bc57c96e-e662-4b9f-bcf4-3357e32fd1f7,海津都市計画区域（平成29年度）,ZIP,256626,人口|産業,archive,strict,https://gifu-opendata.pref.gifu.lg.jp/dataset/c38b3463-ebb2-46a6-8182-755d225b0e65/resource/bc57c96e-e662-4b9f-bcf4-3357e32fd1f7/download/07_09_kaizutokei.zip
gifu,岐阜県オープンデータ,岐阜県 都市建築部,c11654-074,第9回都市計画基礎調査（都市計画区域別）,https://gifu-opendata.pref.gifu.lg.jp/dataset/c11654-074,その他 (表示),f13a8358-3faa-4b6b-8018-9de99c02d9a3,養老都市計画区域（平成29年度）,ZIP,372857,人口|産業,archive,strict,https://gifu-opendata.pref.gifu.lg.jp/dataset/c38b3463-ebb2-46a6-8182-755d225b0e65/resource/f13a8358-3faa-4b6b-8018-9de99c02d9a3/download/08_09_yorotokei.zip
gifu,岐阜県オープンデータ,岐阜県 都市建築部,c11654-074,第9回都市計画基礎調査（都市計画区域別）,https://gifu-opendata.pref.gifu.lg.jp/dataset/c11654-074,その他 (表示),1edcc36e-de46-4b4c-9b0f-82a42ee9f5f9,関ケ原都市計画区域（平成29年度）,ZIP,232623,人口|産業,archive,strict,https://gifu-opendata.pref.gifu.lg.jp/dataset/c38b3463-ebb2-46a6-8182-755d225b0e65/resource/1edcc36e-de46-4b4c-9b0f-82a42ee9f5f9/download/09_09_sekigaharatokei.zip
gifu,岐阜県オープンデータ,岐阜県 都市建築部,c11654-074,第9回都市計画基礎調査（都市計画区域別）,https://gifu-opendata.pref.gifu.lg.jp/dataset/c11654-074,その他 (表示),8224cb55-81e3-41b7-80e3-8dbc62e2e9c2,輪之内都市計画区域（平成29年度）,ZIP,98037,人口|産業,archive,strict,https://gifu-opendata.pref.gifu.lg.jp/dataset/c38b3463-ebb2-46a6-8182-755d225b0e65/resource/8224cb55-81e3-41b7-80e3-8dbc62e2e9c2/download/10_09_wanouchitokei.zip
gifu,岐阜県オープンデータ,岐阜県 都市建築部,c11654-074,第9回都市計画基礎調査（都市計画区域別）,https://gifu-opendata.pref.gifu.lg.jp/dataset/c11654-074,その他 (表示),3ea715ba-5114-4522-ac46-44ca248abc19,揖斐都市計画区域（平成29年度）,ZIP,773437,人口|産業,archive,strict,https://gifu-opendata.pref.gifu.lg.jp/dataset/c38b3463-ebb2-46a6-8182-755d225b0e65/resource/3ea715ba-5114-4522-ac46-44ca248abc19/download/11_09_ibitokei.zip
gifu,岐阜県オープンデータ,岐阜県 都市建築部,c11654-074,第9回都市計画基礎調査（都市計画区域別）,https://gifu-opendata.pref.gifu.lg.jp/dataset/c11654-074,その他 (表示),7fddb6e0-453d-4266-8b22-5d8b58812155,関都市計画区域（平成29年度）,ZIP,1398119,人口|産業,archive,strict,https://gifu-opendata.pref.gifu.lg.jp/dataset/c38b3463-ebb2-46a6-8182-755d225b0e65/resource/7fddb6e0-453d-4266-8b22-5d8b58812155/download/12_09_sekitokei.zip
gifu,岐阜県オープンデータ,岐阜県 都市建築部,c11654-074,第9回都市計画基礎調査（都市計画区域別）,https://gifu-opendata.pref.gifu.lg.jp/dataset/c11654-074,その他 (表示),d48ee088-b0d1-46e0-b408-1055bb0e44f2,美濃都市計画区域（平成29年度）,ZIP,618940,人口|産業,archive,strict,https://gifu-opendata.pref.gifu.lg.jp/dataset/c38b3463-ebb2-46a6-8182-755d225b0e65/resource/d48ee088-b0d1-46e0-b408-1055bb0e44f2/download/13_09_minotokei.zip
gifu,岐阜県オープンデータ,岐阜県 都市建築部,c11654-074,第9回都市計画基礎調査（都市計画区域別）,https://gifu-opendata.pref.gifu.lg.jp/dataset/c11654-074,その他 (表示),eee6df35-4f39-4582-90be-0fb92b97eafa,八幡都市計画区域（平成29年度）,ZIP,1424859,人口|産業,archive,strict,https://gifu-opendata.pref.gifu.lg.jp/dataset/c38b3463-ebb2-46a6-8182-755d225b0e65/resource/eee6df35-4f39-4582-90be-0fb92b97eafa/download/14_09_hachimantokei.zip
gifu,岐阜県オープンデータ,岐阜県 都市建築部,c11654-074,第9回都市計画基礎調査（都市計画区域別）,https://gifu-opendata.pref.gifu.lg.jp/dataset/c11654-074,その他 (表示),275bd1d6-712a-4ae0-b4b1-a3a306d3d742,美濃加茂都市計画区域（平成29年度）,ZIP,905511,人口|産業,archive,strict,https://gifu-opendata.pref.gifu.lg.jp/dataset/c38b3463-ebb2-46a6-8182-755d225b0e65/resource/275bd1d6-712a-4ae0-b4b1-a3a306d3d742/download/15_09_minokamotokei.zip
gifu,岐阜県オープンデータ,岐阜県 都市建築部,c11654-074,第9回都市計画基礎調査（都市計画区域別）,https://gifu-opendata.pref.gifu.lg.jp/dataset/c11654-074,その他 (表示),ae8b3cb9-481e-4256-8647-2fec4556fb68,可児都市計画区域（平成29年度）,ZIP,567820,人口|産業,archive,strict,https://gifu-opendata.pref.gifu.lg.jp/dataset/c38b3463-ebb2-46a6-8182-755d225b0e65/resource/ae8b3cb9-481e-4256-8647-2fec4556fb68/download/16_09_kanitokei.zip
gifu,岐阜県オープンデータ,岐阜県 都市建築部,c11654-074,第9回都市計画基礎調査（都市計画区域別）,https://gifu-opendata.pref.gifu.lg.jp/dataset/c11654-074,その他 (表示),8756ad2c-6ccc-431f-be73-9b2582fa6479,八百津都市計画区域（平成29年度）,ZIP,462223,人口|産業,archive,strict,https://gifu-opendata.pref.gifu.lg.jp/dataset/c38b3463-ebb2-46a6-8182-755d225b0e65/resource/8756ad2c-6ccc-431f-be73-9b2582fa6479/download/17_09_yaotsutokei.zip
gifu,岐阜県オープンデータ,岐阜県 都市建築部,c11654-074,第9回都市計画基礎調査（都市計画区域別）,https://gifu-opendata.pref.gifu.lg.jp/dataset/c11654-074,その他 (表示),6971106d-8ff7-4cf5-8adb-880f8d9cdb31,御嵩都市計画区域（平成29年度）,ZIP,421576,人口|産業,archive,strict,https://gifu-opendata.pref.gifu.lg.jp/dataset/c38b3463-ebb2-46a6-8182-755d225b0e65/resource/6971106d-8ff7-4cf5-8adb-880f8d9cdb31/download/18_09_mitaketokei.zip
gifu,岐阜県オープンデータ,岐阜県 都市建築部,c11654-074,第9回都市計画基礎調査（都市計画区域別）,https://gifu-opendata.pref.gifu.lg.jp/dataset/c11654-074,その他 (表示),21fdd3e9-78f7-4c17-b5f0-b998afee280b,多治見都市計画区域（平成29年度）,ZIP,1160105,人口|産業,archive,strict,https://gifu-opendata.pref.gifu.lg.jp/dataset/c38b3463-ebb2-46a6-8182-755d225b0e65/resource/21fdd3e9-78f7-4c17-b5f0-b998afee280b/download/19_09_tajimitokei.zip
gifu,岐阜県オープンデータ,岐阜県 都市建築部,c11654-074,第9回都市計画基礎調査（都市計画区域別）,https://gifu-opendata.pref.gifu.lg.jp/dataset/c11654-074,その他 (表示),4dd37baa-b926-40f0-96a9-f98d2b1b4a54,中津川都市計画区域（平成29年度）,ZIP,857189,人口|産業,archive,strict,https://gifu-opendata.pref.gifu.lg.jp/dataset/c38b3463-ebb2-46a6-8182-755d225b0e65/resource/4dd37baa-b926-40f0-96a9-f98d2b1b4a54/download/20_09_nakatsugawatokei.zip
gifu,岐阜県オープンデータ,岐阜県 都市建築部,c11654-074,第9回都市計画基礎調査（都市計画区域別）,https://gifu-opendata.pref.gifu.lg.jp/dataset/c11654-074,その他 (表示),6c8d2c8d-e1cd-478a-86cb-34a09008fc7c,恵那都市計画区域（平成29年度）,ZIP,1220375,人口|産業,archive,strict,https://gifu-opendata.pref.gifu.lg.jp/dataset/c38b3463-ebb2-46a6-8182-755d225b0e65/resource/6c8d2c8d-e1cd-478a-86cb-34a09008fc7c/download/21_09_enatokei.zip
gifu,岐阜県オープンデータ,岐阜県 都市建築部,c11654-074,第9回都市計画基礎調査（都市計画区域別）,https://gifu-opendata.pref.gifu.lg.jp/dataset/c11654-074,その他 (表示),73dd9845-20f0-4233-8b4c-3fa4a8fa1778,土岐都市計画区域（平成29年度）,ZIP,591710,人口|産業,archive,strict,https://gifu-opendata.pref.gifu.lg.jp/dataset/c38b3463-ebb2-46a6-8182-755d225b0e65/resource/73dd9845-20f0-4233-8b4c-3fa4a8fa1778/download/22_09_tokitokei.zip
gifu,岐阜県オープンデータ,岐阜県 都市建築部,c11654-074,第9回都市計画基礎調査（都市計画区域別）,https://gifu-opendata.pref.gifu.lg.jp/dataset/c11654-074,その他 (表示),a0c42ffb-4319-487c-a160-2374504e89c7,瑞浪都市計画区域（平成29年度）,ZIP,704574,人口|産業,archive,strict,https://gifu-opendata.pref.gifu.lg.jp/dataset/c38b3463-ebb2-46a6-8182-755d225b0e65/resource/a0c42ffb-4319-487c-a160-2374504e89c7/download/23_09_mizunamitokei.zip
gifu,岐阜県オープンデータ,岐阜県 都市建築部,c11654-074,第9回都市計画基礎調査（都市計画区域別）,https://gifu-opendata.pref.gifu.lg.jp/dataset/c11654-074,その他 (表示),d144c28b-60ad-444a-a24b-a8ddf1cd78e0,高山都市計画区域（平成29年度）,ZIP,2328847,人口|産業,archive,strict,https://gifu-opendata.pref.gifu.lg.jp/dataset/c38b3463-ebb2-46a6-8182-755d225b0e65/resource/d144c28b-60ad-444a-a24b-a8ddf1cd78e0/download/24_09_takayamatokei.zip
gifu,岐阜県オープンデータ,岐阜県 都市建築部,c11654-074,第9回都市計画基礎調査（都市計画区域別）,https://gifu-opendata.pref.gifu.lg.jp/dataset/c11654-074,その他 (表示),6eecb7a3-d556-4725-99f8-05bf7b912ad0,下呂都市計画区域（平成29年度）,ZIP,1193966,人口|産業,archive,strict,https://gifu-opendata.pref.gifu.lg.jp/dataset/c38b3463-ebb2-46a6-8182-755d225b0e65/resource/6eecb7a3-d556-4725-99f8-05bf7b912ad0/download/25_09_gerotokei.zip
gifu,岐阜県オープンデータ,岐阜県 都市建築部,c11654-074,第9回都市計画基礎調査（都市計画区域別）,https://gifu-opendata.pref.gifu.lg.jp/dataset/c11654-074,その他 (表示),e7e751dc-198c-4613-8337-7ce16e690ca9,古川、神岡都市計画区域（平成29年度）,ZIP,1114959,,archive,strict,https://gifu-opendata.pref.gifu.lg.jp/dataset/c38b3463-ebb2-46a6-8182-755d225b0e65/resource/e7e751dc-198c-4613-8337-7ce16e690ca9/download/26_27_09_furukawa_kamiokatokei.zip
gifu,岐阜県オープンデータ,岐阜県 都市建築部,c11654-074,第9回都市計画基礎調査（都市計画区域別）,https://gifu-opendata.pref.gifu.lg.jp/dataset/c11654-074,その他 (表示),f5e676df-f224-41ee-a1aa-25fb4304ae35,瑞穂準都市計画区域（平成29年度）,ZIP,88181,人口,archive,strict,https://gifu-opendata.pref.gifu.lg.jp/dataset/c38b3463-ebb2-46a6-8182-755d225b0e65/resource/f5e676df-f224-41ee-a1aa-25fb4304ae35/download/28_09_mizuhojuntokei.zip
gifu,岐阜県オープンデータ,岐阜県 都市建築部,c11654-074,第9回都市計画基礎調査（都市計画区域別）,https://gifu-opendata.pref.gifu.lg.jp/dataset/c11654-074,その他 (表示),d2c78a5e-1b86-481a-adc7-5ed598c01728,データ定義書,XLSX,84576,,tabular,strict,https://gifu-opendata.pref.gifu.lg.jp/dataset/c38b3463-ebb2-46a6-8182-755d225b0e65/resource/d2c78a5e-1b86-481a-adc7-5ed598c01728/download/teigisyo_09.xlsx
gifu,岐阜県オープンデータ,岐阜県 都市建築部,c11654-073,第9回都市計画基礎調査（市町別）,https://gifu-opendata.pref.gifu.lg.jp/dataset/c11654-073,その他 (表示),1ee6d728-3780-4e05-9148-df6d77e2ff7c,データ利用時の注意事項,DOCX,13270,,document,strict,https://gifu-opendata.pref.gifu.lg.jp/dataset/d2749a65-c228-4bd9-97ec-f31f2341789e/resource/1ee6d728-3780-4e05-9148-df6d77e2ff7c/download/chuuijiko.docx
gifu,岐阜県オープンデータ,岐阜県 都市建築部,c11654-073,第9回都市計画基礎調査（市町別）,https://gifu-opendata.pref.gifu.lg.jp/dataset/c11654-073,その他 (表示),ae5579eb-ec73-4d76-b56d-cc049341f152,岐阜市（平成29年度）,ZIP,1945223,土地利用|建物,archive,strict,https://gifu-opendata.pref.gifu.lg.jp/dataset/d2749a65-c228-4bd9-97ec-f31f2341789e/resource/ae5579eb-ec73-4d76-b56d-cc049341f152/download/212016_09_c.gifu.zip
gifu,岐阜県オープンデータ,岐阜県 都市建築部,c11654-073,第9回都市計画基礎調査（市町別）,https://gifu-opendata.pref.gifu.lg.jp/dataset/c11654-073,その他 (表示),e0b8b8d5-04a7-4994-924d-508b97fb34f6,大垣市（平成29年度）,ZIP,834717,土地利用|建物,archive,strict,https://gifu-opendata.pref.gifu.lg.jp/dataset/d2749a65-c228-4bd9-97ec-f31f2341789e/resource/e0b8b8d5-04a7-4994-924d-508b97fb34f6/download/212024_09_c.ogaki.zip
gifu,岐阜県オープンデータ,岐阜県 都市建築部,c11654-073,第9回都市計画基礎調査（市町別）,https://gifu-opendata.pref.gifu.lg.jp/dataset/c11654-073,その他 (表示),942187cb-f7b1-4f1f-a019-9a7058b7074f,高山市（平成30年度）,ZIP,2951375,土地利用|建物,archive,strict,https://gifu-opendata.pref.gifu.lg.jp/dataset/d2749a65-c228-4bd9-97ec-f31f2341789e/resource/942187cb-f7b1-4f1f-a019-9a7058b7074f/download/212032_09_c.takayama.zip
gifu,岐阜県オープンデータ,岐阜県 都市建築部,c11654-073,第9回都市計画基礎調査（市町別）,https://gifu-opendata.pref.gifu.lg.jp/dataset/c11654-073,その他 (表示),24737fc2-1839-420b-9a9d-551ce2bacb92,多治見市（平成29年度）,ZIP,1082966,土地利用|建物,archive,strict,https://gifu-opendata.pref.gifu.lg.jp/dataset/d2749a65-c228-4bd9-97ec-f31f2341789e/resource/24737fc2-1839-420b-9a9d-551ce2bacb92/download/212041_09_c.tajimi.zip
gifu,岐阜県オープンデータ,岐阜県 都市建築部,c11654-073,第9回都市計画基礎調査（市町別）,https://gifu-opendata.pref.gifu.lg.jp/dataset/c11654-073,その他 (表示),d007b82f-770c-474e-b689-527cb8c0c96c,関市（平成30年度）,ZIP,1505753,土地利用|建物,archive,strict,https://gifu-opendata.pref.gifu.lg.jp/dataset/d2749a65-c228-4bd9-97ec-f31f2341789e/resource/d007b82f-770c-474e-b689-527cb8c0c96c/download/212059_09_c.seki.zip
gifu,岐阜県オープンデータ,岐阜県 都市建築部,c11654-073,第9回都市計画基礎調査（市町別）,https://gifu-opendata.pref.gifu.lg.jp/dataset/c11654-073,その他 (表示),8b0ab6ca-331e-4729-8759-0f53b59a80fb,中津川市（平成30年度）,ZIP,998819,土地利用|建物,archive,strict,https://gifu-opendata.pref.gifu.lg.jp/dataset/d2749a65-c228-4bd9-97ec-f31f2341789e/resource/8b0ab6ca-331e-4729-8759-0f53b59a80fb/download/212067_09_c.nakatsugawa.zip
gifu,岐阜県オープンデータ,岐阜県 都市建築部,c11654-073,第9回都市計画基礎調査（市町別）,https://gifu-opendata.pref.gifu.lg.jp/dataset/c11654-073,その他 (表示),82a19801-41d4-46e2-beef-e33c49b02ca4,美濃市（平成30年度）,ZIP,581192,土地利用|建物,archive,strict,https://gifu-opendata.pref.gifu.lg.jp/dataset/d2749a65-c228-4bd9-97ec-f31f2341789e/resource/82a19801-41d4-46e2-beef-e33c49b02ca4/download/212075_09_c.mino.zip
gifu,岐阜県オープンデータ,岐阜県 都市建築部,c11654-073,第9回都市計画基礎調査（市町別）,https://gifu-opendata.pref.gifu.lg.jp/dataset/c11654-073,その他 (表示),3b2be02c-becd-4327-b051-004265a9d049,瑞浪市（令和元年度）,ZIP,616620,土地利用|建物,archive,strict,https://gifu-opendata.pref.gifu.lg.jp/dataset/d2749a65-c228-4bd9-97ec-f31f2341789e/resource/3b2be02c-becd-4327-b051-004265a9d049/download/212083_09_c.mizunami.zip
gifu,岐阜県オープンデータ,岐阜県 都市建築部,c11654-073,第9回都市計画基礎調査（市町別）,https://gifu-opendata.pref.gifu.lg.jp/dataset/c11654-073,その他 (表示),3bdcf188-ad74-49a7-924e-f6b5c8a07bfe,羽島市（平成29年度）,ZIP,326062,土地利用|建物,archive,strict,https://gifu-opendata.pref.gifu.lg.jp/dataset/d2749a65-c228-4bd9-97ec-f31f2341789e/resource/3bdcf188-ad74-49a7-924e-f6b5c8a07bfe/download/212091_09_c.hashima.zip
gifu,岐阜県オープンデータ,岐阜県 都市建築部,c11654-073,第9回都市計画基礎調査（市町別）,https://gifu-opendata.pref.gifu.lg.jp/dataset/c11654-073,その他 (表示),842c3562-bd53-47a8-97ae-c0f0831ebb62,恵那市（平成30年度）,ZIP,1422400,土地利用|建物,archive,strict,https://gifu-opendata.pref.gifu.lg.jp/dataset/d2749a65-c228-4bd9-97ec-f31f2341789e/resource/842c3562-bd53-47a8-97ae-c0f0831ebb62/download/212105_09_c.ena.zip
gifu,岐阜県オープンデータ,岐阜県 都市建築部,c11654-073,第9回都市計画基礎調査（市町別）,https://gifu-opendata.pref.gifu.lg.jp/dataset/c11654-073,その他 (表示),cbbdedaf-e1df-470d-9afb-289e3bb682a8,美濃加茂市（平成30年度）,ZIP,488309,土地利用|建物,archive,strict,https://gifu-opendata.pref.gifu.lg.jp/dataset/d2749a65-c228-4bd9-97ec-f31f2341789e/resource/cbbdedaf-e1df-470d-9afb-289e3bb682a8/download/212113_09_c.minokamo.zip
gifu,岐阜県オープンデータ,岐阜県 都市建築部,c11654-073,第9回都市計画基礎調査（市町別）,https://gifu-opendata.pref.gifu.lg.jp/dataset/c11654-073,その他 (表示),73ec76a3-c91d-4cf0-b684-283fc35a2473,土岐市（平成30年度）,ZIP,469424,土地利用|建物,archive,strict,https://gifu-opendata.pref.gifu.lg.jp/dataset/d2749a65-c228-4bd9-97ec-f31f2341789e/resource/73ec76a3-c91d-4cf0-b684-283fc35a2473/download/212121_09_c.toki.zip
gifu,岐阜県オープンデータ,岐阜県 都市建築部,c11654-073,第9回都市計画基礎調査（市町別）,https://gifu-opendata.pref.gifu.lg.jp/dataset/c11654-073,その他 (表示),049823a8-89db-4ec7-b8ac-bc1af0cb9633,各務原市（平成29年度）,ZIP,645230,土地利用|建物,archive,strict,https://gifu-opendata.pref.gifu.lg.jp/dataset/d2749a65-c228-4bd9-97ec-f31f2341789e/resource/049823a8-89db-4ec7-b8ac-bc1af0cb9633/download/212130_09_c.kakamigahara.zip
gifu,岐阜県オープンデータ,岐阜県 都市建築部,c11654-073,第9回都市計画基礎調査（市町別）,https://gifu-opendata.pref.gifu.lg.jp/dataset/c11654-073,その他 (表示),7ee96d1b-a69d-480d-8db8-753a652e1b50,可児市（平成30年度）,ZIP,605672,土地利用|建物,archive,strict,https://gifu-opendata.pref.gifu.lg.jp/dataset/d2749a65-c228-4bd9-97ec-f31f2341789e/resource/7ee96d1b-a69d-480d-8db8-753a652e1b50/download/212148_09_c.kani.zip
gifu,岐阜県オープンデータ,岐阜県 都市建築部,c11654-073,第9回都市計画基礎調査（市町別）,https://gifu-opendata.pref.gifu.lg.jp/dataset/c11654-073,その他 (表示),44be54c4-2350-4dc8-b3e9-6c8404399ddc,山県市（平成30年度）,ZIP,474814,土地利用|建物,archive,strict,https://gifu-opendata.pref.gifu.lg.jp/dataset/d2749a65-c228-4bd9-97ec-f31f2341789e/resource/44be54c4-2350-4dc8-b3e9-6c8404399ddc/download/212156_09_c.yamagata.zip
gifu,岐阜県オープンデータ,岐阜県 都市建築部,c11654-073,第9回都市計画基礎調査（市町別）,https://gifu-opendata.pref.gifu.lg.jp/dataset/c11654-073,その他 (表示),9646b060-5f83-4552-bccb-3919cf8e3680,瑞穂市（平成29年度）,ZIP,207219,土地利用|建物,archive,strict,https://gifu-opendata.pref.gifu.lg.jp/dataset/d2749a65-c228-4bd9-97ec-f31f2341789e/resource/9646b060-5f83-4552-bccb-3919cf8e3680/download/212164_09_c.mizuho.zip
gifu,岐阜県オープンデータ,岐阜県 都市建築部,c11654-073,第9回都市計画基礎調査（市町別）,https://gifu-opendata.pref.gifu.lg.jp/dataset/c11654-073,その他 (表示),dec4b6e7-51cb-4bbd-a452-1a93ffaa2202,飛騨市（平成30年度）,,1396765,土地利用|建物,other,strict,https://gifu-opendata.pref.gifu.lg.jp/dataset/d2749a65-c228-4bd9-97ec-f31f2341789e/resource/dec4b6e7-51cb-4bbd-a452-1a93ffaa2202/download/212172_09_c.hida.zip
gifu,岐阜県オープンデータ,岐阜県 都市建築部,c11654-073,第9回都市計画基礎調査（市町別）,https://gifu-opendata.pref.gifu.lg.jp/dataset/c11654-073,その他 (表示),0c002609-660d-4647-856e-0886fa50a7b3,本巣市（平成30年度）,ZIP,655720,土地利用|建物,archive,strict,https://gifu-opendata.pref.gifu.lg.jp/dataset/d2749a65-c228-4bd9-97ec-f31f2341789e/resource/0c002609-660d-4647-856e-0886fa50a7b3/download/212181_09_c.motosu.zip
gifu,岐阜県オープンデータ,岐阜県 都市建築部,c11654-073,第9回都市計画基礎調査（市町別）,https://gifu-opendata.pref.gifu.lg.jp/dataset/c11654-073,その他 (表示),df24c9bb-cae8-46e4-b0f4-bd32746439e4,郡上市（令和元年度）,ZIP,1732479,土地利用|建物,archive,strict,https://gifu-opendata.pref.gifu.lg.jp/dataset/d2749a65-c228-4bd9-97ec-f31f2341789e/resource/df24c9bb-cae8-46e4-b0f4-bd32746439e4/download/212199_09_c.gujo.zip
gifu,岐阜県オープンデータ,岐阜県 都市建築部,c11654-073,第9回都市計画基礎調査（市町別）,https://gifu-opendata.pref.gifu.lg.jp/dataset/c11654-073,その他 (表示),c8103880-a1a7-4ce2-94cd-24cbec2a3e2d,下呂市（令和元年度）,ZIP,1358219,土地利用|建物,archive,strict,https://gifu-opendata.pref.gifu.lg.jp/dataset/d2749a65-c228-4bd9-97ec-f31f2341789e/resource/c8103880-a1a7-4ce2-94cd-24cbec2a3e2d/download/212202_09_c.gero.zip
gifu,岐阜県オープンデータ,岐阜県 都市建築部,c11654-073,第9回都市計画基礎調査（市町別）,https://gifu-opendata.pref.gifu.lg.jp/dataset/c11654-073,その他 (表示),a574c22c-c2e5-47c5-aa0f-8d6d7c2ec3a6,海津市（令和元年度）,ZIP,264112,土地利用|建物,archive,strict,https://gifu-opendata.pref.gifu.lg.jp/dataset/d2749a65-c228-4bd9-97ec-f31f2341789e/resource/a574c22c-c2e5-47c5-aa0f-8d6d7c2ec3a6/download/212211_09_c.kaizu.zip
gifu,岐阜県オープンデータ,岐阜県 都市建築部,c11654-073,第9回都市計画基礎調査（市町別）,https://gifu-opendata.pref.gifu.lg.jp/dataset/c11654-073,その他 (表示),63c74b36-2a1f-428d-9c1c-84504a794331,岐南町（平成29年度）,ZIP,106598,土地利用|建物,archive,strict,https://gifu-opendata.pref.gifu.lg.jp/dataset/d2749a65-c228-4bd9-97ec-f31f2341789e/resource/63c74b36-2a1f-428d-9c1c-84504a794331/download/213021_09_t.ginan.zip
gifu,岐阜県オープンデータ,岐阜県 都市建築部,c11654-073,第9回都市計画基礎調査（市町別）,https://gifu-opendata.pref.gifu.lg.jp/dataset/c11654-073,その他 (表示),a3d4863c-b400-475d-bcb6-ca2b3fe56377,笠松町（平成29年度）,ZIP,113149,土地利用|建物,archive,strict,https://gifu-opendata.pref.gifu.lg.jp/dataset/d2749a65-c228-4bd9-97ec-f31f2341789e/resource/a3d4863c-b400-475d-bcb6-ca2b3fe56377/download/213039_09_t.kasamatsu.zip
gifu,岐阜県オープンデータ,岐阜県 都市建築部,c11654-073,第9回都市計画基礎調査（市町別）,https://gifu-opendata.pref.gifu.lg.jp/dataset/c11654-073,その他 (表示),5754e09b-d01d-4d66-b1ec-490f86409a2f,養老町（令和元年度）,ZIP,400609,土地利用|建物,archive,strict,https://gifu-opendata.pref.gifu.lg.jp/dataset/d2749a65-c228-4bd9-97ec-f31f2341789e/resource/5754e09b-d01d-4d66-b1ec-490f86409a2f/download/213411_09_t.yoro.zip
gifu,岐阜県オープンデータ,岐阜県 都市建築部,c11654-073,第9回都市計画基礎調査（市町別）,https://gifu-opendata.pref.gifu.lg.jp/dataset/c11654-073,その他 (表示),d777239f-4e94-4bf9-9af8-4c0c1a23231b,垂井町（平成29年度）,ZIP,301437,土地利用|建物,archive,strict,https://gifu-opendata.pref.gifu.lg.jp/dataset/d2749a65-c228-4bd9-97ec-f31f2341789e/resource/d777239f-4e94-4bf9-9af8-4c0c1a23231b/download/213616_09_t.tarui.zip
gifu,岐阜県オープンデータ,岐阜県 都市建築部,c11654-073,第9回都市計画基礎調査（市町別）,https://gifu-opendata.pref.gifu.lg.jp/dataset/c11654-073,その他 (表示),fcc290b5-001c-400a-baf8-42170add85e2,関ケ原町（平成30年度）,ZIP,235870,土地利用|建物,archive,strict,https://gifu-opendata.pref.gifu.lg.jp/dataset/d2749a65-c228-4bd9-97ec-f31f2341789e/resource/fcc290b5-001c-400a-baf8-42170add85e2/download/213624_09_t.sekigahara.zip
gifu,岐阜県オープンデータ,岐阜県 都市建築部,c11654-073,第9回都市計画基礎調査（市町別）,https://gifu-opendata.pref.gifu.lg.jp/dataset/c11654-073,その他 (表示),2272b893-818d-4f01-8f93-098a4bcda173,神戸町（平成29年度）,ZIP,93304,土地利用|建物,archive,strict,https://gifu-opendata.pref.gifu.lg.jp/dataset/d2749a65-c228-4bd9-97ec-f31f2341789e/resource/2272b893-818d-4f01-8f93-098a4bcda173/download/213811_09_t.godo.zip
gifu,岐阜県オープンデータ,岐阜県 都市建築部,c11654-073,第9回都市計画基礎調査（市町別）,https://gifu-opendata.pref.gifu.lg.jp/dataset/c11654-073,その他 (表示),f996f533-01d2-4d43-b3b6-580dcc43ddf6,輪之内町（令和元年度）,ZIP,94483,土地利用|建物,archive,strict,https://gifu-opendata.pref.gifu.lg.jp/dataset/d2749a65-c228-4bd9-97ec-f31f2341789e/resource/f996f533-01d2-4d43-b3b6-580dcc43ddf6/download/213829_09_t.wanouchi.zip
gifu,岐阜県オープンデータ,岐阜県 都市建築部,c11654-073,第9回都市計画基礎調査（市町別）,https://gifu-opendata.pref.gifu.lg.jp/dataset/c11654-073,その他 (表示),a572212c-405b-4295-9d80-8bcece7e6a11,安八町（平成29年度）,ZIP,120684,土地利用|建物,archive,strict,https://gifu-opendata.pref.gifu.lg.jp/dataset/d2749a65-c228-4bd9-97ec-f31f2341789e/resource/a572212c-405b-4295-9d80-8bcece7e6a11/download/213837_09_t.anpachi.zip
gifu,岐阜県オープンデータ,岐阜県 都市建築部,c11654-073,第9回都市計画基礎調査（市町別）,https://gifu-opendata.pref.gifu.lg.jp/dataset/c11654-073,その他 (表示),8285568b-6f48-43f0-86bf-f0312d468bf7,揖斐川町（令和元年度）,ZIP,709613,土地利用|建物,archive,strict,https://gifu-opendata.pref.gifu.lg.jp/dataset/d2749a65-c228-4bd9-97ec-f31f2341789e/resource/8285568b-6f48-43f0-86bf-f0312d468bf7/download/214019_09_t.ibigawa.zip
gifu,岐阜県オープンデータ,岐阜県 都市建築部,c11654-073,第9回都市計画基礎調査（市町別）,https://gifu-opendata.pref.gifu.lg.jp/dataset/c11654-073,その他 (表示),1b2250d5-175c-4270-83d1-caef426c922a,大野町（令和元年度）,ZIP,93063,土地利用|建物,archive,strict,https://gifu-opendata.pref.gifu.lg.jp/dataset/d2749a65-c228-4bd9-97ec-f31f2341789e/resource/1b2250d5-175c-4270-83d1-caef426c922a/download/214035_09_t.ono.zip
gifu,岐阜県オープンデータ,岐阜県 都市建築部,c11654-073,第9回都市計画基礎調査（市町別）,https://gifu-opendata.pref.gifu.lg.jp/dataset/c11654-073,その他 (表示),dc0056bf-b291-4726-b6b3-61945f98a0d8,池田町（令和元年度）,ZIP,181412,土地利用|建物,archive,strict,https://gifu-opendata.pref.gifu.lg.jp/dataset/d2749a65-c228-4bd9-97ec-f31f2341789e/resource/dc0056bf-b291-4726-b6b3-61945f98a0d8/download/214043_09_t.ikeda.zip
gifu,岐阜県オープンデータ,岐阜県 都市建築部,c11654-073,第9回都市計画基礎調査（市町別）,https://gifu-opendata.pref.gifu.lg.jp/dataset/c11654-073,その他 (表示),d5344039-39e2-40fb-94a9-806fbd7f1d11,北方町（平成29年度）,ZIP,105967,土地利用|建物,archive,strict,https://gifu-opendata.pref.gifu.lg.jp/dataset/d2749a65-c228-4bd9-97ec-f31f2341789e/resource/d5344039-39e2-40fb-94a9-806fbd7f1d11/download/214213_09_t.kitagata.zip
gifu,岐阜県オープンデータ,岐阜県 都市建築部,c11654-073,第9回都市計画基礎調査（市町別）,https://gifu-opendata.pref.gifu.lg.jp/dataset/c11654-073,その他 (表示),7eb4a163-9a33-4529-a3f3-04422be14804,坂祝町（平成30年度）,ZIP,80386,土地利用|建物,archive,strict,https://gifu-opendata.pref.gifu.lg.jp/dataset/d2749a65-c228-4bd9-97ec-f31f2341789e/resource/7eb4a163-9a33-4529-a3f3-04422be14804/download/215015_09_t.sakahogi.zip
gifu,岐阜県オープンデータ,岐阜県 都市建築部,c11654-073,第9回都市計画基礎調査（市町別）,https://gifu-opendata.pref.gifu.lg.jp/dataset/c11654-073,その他 (表示),75f67a03-850f-4d1d-aa15-f1c1a7e27bf2,富加町（平成30年度）,ZIP,152515,土地利用|建物,archive,strict,https://gifu-opendata.pref.gifu.lg.jp/dataset/d2749a65-c228-4bd9-97ec-f31f2341789e/resource/75f67a03-850f-4d1d-aa15-f1c1a7e27bf2/download/215023_09_t.tomika.zip
gifu,岐阜県オープンデータ,岐阜県 都市建築部,c11654-073,第9回都市計画基礎調査（市町別）,https://gifu-opendata.pref.gifu.lg.jp/dataset/c11654-073,その他 (表示),afcbd469-6d59-41ae-835a-355f89514b18,川辺町（平成30年度）,ZIP,223884,土地利用|建物,archive,strict,https://gifu-opendata.pref.gifu.lg.jp/dataset/d2749a65-c228-4bd9-97ec-f31f2341789e/resource/afcbd469-6d59-41ae-835a-355f89514b18/download/215031_09_t.kawabe.zip
gifu,岐阜県オープンデータ,岐阜県 都市建築部,c11654-073,第9回都市計画基礎調査（市町別）,https://gifu-opendata.pref.gifu.lg.jp/dataset/c11654-073,その他 (表示),375f229b-ef8f-48f0-892d-9c53053ab487,八百津町（令和元年度）,ZIP,426773,土地利用|建物,archive,strict,https://gifu-opendata.pref.gifu.lg.jp/dataset/d2749a65-c228-4bd9-97ec-f31f2341789e/resource/375f229b-ef8f-48f0-892d-9c53053ab487/download/215058_09_t.yaotsu.zip
gifu,岐阜県オープンデータ,岐阜県 都市建築部,c11654-073,第9回都市計画基礎調査（市町別）,https://gifu-opendata.pref.gifu.lg.jp/dataset/c11654-073,その他 (表示),e7cb2161-22c4-4b91-bc8b-c4dcfee035a5,御嵩町（平成30年度）,ZIP,345947,土地利用|建物,archive,strict,https://gifu-opendata.pref.gifu.lg.jp/dataset/d2749a65-c228-4bd9-97ec-f31f2341789e/resource/e7cb2161-22c4-4b91-bc8b-c4dcfee035a5/download/215210_09_t.mitake.zip
gifu,岐阜県オープンデータ,岐阜県 都市建築部,c11654-073,第9回都市計画基礎調査（市町別）,https://gifu-opendata.pref.gifu.lg.jp/dataset/c11654-073,その他 (表示),b4a7f01e-0ea8-427a-9eb3-d15947a5b65d,データ定義書,XLSX,84576,,tabular,strict,https://gifu-opendata.pref.gifu.lg.jp/dataset/d2749a65-c228-4bd9-97ec-f31f2341789e/resource/b4a7f01e-0ea8-427a-9eb3-d15947a5b65d/download/teigisyo_09.xlsx
gifu,岐阜県オープンデータ,岐阜市,c11654-034,【岐阜市】第9回都市計画基礎調査,https://gifu-opendata.pref.gifu.lg.jp/dataset/c11654-034,その他 (表示),36aaa1cd-844a-486e-addf-db7361c3feaa,データ利用時の注意事項,DOCX,13270,,document,strict,https://gifu-opendata.pref.gifu.lg.jp/dataset/f641de0c-4772-4be4-a88a-e22b9fd43816/resource/36aaa1cd-844a-486e-addf-db7361c3feaa/download/chuuijiko.docx
gifu,岐阜県オープンデータ,岐阜市,c11654-034,【岐阜市】第9回都市計画基礎調査,https://gifu-opendata.pref.gifu.lg.jp/dataset/c11654-034,その他 (表示),244b1f7c-711f-464f-9654-76d79b471523,【岐阜市】都市計画基礎調査（平成29年度）,ZIP,1945223,土地利用|建物,archive,strict,https://gifu-opendata.pref.gifu.lg.jp/dataset/f641de0c-4772-4be4-a88a-e22b9fd43816/resource/244b1f7c-711f-464f-9654-76d79b471523/download/212016_09_c.gifu.zip
gifu,岐阜県オープンデータ,岐阜市,c11654-034,【岐阜市】第9回都市計画基礎調査,https://gifu-opendata.pref.gifu.lg.jp/dataset/c11654-034,その他 (表示),099d4796-be2b-4e22-9454-79a1994cd7eb,データ定義書,XLSX,85901,,tabular,strict,https://gifu-opendata.pref.gifu.lg.jp/dataset/f641de0c-4772-4be4-a88a-e22b9fd43816/resource/099d4796-be2b-4e22-9454-79a1994cd7eb/download/teigisyo_09.xlsx
gifu,岐阜県オープンデータ,下呂市,c11654-053,【下呂市】第9回都市計画基礎調査,https://gifu-opendata.pref.gifu.lg.jp/dataset/c11654-053,その他 (表示),06931478-3c31-4076-90c6-7a7d6acef420,データ利用時の注意事項,DOCX,13270,,document,strict,https://gifu-opendata.pref.gifu.lg.jp/dataset/e9762d1b-a8b3-46ba-8c85-59f94e64fb24/resource/06931478-3c31-4076-90c6-7a7d6acef420/download/chuuijiko.docx
gifu,岐阜県オープンデータ,下呂市,c11654-053,【下呂市】第9回都市計画基礎調査,https://gifu-opendata.pref.gifu.lg.jp/dataset/c11654-053,その他 (表示),3e71da8b-9a7c-4e4f-90a7-827e4b12840c,【下呂市】都市計画基礎調査（令和元年度）,ZIP,1358219,土地利用|建物,archive,strict,https://gifu-opendata.pref.gifu.lg.jp/dataset/e9762d1b-a8b3-46ba-8c85-59f94e64fb24/resource/3e71da8b-9a7c-4e4f-90a7-827e4b12840c/download/212202_09_c.gero.zip
gifu,岐阜県オープンデータ,下呂市,c11654-053,【下呂市】第9回都市計画基礎調査,https://gifu-opendata.pref.gifu.lg.jp/dataset/c11654-053,その他 (表示),11c60f56-f3c0-481e-903e-a0ef6de1610b,データ定義書,XLSX,84576,,tabular,strict,https://gifu-opendata.pref.gifu.lg.jp/dataset/e9762d1b-a8b3-46ba-8c85-59f94e64fb24/resource/11c60f56-f3c0-481e-903e-a0ef6de1610b/download/teigisyo_09.xlsx
gifu,岐阜県オープンデータ,海津市,c11654-054,【海津市】第9回都市計画基礎調査,https://gifu-opendata.pref.gifu.lg.jp/dataset/c11654-054,その他 (表示),86e132cd-1f75-4a27-9d5b-d1db4193a76c,データ利用時の注意事項,DOCX,13270,,document,strict,https://gifu-opendata.pref.gifu.lg.jp/dataset/e1a5590b-6eb7-45ec-9c59-f09fe8cc0798/resource/86e132cd-1f75-4a27-9d5b-d1db4193a76c/download/chuuijiko.docx
gifu,岐阜県オープンデータ,海津市,c11654-054,【海津市】第9回都市計画基礎調査,https://gifu-opendata.pref.gifu.lg.jp/dataset/c11654-054,その他 (表示),c32413df-06f6-4073-8ce1-1d0737e7f446,【海津市】都市計画基礎調査（令和元年度）,ZIP,264112,土地利用|建物,archive,strict,https://gifu-opendata.pref.gifu.lg.jp/dataset/e1a5590b-6eb7-45ec-9c59-f09fe8cc0798/resource/c32413df-06f6-4073-8ce1-1d0737e7f446/download/212211_09_c.kaizu.zip
gifu,岐阜県オープンデータ,海津市,c11654-054,【海津市】第9回都市計画基礎調査,https://gifu-opendata.pref.gifu.lg.jp/dataset/c11654-054,その他 (表示),c96fb587-f2df-4569-8967-140ca8a44907,データ定義書,XLSX,84576,,tabular,strict,https://gifu-opendata.pref.gifu.lg.jp/dataset/e1a5590b-6eb7-45ec-9c59-f09fe8cc0798/resource/c96fb587-f2df-4569-8967-140ca8a44907/download/teigisyo_09.xlsx
gifu,岐阜県オープンデータ,郡上市,c11654-052,【郡上市】第9回都市計画基礎調査,https://gifu-opendata.pref.gifu.lg.jp/dataset/c11654-052,その他 (表示),b57174f3-3e5c-447d-a8d7-1272b10792a6,データ利用時の注意事項,DOCX,13270,,document,strict,https://gifu-opendata.pref.gifu.lg.jp/dataset/27f283cb-42f3-4ffc-ba3d-bbeba2cc0b59/resource/b57174f3-3e5c-447d-a8d7-1272b10792a6/download/chuuijiko.docx
gifu,岐阜県オープンデータ,郡上市,c11654-052,【郡上市】第9回都市計画基礎調査,https://gifu-opendata.pref.gifu.lg.jp/dataset/c11654-052,その他 (表示),45cce79b-9d7f-4159-a85b-effef6ed2ee4,【郡上市】都市計画基礎調査（令和元年度）,ZIP,1732479,土地利用|建物,archive,strict,https://gifu-opendata.pref.gifu.lg.jp/dataset/27f283cb-42f3-4ffc-ba3d-bbeba2cc0b59/resource/45cce79b-9d7f-4159-a85b-effef6ed2ee4/download/212199_09_c.gujo.zip
gifu,岐阜県オープンデータ,郡上市,c11654-052,【郡上市】第9回都市計画基礎調査,https://gifu-opendata.pref.gifu.lg.jp/dataset/c11654-052,その他 (表示),119b4377-e9df-4eae-9665-9f1b7b71a611,データ定義書,XLSX,85901,,tabular,strict,https://gifu-opendata.pref.gifu.lg.jp/dataset/27f283cb-42f3-4ffc-ba3d-bbeba2cc0b59/resource/119b4377-e9df-4eae-9665-9f1b7b71a611/download/teigisyo_09.xlsx
gifu,岐阜県オープンデータ,本巣市,c11654-051,【本巣市】第9回都市計画基礎調査,https://gifu-opendata.pref.gifu.lg.jp/dataset/c11654-051,その他 (表示),7d41e1a7-700f-46ed-ac9b-64d6b89d2422,データ利用時の注意事項,DOCX,13270,,document,strict,https://gifu-opendata.pref.gifu.lg.jp/dataset/c70345c7-5134-4487-9509-36b0814fca4a/resource/7d41e1a7-700f-46ed-ac9b-64d6b89d2422/download/chuuijiko.docx
gifu,岐阜県オープンデータ,本巣市,c11654-051,【本巣市】第9回都市計画基礎調査,https://gifu-opendata.pref.gifu.lg.jp/dataset/c11654-051,その他 (表示),be485527-abf2-4574-8088-24130338741c,【本巣市】都市計画基礎調査（平成30年度）,ZIP,655720,土地利用|建物,archive,strict,https://gifu-opendata.pref.gifu.lg.jp/dataset/c70345c7-5134-4487-9509-36b0814fca4a/resource/be485527-abf2-4574-8088-24130338741c/download/212181_09_c.motosu.zip
gifu,岐阜県オープンデータ,本巣市,c11654-051,【本巣市】第9回都市計画基礎調査,https://gifu-opendata.pref.gifu.lg.jp/dataset/c11654-051,その他 (表示),42b8f72d-3d38-420d-a788-6de68f9bd36c,データ定義書,XLSX,85901,,tabular,strict,https://gifu-opendata.pref.gifu.lg.jp/dataset/c70345c7-5134-4487-9509-36b0814fca4a/resource/42b8f72d-3d38-420d-a788-6de68f9bd36c/download/teigisyo_09.xlsx
gifu,岐阜県オープンデータ,飛騨市,c11654-050,【飛騨市】第9回都市計画基礎調査,https://gifu-opendata.pref.gifu.lg.jp/dataset/c11654-050,その他 (表示),c4d37892-3863-4672-9ec5-60c5089278e1,データ利用時の注意事項,DOCX,13270,,document,strict,https://gifu-opendata.pref.gifu.lg.jp/dataset/73a30332-5a08-4622-b5a8-0135bd005fdf/resource/c4d37892-3863-4672-9ec5-60c5089278e1/download/chuuijiko.docx
gifu,岐阜県オープンデータ,飛騨市,c11654-050,【飛騨市】第9回都市計画基礎調査,https://gifu-opendata.pref.gifu.lg.jp/dataset/c11654-050,その他 (表示),311c1be2-8026-47e7-a06c-2c6709819387,【飛騨市】都市計画基礎調査（平成30年度）,ZIP,1396765,土地利用|建物,archive,strict,https://gifu-opendata.pref.gifu.lg.jp/dataset/73a30332-5a08-4622-b5a8-0135bd005fdf/resource/311c1be2-8026-47e7-a06c-2c6709819387/download/212172_09_c.hida.zip
gifu,岐阜県オープンデータ,飛騨市,c11654-050,【飛騨市】第9回都市計画基礎調査,https://gifu-opendata.pref.gifu.lg.jp/dataset/c11654-050,その他 (表示),62199a65-5a1f-447f-a3c9-a09738ae6c0b,データ定義書,XLSX,85901,,tabular,strict,https://gifu-opendata.pref.gifu.lg.jp/dataset/73a30332-5a08-4622-b5a8-0135bd005fdf/resource/62199a65-5a1f-447f-a3c9-a09738ae6c0b/download/teigisyo_09.xlsx
gifu,岐阜県オープンデータ,瑞穂市,c11654-049,【瑞穂市】第9回都市計画基礎調査,https://gifu-opendata.pref.gifu.lg.jp/dataset/c11654-049,その他 (表示),15b305c7-dd34-4ed5-90ea-8ce1b6c7adb3,データ利用時の注意事項,DOCX,13270,,document,strict,https://gifu-opendata.pref.gifu.lg.jp/dataset/bf8ff82d-319c-43b5-b6e4-a90872426698/resource/15b305c7-dd34-4ed5-90ea-8ce1b6c7adb3/download/chuuijiko.docx
gifu,岐阜県オープンデータ,瑞穂市,c11654-049,【瑞穂市】第9回都市計画基礎調査,https://gifu-opendata.pref.gifu.lg.jp/dataset/c11654-049,その他 (表示),e6bd91f3-483b-421d-96e2-e4c05b6ff76d,【瑞穂市】都市計画基礎調査（平成29年度）,ZIP,207219,土地利用|建物,archive,strict,https://gifu-opendata.pref.gifu.lg.jp/dataset/bf8ff82d-319c-43b5-b6e4-a90872426698/resource/e6bd91f3-483b-421d-96e2-e4c05b6ff76d/download/212164_09_c.mizuho.zip
gifu,岐阜県オープンデータ,瑞穂市,c11654-049,【瑞穂市】第9回都市計画基礎調査,https://gifu-opendata.pref.gifu.lg.jp/dataset/c11654-049,その他 (表示),1c58726f-ea23-4019-9f7c-6545e508ccbc,データ定義書,XLSX,85901,,tabular,strict,https://gifu-opendata.pref.gifu.lg.jp/dataset/bf8ff82d-319c-43b5-b6e4-a90872426698/resource/1c58726f-ea23-4019-9f7c-6545e508ccbc/download/teigisyo_09.xlsx
gifu,岐阜県オープンデータ,山県市,c11654-048,【山県市】第9回都市計画基礎調査,https://gifu-opendata.pref.gifu.lg.jp/dataset/c11654-048,その他 (表示),5eda8c89-2455-4d7c-875e-e3bf389eb76d,データ利用時の注意事項,DOCX,13270,,document,strict,https://gifu-opendata.pref.gifu.lg.jp/dataset/de4d904d-595e-4db2-8e6d-33c7581fed80/resource/5eda8c89-2455-4d7c-875e-e3bf389eb76d/download/chuuijiko.docx
gifu,岐阜県オープンデータ,山県市,c11654-048,【山県市】第9回都市計画基礎調査,https://gifu-opendata.pref.gifu.lg.jp/dataset/c11654-048,その他 (表示),f7c5181f-c39f-4da0-aa39-a71308b584aa,【山県市】都市計画基礎調査（平成30年度）,ZIP,474814,土地利用|建物,archive,strict,https://gifu-opendata.pref.gifu.lg.jp/dataset/de4d904d-595e-4db2-8e6d-33c7581fed80/resource/f7c5181f-c39f-4da0-aa39-a71308b584aa/download/212156_09_c.yamagata.zip
gifu,岐阜県オープンデータ,山県市,c11654-048,【山県市】第9回都市計画基礎調査,https://gifu-opendata.pref.gifu.lg.jp/dataset/c11654-048,その他 (表示),948fab7a-c870-475c-ae99-0e3681dd0e54,データ定義書,XLSX,85901,,tabular,strict,https://gifu-opendata.pref.gifu.lg.jp/dataset/de4d904d-595e-4db2-8e6d-33c7581fed80/resource/948fab7a-c870-475c-ae99-0e3681dd0e54/download/teigisyo_09.xlsx
gifu,岐阜県オープンデータ,可児市,c11654-047,【可児市】第9回都市計画基礎調査,https://gifu-opendata.pref.gifu.lg.jp/dataset/c11654-047,その他 (表示),011e0fa7-f0e3-41cc-a6a8-32ff49c9eb61,データ利用時の注意事項,DOCX,13270,,document,strict,https://gifu-opendata.pref.gifu.lg.jp/dataset/87626a18-057d-4599-be6b-d52f1c44458b/resource/011e0fa7-f0e3-41cc-a6a8-32ff49c9eb61/download/chuuijiko.docx
gifu,岐阜県オープンデータ,可児市,c11654-047,【可児市】第9回都市計画基礎調査,https://gifu-opendata.pref.gifu.lg.jp/dataset/c11654-047,その他 (表示),61318833-8a82-4513-82d5-500341c41acc,【可児市】都市計画基礎調査（平成30年度）,ZIP,605672,土地利用|建物,archive,strict,https://gifu-opendata.pref.gifu.lg.jp/dataset/87626a18-057d-4599-be6b-d52f1c44458b/resource/61318833-8a82-4513-82d5-500341c41acc/download/212148_09_c.kani.zip
gifu,岐阜県オープンデータ,可児市,c11654-047,【可児市】第9回都市計画基礎調査,https://gifu-opendata.pref.gifu.lg.jp/dataset/c11654-047,その他 (表示),f5961f62-115f-4978-a825-2795009099d0,データ定義書,XLSX,85901,,tabular,strict,https://gifu-opendata.pref.gifu.lg.jp/dataset/87626a18-057d-4599-be6b-d52f1c44458b/resource/f5961f62-115f-4978-a825-2795009099d0/download/teigisyo_09.xlsx
gifu,岐阜県オープンデータ,各務原市,c11654-046,【各務原市】第9回都市計画基礎調査,https://gifu-opendata.pref.gifu.lg.jp/dataset/c11654-046,その他 (表示),1765103e-4146-41ed-bbb4-2421db30f9b6,データ利用時の注意事項,DOCX,13270,,document,strict,https://gifu-opendata.pref.gifu.lg.jp/dataset/8fa6f86a-6d6f-461e-9720-c3e55cf3d596/resource/1765103e-4146-41ed-bbb4-2421db30f9b6/download/chuuijiko.docx
gifu,岐阜県オープンデータ,各務原市,c11654-046,【各務原市】第9回都市計画基礎調査,https://gifu-opendata.pref.gifu.lg.jp/dataset/c11654-046,その他 (表示),b2272f3a-8f6d-4d5f-8101-7ef311fad2e5,【各務原市】都市計画基礎調査（平成29年度）,ZIP,645230,土地利用|建物,archive,strict,https://gifu-opendata.pref.gifu.lg.jp/dataset/8fa6f86a-6d6f-461e-9720-c3e55cf3d596/resource/b2272f3a-8f6d-4d5f-8101-7ef311fad2e5/download/212130_09_c.kakamigahara.zip
gifu,岐阜県オープンデータ,各務原市,c11654-046,【各務原市】第9回都市計画基礎調査,https://gifu-opendata.pref.gifu.lg.jp/dataset/c11654-046,その他 (表示),358f6646-058f-4e1e-8c20-c11ba99ad9b5,データ定義書,XLSX,85901,,tabular,strict,https://gifu-opendata.pref.gifu.lg.jp/dataset/8fa6f86a-6d6f-461e-9720-c3e55cf3d596/resource/358f6646-058f-4e1e-8c20-c11ba99ad9b5/download/teigisyo_09.xlsx
gifu,岐阜県オープンデータ,土岐市,c11654-045,【土岐市】第9回都市計画基礎調査,https://gifu-opendata.pref.gifu.lg.jp/dataset/c11654-045,その他 (表示),42a04de5-83a2-4b3b-94a1-de266840a2ed,データ利用時の注意事項,DOCX,13270,,document,strict,https://gifu-opendata.pref.gifu.lg.jp/dataset/38733e00-52ca-40ee-b47d-3f0daab20282/resource/42a04de5-83a2-4b3b-94a1-de266840a2ed/download/chuuijiko.docx
gifu,岐阜県オープンデータ,土岐市,c11654-045,【土岐市】第9回都市計画基礎調査,https://gifu-opendata.pref.gifu.lg.jp/dataset/c11654-045,その他 (表示),6bd6c743-54e5-447f-896a-05bfd12a10e8,【土岐市】都市計画基礎調査（平成30年度）,ZIP,469424,土地利用|建物,archive,strict,https://gifu-opendata.pref.gifu.lg.jp/dataset/38733e00-52ca-40ee-b47d-3f0daab20282/resource/6bd6c743-54e5-447f-896a-05bfd12a10e8/download/212121_09_c.toki.zip
gifu,岐阜県オープンデータ,土岐市,c11654-045,【土岐市】第9回都市計画基礎調査,https://gifu-opendata.pref.gifu.lg.jp/dataset/c11654-045,その他 (表示),ad867ff8-1f82-44ff-9f15-f91953ff266c,データ定義書,XLSX,85901,,tabular,strict,https://gifu-opendata.pref.gifu.lg.jp/dataset/38733e00-52ca-40ee-b47d-3f0daab20282/resource/ad867ff8-1f82-44ff-9f15-f91953ff266c/download/teigisyo_09.xlsx
gifu,岐阜県オープンデータ,恵那市,c11654-043,【恵那市】第9回都市計画基礎調査,https://gifu-opendata.pref.gifu.lg.jp/dataset/c11654-043,その他 (表示),8fcde2a2-bc04-43ea-acbd-2ad7f8112349,データ利用時の注意事項,DOCX,13270,,document,strict,https://gifu-opendata.pref.gifu.lg.jp/dataset/17d084c9-a323-42fe-89be-d495b7efd5f6/resource/8fcde2a2-bc04-43ea-acbd-2ad7f8112349/download/chuuijiko.docx
gifu,岐阜県オープンデータ,恵那市,c11654-043,【恵那市】第9回都市計画基礎調査,https://gifu-opendata.pref.gifu.lg.jp/dataset/c11654-043,その他 (表示),4469774e-52e0-451b-90c6-f2e61bc1b0b6,【恵那市】都市計画基礎調査（平成30年度）,ZIP,1422400,土地利用|建物,archive,strict,https://gifu-opendata.pref.gifu.lg.jp/dataset/17d084c9-a323-42fe-89be-d495b7efd5f6/resource/4469774e-52e0-451b-90c6-f2e61bc1b0b6/download/212105_09_c.ena.zip
gifu,岐阜県オープンデータ,恵那市,c11654-043,【恵那市】第9回都市計画基礎調査,https://gifu-opendata.pref.gifu.lg.jp/dataset/c11654-043,その他 (表示),b0c779fc-e344-45ed-b6f9-f85f6d9d8bd1,データ定義書,XLSX,85901,,tabular,strict,https://gifu-opendata.pref.gifu.lg.jp/dataset/17d084c9-a323-42fe-89be-d495b7efd5f6/resource/b0c779fc-e344-45ed-b6f9-f85f6d9d8bd1/download/teigisyo_09.xlsx
gifu,岐阜県オープンデータ,羽島市,c11654-042,【羽島市】第9回都市計画基礎調査,https://gifu-opendata.pref.gifu.lg.jp/dataset/c11654-042,その他 (表示),dc54bf77-0d5d-4058-9e28-a13d794e1d9a,データ利用時の注意事項,DOCX,13270,,document,strict,https://gifu-opendata.pref.gifu.lg.jp/dataset/b71fe7eb-b8f2-4627-af11-db056a8fa02a/resource/dc54bf77-0d5d-4058-9e28-a13d794e1d9a/download/chuuijiko.docx
gifu,岐阜県オープンデータ,羽島市,c11654-042,【羽島市】第9回都市計画基礎調査,https://gifu-opendata.pref.gifu.lg.jp/dataset/c11654-042,その他 (表示),51c68aaa-3571-4a3a-a0f6-dfe3c619d0c5,【羽島市】都市計画基礎調査（平成29年度）,ZIP,326062,土地利用|建物,archive,strict,https://gifu-opendata.pref.gifu.lg.jp/dataset/b71fe7eb-b8f2-4627-af11-db056a8fa02a/resource/51c68aaa-3571-4a3a-a0f6-dfe3c619d0c5/download/212091_09_c.hashima.zip
gifu,岐阜県オープンデータ,羽島市,c11654-042,【羽島市】第9回都市計画基礎調査,https://gifu-opendata.pref.gifu.lg.jp/dataset/c11654-042,その他 (表示),35257195-9fbe-46d8-9af1-33c2b0227b91,データ定義書,XLSX,85901,,tabular,strict,https://gifu-opendata.pref.gifu.lg.jp/dataset/b71fe7eb-b8f2-4627-af11-db056a8fa02a/resource/35257195-9fbe-46d8-9af1-33c2b0227b91/download/teigisyo_09.xlsx
gifu,岐阜県オープンデータ,瑞浪市,c11654-041,【瑞浪市】第9回都市計画基礎調査,https://gifu-opendata.pref.gifu.lg.jp/dataset/c11654-041,その他 (表示),9370be7b-e4a9-4b2c-b814-b27d11805558,データ利用時の注意事項,DOCX,13270,,document,strict,https://gifu-opendata.pref.gifu.lg.jp/dataset/c0811014-de57-459f-8e17-e3b3ccc32696/resource/9370be7b-e4a9-4b2c-b814-b27d11805558/download/chuuijiko.docx
gifu,岐阜県オープンデータ,瑞浪市,c11654-041,【瑞浪市】第9回都市計画基礎調査,https://gifu-opendata.pref.gifu.lg.jp/dataset/c11654-041,その他 (表示),8b636882-121b-4536-a79a-8563bcb15139,【瑞浪市】都市計画基礎調査（令和元年度）,ZIP,616620,土地利用|建物,archive,strict,https://gifu-opendata.pref.gifu.lg.jp/dataset/c0811014-de57-459f-8e17-e3b3ccc32696/resource/8b636882-121b-4536-a79a-8563bcb15139/download/212083_09_c.mizunami.zip
gifu,岐阜県オープンデータ,瑞浪市,c11654-041,【瑞浪市】第9回都市計画基礎調査,https://gifu-opendata.pref.gifu.lg.jp/dataset/c11654-041,その他 (表示),cb5d3b7f-e076-4b93-acf3-bfa3f8fc2f62,データ定義書,XLSX,85901,,tabular,strict,https://gifu-opendata.pref.gifu.lg.jp/dataset/c0811014-de57-459f-8e17-e3b3ccc32696/resource/cb5d3b7f-e076-4b93-acf3-bfa3f8fc2f62/download/teigisyo_09.xlsx
gifu,岐阜県オープンデータ,美濃市,c11654-040,【美濃市】第9回都市計画基礎調査,https://gifu-opendata.pref.gifu.lg.jp/dataset/c11654-040,その他 (表示),373ec4b0-e2c5-46ba-9834-6e2daf43b347,データ利用時の注意事項,DOCX,13270,,document,strict,https://gifu-opendata.pref.gifu.lg.jp/dataset/9eb14c05-a627-4c8a-b25f-0975793ad833/resource/373ec4b0-e2c5-46ba-9834-6e2daf43b347/download/chuuijiko.docx
gifu,岐阜県オープンデータ,美濃市,c11654-040,【美濃市】第9回都市計画基礎調査,https://gifu-opendata.pref.gifu.lg.jp/dataset/c11654-040,その他 (表示),ede25199-0d0b-4502-a55c-861da473f598,【美濃市】都市計画基礎調査（平成30年度）,ZIP,581192,土地利用|建物,archive,strict,https://gifu-opendata.pref.gifu.lg.jp/dataset/9eb14c05-a627-4c8a-b25f-0975793ad833/resource/ede25199-0d0b-4502-a55c-861da473f598/download/212075_09_c.mino.zip
gifu,岐阜県オープンデータ,美濃市,c11654-040,【美濃市】第9回都市計画基礎調査,https://gifu-opendata.pref.gifu.lg.jp/dataset/c11654-040,その他 (表示),ea4b923d-feac-4b1c-8442-2d0bcdb2ab19,データ定義書,XLSX,85901,,tabular,strict,https://gifu-opendata.pref.gifu.lg.jp/dataset/9eb14c05-a627-4c8a-b25f-0975793ad833/resource/ea4b923d-feac-4b1c-8442-2d0bcdb2ab19/download/teigisyo_09.xlsx
gifu,岐阜県オープンデータ,中津川市,c11654-039,【中津川市】第9回都市計画基礎調査,https://gifu-opendata.pref.gifu.lg.jp/dataset/c11654-039,その他 (表示),22962908-017c-4ba1-a012-064092070607,データ利用時の注意事項,DOCX,13270,,document,strict,https://gifu-opendata.pref.gifu.lg.jp/dataset/5c63bedc-3685-4f5a-8c33-e0e446563896/resource/22962908-017c-4ba1-a012-064092070607/download/chuuijiko.docx
gifu,岐阜県オープンデータ,中津川市,c11654-039,【中津川市】第9回都市計画基礎調査,https://gifu-opendata.pref.gifu.lg.jp/dataset/c11654-039,その他 (表示),20913fd1-198c-4132-ae83-d322ee14c369,【中津川市】都市計画基礎調査（平成30年度）,ZIP,998819,土地利用|建物,archive,strict,https://gifu-opendata.pref.gifu.lg.jp/dataset/5c63bedc-3685-4f5a-8c33-e0e446563896/resource/20913fd1-198c-4132-ae83-d322ee14c369/download/212067_09_c.nakatsugawa.zip
gifu,岐阜県オープンデータ,中津川市,c11654-039,【中津川市】第9回都市計画基礎調査,https://gifu-opendata.pref.gifu.lg.jp/dataset/c11654-039,その他 (表示),fb374059-ba5d-4a8c-a67c-51a699dfdfbe,データ定義書,XLSX,85901,,tabular,strict,https://gifu-opendata.pref.gifu.lg.jp/dataset/5c63bedc-3685-4f5a-8c33-e0e446563896/resource/fb374059-ba5d-4a8c-a67c-51a699dfdfbe/download/teigisyo_09.xlsx
gifu,岐阜県オープンデータ,関市,c11654-038,【関市】第9回都市計画基礎調査,https://gifu-opendata.pref.gifu.lg.jp/dataset/c11654-038,その他 (表示),93e1fb31-0e2e-4f5e-9f18-fee0d254e1f4,データ利用時の注意事項,DOCX,13270,,document,strict,https://gifu-opendata.pref.gifu.lg.jp/dataset/84899962-11f6-46d6-87e5-1ea4040664ea/resource/93e1fb31-0e2e-4f5e-9f18-fee0d254e1f4/download/chuuijiko.docx
gifu,岐阜県オープンデータ,関市,c11654-038,【関市】第9回都市計画基礎調査,https://gifu-opendata.pref.gifu.lg.jp/dataset/c11654-038,その他 (表示),b7a13af4-a78d-40c5-984f-538e58e3e43d,【関市】都市計画基礎調査（平成30年度）,ZIP,1505753,土地利用|建物,archive,strict,https://gifu-opendata.pref.gifu.lg.jp/dataset/84899962-11f6-46d6-87e5-1ea4040664ea/resource/b7a13af4-a78d-40c5-984f-538e58e3e43d/download/212059_09_c.seki.zip
gifu,岐阜県オープンデータ,関市,c11654-038,【関市】第9回都市計画基礎調査,https://gifu-opendata.pref.gifu.lg.jp/dataset/c11654-038,その他 (表示),a0b52854-76c5-4dad-886c-fc159ebf4bc1,データ定義書,XLSX,85901,,tabular,strict,https://gifu-opendata.pref.gifu.lg.jp/dataset/84899962-11f6-46d6-87e5-1ea4040664ea/resource/a0b52854-76c5-4dad-886c-fc159ebf4bc1/download/teigisyo_09.xlsx
gifu,岐阜県オープンデータ,多治見市,c11654-037,【多治見市】第9回都市計画基礎調査,https://gifu-opendata.pref.gifu.lg.jp/dataset/c11654-037,その他 (表示),81588e3f-0970-4bef-941c-1c6984d1c053,データ利用時の注意事項,DOCX,13270,,document,strict,https://gifu-opendata.pref.gifu.lg.jp/dataset/6cdecade-3a4d-41c6-8816-afd67d536818/resource/81588e3f-0970-4bef-941c-1c6984d1c053/download/chuuijiko.docx
gifu,岐阜県オープンデータ,多治見市,c11654-037,【多治見市】第9回都市計画基礎調査,https://gifu-opendata.pref.gifu.lg.jp/dataset/c11654-037,その他 (表示),c527c2e1-5f5f-44fd-b4ea-91089f6e6b3e,【多治見市】都市計画基礎調査（平成29年度）,ZIP,1082966,土地利用|建物,archive,strict,https://gifu-opendata.pref.gifu.lg.jp/dataset/6cdecade-3a4d-41c6-8816-afd67d536818/resource/c527c2e1-5f5f-44fd-b4ea-91089f6e6b3e/download/212041_09_c.tajimi.zip
gifu,岐阜県オープンデータ,多治見市,c11654-037,【多治見市】第9回都市計画基礎調査,https://gifu-opendata.pref.gifu.lg.jp/dataset/c11654-037,その他 (表示),e8d9cec9-e796-4cff-8e49-36a363bfc785,データ定義書,XLSX,85901,,tabular,strict,https://gifu-opendata.pref.gifu.lg.jp/dataset/6cdecade-3a4d-41c6-8816-afd67d536818/resource/e8d9cec9-e796-4cff-8e49-36a363bfc785/download/teigisyo_09.xlsx
gifu,岐阜県オープンデータ,高山市,c11654-036,【高山市】第9回都市計画基礎調査,https://gifu-opendata.pref.gifu.lg.jp/dataset/c11654-036,その他 (表示),e3ac8757-6eba-477b-8294-9399ef270b27,データ利用時の注意事項,DOCX,13270,,document,strict,https://gifu-opendata.pref.gifu.lg.jp/dataset/304ff556-8da3-427a-b374-20a27b6727e7/resource/e3ac8757-6eba-477b-8294-9399ef270b27/download/chuuijiko.docx
gifu,岐阜県オープンデータ,高山市,c11654-036,【高山市】第9回都市計画基礎調査,https://gifu-opendata.pref.gifu.lg.jp/dataset/c11654-036,その他 (表示),acf8a8b2-2891-4195-bf1a-34ae28ee9d6c,【高山市】都市計画基礎調査（平成30年度）,ZIP,2951375,土地利用|建物,archive,strict,https://gifu-opendata.pref.gifu.lg.jp/dataset/304ff556-8da3-427a-b374-20a27b6727e7/resource/acf8a8b2-2891-4195-bf1a-34ae28ee9d6c/download/212032_09_c.takayama.zip
gifu,岐阜県オープンデータ,高山市,c11654-036,【高山市】第9回都市計画基礎調査,https://gifu-opendata.pref.gifu.lg.jp/dataset/c11654-036,その他 (表示),709639c3-125a-4682-8577-91a81ede785c,データ定義書,XLSX,85901,,tabular,strict,https://gifu-opendata.pref.gifu.lg.jp/dataset/304ff556-8da3-427a-b374-20a27b6727e7/resource/709639c3-125a-4682-8577-91a81ede785c/download/teigisyo_09.xlsx
gifu,岐阜県オープンデータ,大垣市,c11654-035,【大垣市】第9回都市計画基礎調査,https://gifu-opendata.pref.gifu.lg.jp/dataset/c11654-035,その他 (表示),20b3af14-0763-4ede-bef3-2534498765c3,データ利用時の注意事項,DOCX,13270,,document,strict,https://gifu-opendata.pref.gifu.lg.jp/dataset/ab4f6778-fda1-412d-81bf-846a566560b6/resource/20b3af14-0763-4ede-bef3-2534498765c3/download/chuuijiko.docx
gifu,岐阜県オープンデータ,大垣市,c11654-035,【大垣市】第9回都市計画基礎調査,https://gifu-opendata.pref.gifu.lg.jp/dataset/c11654-035,その他 (表示),ab0de8b0-18b6-4ef1-928d-487bc6bb890d,【大垣市】都市計画基礎調査（平成29年度）,ZIP,834717,土地利用|建物,archive,strict,https://gifu-opendata.pref.gifu.lg.jp/dataset/ab4f6778-fda1-412d-81bf-846a566560b6/resource/ab0de8b0-18b6-4ef1-928d-487bc6bb890d/download/212024_09_c.ogaki.zip
gifu,岐阜県オープンデータ,大垣市,c11654-035,【大垣市】第9回都市計画基礎調査,https://gifu-opendata.pref.gifu.lg.jp/dataset/c11654-035,その他 (表示),ba19817d-c52a-46a7-b358-3075f3b5de15,データ定義書,XLSX,85901,,tabular,strict,https://gifu-opendata.pref.gifu.lg.jp/dataset/ab4f6778-fda1-412d-81bf-846a566560b6/resource/ba19817d-c52a-46a7-b358-3075f3b5de15/download/teigisyo_09.xlsx
gifu,岐阜県オープンデータ,岐阜県 都市建築部,c11654-097,【海津市】第10回都市計画基礎調査,https://gifu-opendata.pref.gifu.lg.jp/dataset/c11654-097,クリエイティブ・コモンズ 表示,90af65c6-5d96-4d36-b767-b0d3e5e99755,データ利用時の注意事項,DOCX,13270,,document,strict,https://gifu-opendata.pref.gifu.lg.jp/dataset/bb01d75e-7f39-4709-9a5a-633825865f30/resource/90af65c6-5d96-4d36-b767-b0d3e5e99755/download/00_chuuijiko.docx
gifu,岐阜県オープンデータ,岐阜県 都市建築部,c11654-097,【海津市】第10回都市計画基礎調査,https://gifu-opendata.pref.gifu.lg.jp/dataset/c11654-097,クリエイティブ・コモンズ 表示,644492a9-212b-4d80-83ad-e2813b0a1116,【海津市】都市計画基礎調査（令和4年度、令和6年度）,ZIP,724434,人口|産業|土地利用|建物,archive,strict,https://gifu-opendata.pref.gifu.lg.jp/dataset/bb01d75e-7f39-4709-9a5a-633825865f30/resource/644492a9-212b-4d80-83ad-e2813b0a1116/download/212211_10_c.kaizu.zip
gifu,岐阜県オープンデータ,岐阜県 都市建築部,c11654-097,【海津市】第10回都市計画基礎調査,https://gifu-opendata.pref.gifu.lg.jp/dataset/c11654-097,クリエイティブ・コモンズ 表示,06ec5f04-22c2-44a4-b63a-968970b480ae,データ定義書,XLSX,153975,,tabular,strict,https://gifu-opendata.pref.gifu.lg.jp/dataset/bb01d75e-7f39-4709-9a5a-633825865f30/resource/06ec5f04-22c2-44a4-b63a-968970b480ae/download/00_teigisyo_10.xlsx
gifu,岐阜県オープンデータ,岐阜県 都市建築部,c11654-096,【下呂市】第10回都市計画基礎調査,https://gifu-opendata.pref.gifu.lg.jp/dataset/c11654-096,クリエイティブ・コモンズ 表示,dc0fb70e-8fde-4d31-bef8-32c9cf2bc40b,データ利用時の注意事項,DOCX,13270,,document,strict,https://gifu-opendata.pref.gifu.lg.jp/dataset/9537bc27-37ed-4ccb-a39f-421649322787/resource/dc0fb70e-8fde-4d31-bef8-32c9cf2bc40b/download/00_chuuijiko.docx
gifu,岐阜県オープンデータ,岐阜県 都市建築部,c11654-096,【下呂市】第10回都市計画基礎調査,https://gifu-opendata.pref.gifu.lg.jp/dataset/c11654-096,クリエイティブ・コモンズ 表示,1bda5723-dc51-4de8-b689-b440d36bc219,【下呂市】都市計画基礎調査（令和4年度、令和6年度）,ZIP,3121299,人口|産業|土地利用|建物,archive,strict,https://gifu-opendata.pref.gifu.lg.jp/dataset/9537bc27-37ed-4ccb-a39f-421649322787/resource/1bda5723-dc51-4de8-b689-b440d36bc219/download/212202_10_c.gero.zip
gifu,岐阜県オープンデータ,岐阜県 都市建築部,c11654-096,【下呂市】第10回都市計画基礎調査,https://gifu-opendata.pref.gifu.lg.jp/dataset/c11654-096,クリエイティブ・コモンズ 表示,f46fdaca-c7b5-40db-918b-f1c2d1d69d24,データ定義書,XLSX,153975,,tabular,strict,https://gifu-opendata.pref.gifu.lg.jp/dataset/9537bc27-37ed-4ccb-a39f-421649322787/resource/f46fdaca-c7b5-40db-918b-f1c2d1d69d24/download/00_teigisyo_10.xlsx
gifu,岐阜県オープンデータ,岐阜県 都市建築部,c11654-092,【瑞穂市】第10回都市計画基礎調査,https://gifu-opendata.pref.gifu.lg.jp/dataset/c11654-092,クリエイティブ・コモンズ 表示,cc0faac3-a2b2-463d-b9ae-e1c7d41b4091,データ利用時の注意事項,DOCX,13270,,document,strict,https://gifu-opendata.pref.gifu.lg.jp/dataset/cfb31b7c-039e-4ed2-a5b1-efec6120f5a3/resource/cc0faac3-a2b2-463d-b9ae-e1c7d41b4091/download/00_chuuijiko.docx
gifu,岐阜県オープンデータ,岐阜県 都市建築部,c11654-092,【瑞穂市】第10回都市計画基礎調査,https://gifu-opendata.pref.gifu.lg.jp/dataset/c11654-092,クリエイティブ・コモンズ 表示,99b0f046-f64b-47a2-9442-33125a15320d,【瑞穂市】都市計画基礎調査（令和4年度）,ZIP,521936,人口|産業|土地利用|建物,archive,strict,https://gifu-opendata.pref.gifu.lg.jp/dataset/cfb31b7c-039e-4ed2-a5b1-efec6120f5a3/resource/99b0f046-f64b-47a2-9442-33125a15320d/download/212164_10_c.mizuho.zip
gifu,岐阜県オープンデータ,岐阜県 都市建築部,c11654-092,【瑞穂市】第10回都市計画基礎調査,https://gifu-opendata.pref.gifu.lg.jp/dataset/c11654-092,クリエイティブ・コモンズ 表示,1bc5c5d1-9fc7-4858-a3e8-8cb1856607d4,データ定義書,XLSX,153975,,tabular,strict,https://gifu-opendata.pref.gifu.lg.jp/dataset/cfb31b7c-039e-4ed2-a5b1-efec6120f5a3/resource/1bc5c5d1-9fc7-4858-a3e8-8cb1856607d4/download/00_teigisyo_10.xlsx
gifu,岐阜県オープンデータ,岐阜県 都市建築部,c11654-095,【郡上市】第10回都市計画基礎調査,https://gifu-opendata.pref.gifu.lg.jp/dataset/c11654-095,クリエイティブ・コモンズ 表示,639048d7-11bf-4ec2-83bc-54681b23628f,データ利用時の注意事項,DOCX,13270,,document,strict,https://gifu-opendata.pref.gifu.lg.jp/dataset/2d748b81-1cc4-468e-8ab0-ccf205c37522/resource/639048d7-11bf-4ec2-83bc-54681b23628f/download/00_chuuijiko.docx
gifu,岐阜県オープンデータ,岐阜県 都市建築部,c11654-095,【郡上市】第10回都市計画基礎調査,https://gifu-opendata.pref.gifu.lg.jp/dataset/c11654-095,クリエイティブ・コモンズ 表示,e2b223de-353a-46b0-9aa8-d124a87cd39c,【郡上市】都市計画基礎調査（令和4年度、令和6年度）,ZIP,3914940,人口|産業|土地利用|建物,archive,strict,https://gifu-opendata.pref.gifu.lg.jp/dataset/2d748b81-1cc4-468e-8ab0-ccf205c37522/resource/e2b223de-353a-46b0-9aa8-d124a87cd39c/download/212199_10_c.gujo.zip
gifu,岐阜県オープンデータ,岐阜県 都市建築部,c11654-095,【郡上市】第10回都市計画基礎調査,https://gifu-opendata.pref.gifu.lg.jp/dataset/c11654-095,クリエイティブ・コモンズ 表示,42eb6004-c94b-4047-96d5-d161049df4f9,データ定義書,XLSX,153975,,tabular,strict,https://gifu-opendata.pref.gifu.lg.jp/dataset/2d748b81-1cc4-468e-8ab0-ccf205c37522/resource/42eb6004-c94b-4047-96d5-d161049df4f9/download/00_teigisyo_10.xlsx
gifu,岐阜県オープンデータ,岐阜県 都市建築部,c11654-093,【飛騨市】第10回都市計画基礎調査,https://gifu-opendata.pref.gifu.lg.jp/dataset/c11654-093,クリエイティブ・コモンズ 表示,561cfcb5-7564-4f84-846f-e04272989aae,データ利用時の注意事項,DOCX,13270,,document,strict,https://gifu-opendata.pref.gifu.lg.jp/dataset/5a7d3104-c937-4515-80bd-e77614dda904/resource/561cfcb5-7564-4f84-846f-e04272989aae/download/00_chuuijiko.docx
gifu,岐阜県オープンデータ,岐阜県 都市建築部,c11654-093,【飛騨市】第10回都市計画基礎調査,https://gifu-opendata.pref.gifu.lg.jp/dataset/c11654-093,クリエイティブ・コモンズ 表示,4784a707-afea-4626-8a2c-b5145e5247d4,【飛騨市】都市計画基礎調査（令和4年度、令和6年度）,ZIP,3085350,人口|産業|土地利用|建物,archive,strict,https://gifu-opendata.pref.gifu.lg.jp/dataset/5a7d3104-c937-4515-80bd-e77614dda904/resource/4784a707-afea-4626-8a2c-b5145e5247d4/download/212172_10_c.hida.zip
gifu,岐阜県オープンデータ,岐阜県 都市建築部,c11654-093,【飛騨市】第10回都市計画基礎調査,https://gifu-opendata.pref.gifu.lg.jp/dataset/c11654-093,クリエイティブ・コモンズ 表示,37376748-318b-4991-a9fe-8b6b0683f1e3,データ定義書,XLSX,153975,,tabular,strict,https://gifu-opendata.pref.gifu.lg.jp/dataset/5a7d3104-c937-4515-80bd-e77614dda904/resource/37376748-318b-4991-a9fe-8b6b0683f1e3/download/00_teigisyo_10.xlsx
gifu,岐阜県オープンデータ,岐阜県 都市建築部,c11654-094,【本巣市】第10回都市計画基礎調査,https://gifu-opendata.pref.gifu.lg.jp/dataset/c11654-094,クリエイティブ・コモンズ 表示,fd334868-b406-46cf-bf18-dee6a7d9a534,データ利用時の注意事項,DOCX,13270,,document,strict,https://gifu-opendata.pref.gifu.lg.jp/dataset/14497906-000b-4b72-8d2d-515690cebbc0/resource/fd334868-b406-46cf-bf18-dee6a7d9a534/download/00_chuuijiko.docx
gifu,岐阜県オープンデータ,岐阜県 都市建築部,c11654-094,【本巣市】第10回都市計画基礎調査,https://gifu-opendata.pref.gifu.lg.jp/dataset/c11654-094,クリエイティブ・コモンズ 表示,ecbfe5d0-7b61-4177-8ab8-bb66024c224c,【本巣市】都市計画基礎調査（令和4年度、令和5年度）,ZIP,1588719,人口|産業|土地利用|建物,archive,strict,https://gifu-opendata.pref.gifu.lg.jp/dataset/14497906-000b-4b72-8d2d-515690cebbc0/resource/ecbfe5d0-7b61-4177-8ab8-bb66024c224c/download/212181_10_c.motosu.zip
gifu,岐阜県オープンデータ,岐阜県 都市建築部,c11654-094,【本巣市】第10回都市計画基礎調査,https://gifu-opendata.pref.gifu.lg.jp/dataset/c11654-094,クリエイティブ・コモンズ 表示,9d6da197-fd23-43a1-a4ba-8a313e79b64a,データ定義書,XLSX,153975,,tabular,strict,https://gifu-opendata.pref.gifu.lg.jp/dataset/14497906-000b-4b72-8d2d-515690cebbc0/resource/9d6da197-fd23-43a1-a4ba-8a313e79b64a/download/00_teigisyo_10.xlsx
gifu,岐阜県オープンデータ,岐阜県 都市建築部,c11654-091,【山県市】第10回都市計画基礎調査,https://gifu-opendata.pref.gifu.lg.jp/dataset/c11654-091,クリエイティブ・コモンズ 表示,a0114a98-a663-45dd-aa47-12dbf98cbd6f,データ利用時の注意事項,DOCX,13270,,document,strict,https://gifu-opendata.pref.gifu.lg.jp/dataset/c6a7cfc7-93cb-4165-8443-cf3c9ba57855/resource/a0114a98-a663-45dd-aa47-12dbf98cbd6f/download/00_chuuijiko.docx
gifu,岐阜県オープンデータ,岐阜県 都市建築部,c11654-091,【山県市】第10回都市計画基礎調査,https://gifu-opendata.pref.gifu.lg.jp/dataset/c11654-091,クリエイティブ・コモンズ 表示,52915af1-1167-4b2f-8e8b-aac873bb8b71,【山県市】都市計画基礎調査（令和4年度、令和5年度）,ZIP,1142059,人口|産業|土地利用|建物,archive,strict,https://gifu-opendata.pref.gifu.lg.jp/dataset/c6a7cfc7-93cb-4165-8443-cf3c9ba57855/resource/52915af1-1167-4b2f-8e8b-aac873bb8b71/download/212156_10_c.yamagata.zip
gifu,岐阜県オープンデータ,岐阜県 都市建築部,c11654-091,【山県市】第10回都市計画基礎調査,https://gifu-opendata.pref.gifu.lg.jp/dataset/c11654-091,クリエイティブ・コモンズ 表示,1b46b417-e7e1-4c9c-ab60-8ebcc8a68e8c,データ定義書,XLSX,153975,,tabular,strict,https://gifu-opendata.pref.gifu.lg.jp/dataset/c6a7cfc7-93cb-4165-8443-cf3c9ba57855/resource/1b46b417-e7e1-4c9c-ab60-8ebcc8a68e8c/download/00_teigisyo_10.xlsx
gifu,岐阜県オープンデータ,岐阜県 都市建築部,c11654-090,【可児市】第10回都市計画基礎調査,https://gifu-opendata.pref.gifu.lg.jp/dataset/c11654-090,クリエイティブ・コモンズ 表示,5cde4470-8a25-44a4-b669-25508b626e2e,データ利用時の注意事項,DOCX,13270,,document,strict,https://gifu-opendata.pref.gifu.lg.jp/dataset/81c471c9-b7b7-46b5-8004-095c86a6ba0c/resource/5cde4470-8a25-44a4-b669-25508b626e2e/download/00_chuuijiko.docx
gifu,岐阜県オープンデータ,岐阜県 都市建築部,c11654-090,【可児市】第10回都市計画基礎調査,https://gifu-opendata.pref.gifu.lg.jp/dataset/c11654-090,クリエイティブ・コモンズ 表示,8ab3e9d3-1632-4e7a-bd49-a154c017a63c,【可児市】都市計画基礎調査（令和4年度、令和5年度）,ZIP,1386712,人口|産業|土地利用|建物,archive,strict,https://gifu-opendata.pref.gifu.lg.jp/dataset/81c471c9-b7b7-46b5-8004-095c86a6ba0c/resource/8ab3e9d3-1632-4e7a-bd49-a154c017a63c/download/212148_10_c.kani.zip
gifu,岐阜県オープンデータ,岐阜県 都市建築部,c11654-090,【可児市】第10回都市計画基礎調査,https://gifu-opendata.pref.gifu.lg.jp/dataset/c11654-090,クリエイティブ・コモンズ 表示,84be5567-40c6-47fa-aa60-66d1b3ea77f6,データ定義書,XLSX,153975,,tabular,strict,https://gifu-opendata.pref.gifu.lg.jp/dataset/81c471c9-b7b7-46b5-8004-095c86a6ba0c/resource/84be5567-40c6-47fa-aa60-66d1b3ea77f6/download/00_teigisyo_10.xlsx
gifu,岐阜県オープンデータ,岐阜県 都市建築部,c11654-089,【各務原市】第10回都市計画基礎調査,https://gifu-opendata.pref.gifu.lg.jp/dataset/c11654-089,クリエイティブ・コモンズ 表示,e9259096-2132-497c-b43b-086708b1ee09,データ利用時の注意事項,DOCX,13270,,document,strict,https://gifu-opendata.pref.gifu.lg.jp/dataset/12d294b9-46bb-4073-8ba3-5fcef55fe23f/resource/e9259096-2132-497c-b43b-086708b1ee09/download/00_chuuijiko.docx
gifu,岐阜県オープンデータ,岐阜県 都市建築部,c11654-089,【各務原市】第10回都市計画基礎調査,https://gifu-opendata.pref.gifu.lg.jp/dataset/c11654-089,クリエイティブ・コモンズ 表示,9b6aee50-03a7-479e-a2a3-6623d93d3611,【各務原市】都市計画基礎調査（令和4年度）,ZIP,1372656,人口|産業|土地利用|建物,archive,strict,https://gifu-opendata.pref.gifu.lg.jp/dataset/12d294b9-46bb-4073-8ba3-5fcef55fe23f/resource/9b6aee50-03a7-479e-a2a3-6623d93d3611/download/212130_10_c.kakamigahara.zip
gifu,岐阜県オープンデータ,岐阜県 都市建築部,c11654-089,【各務原市】第10回都市計画基礎調査,https://gifu-opendata.pref.gifu.lg.jp/dataset/c11654-089,クリエイティブ・コモンズ 表示,369fde60-40d1-42cf-bd35-e21386913c44,データ定義書,XLSX,153975,,tabular,strict,https://gifu-opendata.pref.gifu.lg.jp/dataset/12d294b9-46bb-4073-8ba3-5fcef55fe23f/resource/369fde60-40d1-42cf-bd35-e21386913c44/download/00_teigisyo_10.xlsx
gifu,岐阜県オープンデータ,岐阜県 都市建築部,c11654-088,【土岐市】第10回都市計画基礎調査,https://gifu-opendata.pref.gifu.lg.jp/dataset/c11654-088,クリエイティブ・コモンズ 表示,f16029a5-d568-4624-850f-35874be98a83,データ利用時の注意事項,DOCX,13270,,document,strict,https://gifu-opendata.pref.gifu.lg.jp/dataset/5bf07137-170d-4988-8960-628209174aa2/resource/f16029a5-d568-4624-850f-35874be98a83/download/00_chuuijiko.docx
gifu,岐阜県オープンデータ,岐阜県 都市建築部,c11654-088,【土岐市】第10回都市計画基礎調査,https://gifu-opendata.pref.gifu.lg.jp/dataset/c11654-088,クリエイティブ・コモンズ 表示,6eb65b9f-fb6d-469e-b32a-5260b0a683a8,【土岐市】都市計画基礎調査（令和4年度、令和5年度）,ZIP,1157003,人口|産業|土地利用|建物,archive,strict,https://gifu-opendata.pref.gifu.lg.jp/dataset/5bf07137-170d-4988-8960-628209174aa2/resource/6eb65b9f-fb6d-469e-b32a-5260b0a683a8/download/212121_10_c.toki.zip
gifu,岐阜県オープンデータ,岐阜県 都市建築部,c11654-088,【土岐市】第10回都市計画基礎調査,https://gifu-opendata.pref.gifu.lg.jp/dataset/c11654-088,クリエイティブ・コモンズ 表示,4f39e945-d887-45b4-aa13-50270b22723b,データ定義書,XLSX,153975,,tabular,strict,https://gifu-opendata.pref.gifu.lg.jp/dataset/5bf07137-170d-4988-8960-628209174aa2/resource/4f39e945-d887-45b4-aa13-50270b22723b/download/00_teigisyo_10.xlsx
gifu,岐阜県オープンデータ,岐阜県 都市建築部,c11654-086,【恵那市】第10回都市計画基礎調査,https://gifu-opendata.pref.gifu.lg.jp/dataset/c11654-086,クリエイティブ・コモンズ 表示,10d974f4-557d-4744-8b91-93f56b5b12ce,データ利用時の注意事項,DOCX,13270,,document,strict,https://gifu-opendata.pref.gifu.lg.jp/dataset/29eaf016-62a4-4c52-a309-5f1e72654c39/resource/10d974f4-557d-4744-8b91-93f56b5b12ce/download/00_chuuijiko.docx
gifu,岐阜県オープンデータ,岐阜県 都市建築部,c11654-086,【恵那市】第10回都市計画基礎調査,https://gifu-opendata.pref.gifu.lg.jp/dataset/c11654-086,クリエイティブ・コモンズ 表示,7dcb4f37-ad5b-49b2-a190-dce1f0981ca6,【恵那市】都市計画基礎調査（令和4年度、令和6年度）,ZIP,2946394,人口|産業|土地利用|建物,archive,strict,https://gifu-opendata.pref.gifu.lg.jp/dataset/29eaf016-62a4-4c52-a309-5f1e72654c39/resource/7dcb4f37-ad5b-49b2-a190-dce1f0981ca6/download/212105_10_c.ena.zip
gifu,岐阜県オープンデータ,岐阜県 都市建築部,c11654-086,【恵那市】第10回都市計画基礎調査,https://gifu-opendata.pref.gifu.lg.jp/dataset/c11654-086,クリエイティブ・コモンズ 表示,84407811-b116-424a-9758-45c8cc127f38,データ定義書,XLSX,153975,,tabular,strict,https://gifu-opendata.pref.gifu.lg.jp/dataset/29eaf016-62a4-4c52-a309-5f1e72654c39/resource/84407811-b116-424a-9758-45c8cc127f38/download/00_teigisyo_10.xlsx
gifu,岐阜県オープンデータ,岐阜県 都市建築部,c11654-085,【羽島市】第10回都市計画基礎調査,https://gifu-opendata.pref.gifu.lg.jp/dataset/c11654-085,クリエイティブ・コモンズ 表示,fcc0b67b-9d1f-4033-af52-b4e0a8a84286,データ利用時の注意事項,DOCX,13270,,document,strict,https://gifu-opendata.pref.gifu.lg.jp/dataset/0d4b9ff3-571d-4813-9f2b-56bf7fe42687/resource/fcc0b67b-9d1f-4033-af52-b4e0a8a84286/download/00_chuuijiko.docx
gifu,岐阜県オープンデータ,岐阜県 都市建築部,c11654-085,【羽島市】第10回都市計画基礎調査,https://gifu-opendata.pref.gifu.lg.jp/dataset/c11654-085,クリエイティブ・コモンズ 表示,d9c934f3-219d-4b0a-a97b-67d744644f8d,【羽島市】都市計画基礎調査（令和4年度）,ZIP,747758,人口|産業|土地利用|建物,archive,strict,https://gifu-opendata.pref.gifu.lg.jp/dataset/0d4b9ff3-571d-4813-9f2b-56bf7fe42687/resource/d9c934f3-219d-4b0a-a97b-67d744644f8d/download/212091_10_c.hashima.zip
gifu,岐阜県オープンデータ,岐阜県 都市建築部,c11654-085,【羽島市】第10回都市計画基礎調査,https://gifu-opendata.pref.gifu.lg.jp/dataset/c11654-085,クリエイティブ・コモンズ 表示,24003f2b-8672-472e-b39b-7017ae749e27,データ定義書,XLSX,153975,,tabular,strict,https://gifu-opendata.pref.gifu.lg.jp/dataset/0d4b9ff3-571d-4813-9f2b-56bf7fe42687/resource/24003f2b-8672-472e-b39b-7017ae749e27/download/00_teigisyo_10.xlsx
gifu,岐阜県オープンデータ,岐阜県 都市建築部,c11654-084,【瑞浪市】第10回都市計画基礎調査,https://gifu-opendata.pref.gifu.lg.jp/dataset/c11654-084,クリエイティブ・コモンズ 表示,82c23a7e-a82c-43a5-9399-6b5720f0f958,データ利用時の注意事項,DOCX,13270,,document,strict,https://gifu-opendata.pref.gifu.lg.jp/dataset/d763c26e-8340-4d7a-9270-fe925737a78c/resource/82c23a7e-a82c-43a5-9399-6b5720f0f958/download/00_chuuijiko.docx
gifu,岐阜県オープンデータ,岐阜県 都市建築部,c11654-084,【瑞浪市】第10回都市計画基礎調査,https://gifu-opendata.pref.gifu.lg.jp/dataset/c11654-084,クリエイティブ・コモンズ 表示,f6731bff-9ece-419d-9b77-984e7dca2d3c,【瑞浪市】都市計画基礎調査（令和4年度、令和6年度）,ZIP,1382833,人口|産業|土地利用|建物,archive,strict,https://gifu-opendata.pref.gifu.lg.jp/dataset/d763c26e-8340-4d7a-9270-fe925737a78c/resource/f6731bff-9ece-419d-9b77-984e7dca2d3c/download/212083_10_c.mizunami.zip
gifu,岐阜県オープンデータ,岐阜県 都市建築部,c11654-084,【瑞浪市】第10回都市計画基礎調査,https://gifu-opendata.pref.gifu.lg.jp/dataset/c11654-084,クリエイティブ・コモンズ 表示,8a40b72a-2aec-4817-8f9b-b64cd6e24214,データ定義書,XLSX,153975,,tabular,strict,https://gifu-opendata.pref.gifu.lg.jp/dataset/d763c26e-8340-4d7a-9270-fe925737a78c/resource/8a40b72a-2aec-4817-8f9b-b64cd6e24214/download/00_teigisyo_10.xlsx
gifu,岐阜県オープンデータ,岐阜県 都市建築部,c11654-083,【美濃市】第10回都市計画基礎調査,https://gifu-opendata.pref.gifu.lg.jp/dataset/c11654-083,クリエイティブ・コモンズ 表示,089b685a-8bcf-46f3-85b4-8db780a50d9e,データ利用時の注意事項,DOCX,13270,,document,strict,https://gifu-opendata.pref.gifu.lg.jp/dataset/5e980e51-68ab-4a64-b686-a5d20cf0e1ef/resource/089b685a-8bcf-46f3-85b4-8db780a50d9e/download/00_chuuijiko.docx
gifu,岐阜県オープンデータ,岐阜県 都市建築部,c11654-083,【美濃市】第10回都市計画基礎調査,https://gifu-opendata.pref.gifu.lg.jp/dataset/c11654-083,クリエイティブ・コモンズ 表示,8852c79f-9bd2-4c82-bc7f-eb1e697ed39d,【美濃市】都市計画基礎調査（令和4年度、令和5年度）,ZIP,1225244,人口|産業|土地利用|建物,archive,strict,https://gifu-opendata.pref.gifu.lg.jp/dataset/5e980e51-68ab-4a64-b686-a5d20cf0e1ef/resource/8852c79f-9bd2-4c82-bc7f-eb1e697ed39d/download/212075_10_c.mino.zip
gifu,岐阜県オープンデータ,岐阜県 都市建築部,c11654-083,【美濃市】第10回都市計画基礎調査,https://gifu-opendata.pref.gifu.lg.jp/dataset/c11654-083,クリエイティブ・コモンズ 表示,7f61929a-ece8-44d9-a033-950cf4d06578,データ定義書,XLSX,153975,,tabular,strict,https://gifu-opendata.pref.gifu.lg.jp/dataset/5e980e51-68ab-4a64-b686-a5d20cf0e1ef/resource/7f61929a-ece8-44d9-a033-950cf4d06578/download/00_teigisyo_10.xlsx
gifu,岐阜県オープンデータ,岐阜県 都市建築部,c11654-082,【中津川市】第10回都市計画基礎調査,https://gifu-opendata.pref.gifu.lg.jp/dataset/c11654-082,クリエイティブ・コモンズ 表示,2c5083af-0852-49e0-8473-bea5c07211c3,データ利用時の注意事項,DOCX,13270,,document,strict,https://gifu-opendata.pref.gifu.lg.jp/dataset/b8aa0ba2-9c4e-469d-8a80-515b3d25ffd1/resource/2c5083af-0852-49e0-8473-bea5c07211c3/download/00_chuuijiko.docx
gifu,岐阜県オープンデータ,岐阜県 都市建築部,c11654-082,【中津川市】第10回都市計画基礎調査,https://gifu-opendata.pref.gifu.lg.jp/dataset/c11654-082,クリエイティブ・コモンズ 表示,c98a4f16-6e39-41e5-aeaf-791439d6c8f7,【中津川市】都市計画基礎調査（令和4年度、令和5年度）,ZIP,2470612,人口|産業|土地利用|建物,archive,strict,https://gifu-opendata.pref.gifu.lg.jp/dataset/b8aa0ba2-9c4e-469d-8a80-515b3d25ffd1/resource/c98a4f16-6e39-41e5-aeaf-791439d6c8f7/download/212067_10_c.nakatsugawa.zip
gifu,岐阜県オープンデータ,岐阜県 都市建築部,c11654-082,【中津川市】第10回都市計画基礎調査,https://gifu-opendata.pref.gifu.lg.jp/dataset/c11654-082,クリエイティブ・コモンズ 表示,1ad63003-42b9-4bf0-8c9c-9265e0a021d4,データ定義書,XLSX,153975,,tabular,strict,https://gifu-opendata.pref.gifu.lg.jp/dataset/b8aa0ba2-9c4e-469d-8a80-515b3d25ffd1/resource/1ad63003-42b9-4bf0-8c9c-9265e0a021d4/download/00_teigisyo_10.xlsx
gifu,岐阜県オープンデータ,岐阜県 都市建築部,c11654-080,【多治見市】第10回都市計画基礎調査,https://gifu-opendata.pref.gifu.lg.jp/dataset/c11654-080,クリエイティブ・コモンズ 表示,a01e565a-5de7-437a-ab31-cfa7b23ce49d,データ利用時の注意事項,DOCX,13270,,document,strict,https://gifu-opendata.pref.gifu.lg.jp/dataset/0726567d-a84b-4edc-8169-acf3642da4a4/resource/a01e565a-5de7-437a-ab31-cfa7b23ce49d/download/chuuijiko.docx
gifu,岐阜県オープンデータ,岐阜県 都市建築部,c11654-080,【多治見市】第10回都市計画基礎調査,https://gifu-opendata.pref.gifu.lg.jp/dataset/c11654-080,クリエイティブ・コモンズ 表示,4fe60946-aac0-4eb8-aa5f-4341ddfd7de3,【多治見市】都市計画基礎調査（令和4年度）,ZIP,2266118,人口|産業|土地利用|建物,archive,strict,https://gifu-opendata.pref.gifu.lg.jp/dataset/0726567d-a84b-4edc-8169-acf3642da4a4/resource/4fe60946-aac0-4eb8-aa5f-4341ddfd7de3/download/212041_10_c.tajimi.zip
gifu,岐阜県オープンデータ,岐阜県 都市建築部,c11654-080,【多治見市】第10回都市計画基礎調査,https://gifu-opendata.pref.gifu.lg.jp/dataset/c11654-080,クリエイティブ・コモンズ 表示,ae97296c-915f-40f1-877d-62c1dc359719,データ定義書,XLSX,153975,,tabular,strict,https://gifu-opendata.pref.gifu.lg.jp/dataset/0726567d-a84b-4edc-8169-acf3642da4a4/resource/ae97296c-915f-40f1-877d-62c1dc359719/download/teigisyo_10.xlsx
gifu,岐阜県オープンデータ,岐阜県 都市建築部,c11654-079,【高山市】第10回都市計画基礎調査,https://gifu-opendata.pref.gifu.lg.jp/dataset/c11654-079,クリエイティブ・コモンズ 表示,42cb961b-edda-4576-9ed3-89a4f5399cf4,データ利用時の注意事項,DOCX,13270,,document,strict,https://gifu-opendata.pref.gifu.lg.jp/dataset/225319f1-367c-4100-9cdb-f186587ae150/resource/42cb961b-edda-4576-9ed3-89a4f5399cf4/download/chuuijiko.docx
gifu,岐阜県オープンデータ,岐阜県 都市建築部,c11654-079,【高山市】第10回都市計画基礎調査,https://gifu-opendata.pref.gifu.lg.jp/dataset/c11654-079,クリエイティブ・コモンズ 表示,350c78ed-2dba-448d-a570-e774f76708b6,【高山市】都市計画基礎調査（令和4年度、令和5年度）,ZIP,6958642,人口|産業|土地利用|建物,archive,strict,https://gifu-opendata.pref.gifu.lg.jp/dataset/225319f1-367c-4100-9cdb-f186587ae150/resource/350c78ed-2dba-448d-a570-e774f76708b6/download/212032_10_c.takayama.zip
gifu,岐阜県オープンデータ,岐阜県 都市建築部,c11654-079,【高山市】第10回都市計画基礎調査,https://gifu-opendata.pref.gifu.lg.jp/dataset/c11654-079,クリエイティブ・コモンズ 表示,212c113d-4bf3-4462-b3bf-53ecb9209fcd,データ定義書,XLSX,153975,,tabular,strict,https://gifu-opendata.pref.gifu.lg.jp/dataset/225319f1-367c-4100-9cdb-f186587ae150/resource/212c113d-4bf3-4462-b3bf-53ecb9209fcd/download/teigisyo_10.xlsx
gifu,岐阜県オープンデータ,岐阜県 都市建築部,c11654-076,【岐阜市】第10回都市計画基礎調査,https://gifu-opendata.pref.gifu.lg.jp/dataset/c11654-076,クリエイティブ・コモンズ 表示,14888a91-258f-4c92-a1af-aed43a2b8f27,データ利用時の注意事項,DOCX,13270,,document,strict,https://gifu-opendata.pref.gifu.lg.jp/dataset/3662dfb4-65f5-4d98-bf60-6b3d7ba53fb0/resource/14888a91-258f-4c92-a1af-aed43a2b8f27/download/chuuijiko.docx
gifu,岐阜県オープンデータ,岐阜県 都市建築部,c11654-076,【岐阜市】第10回都市計画基礎調査,https://gifu-opendata.pref.gifu.lg.jp/dataset/c11654-076,クリエイティブ・コモンズ 表示,11dc2e15-4c39-4456-a643-c1af5b634f22,【岐阜市】都市計画基礎調査（令和4年度）,ZIP,4120678,人口|産業|土地利用|建物,archive,strict,https://gifu-opendata.pref.gifu.lg.jp/dataset/3662dfb4-65f5-4d98-bf60-6b3d7ba53fb0/resource/11dc2e15-4c39-4456-a643-c1af5b634f22/download/212016_10_c.gifu.zip
gifu,岐阜県オープンデータ,岐阜県 都市建築部,c11654-076,【岐阜市】第10回都市計画基礎調査,https://gifu-opendata.pref.gifu.lg.jp/dataset/c11654-076,クリエイティブ・コモンズ 表示,b4616f8a-4f60-4052-be6a-120112c309d0,データ定義書,XLSX,153975,,tabular,strict,https://gifu-opendata.pref.gifu.lg.jp/dataset/3662dfb4-65f5-4d98-bf60-6b3d7ba53fb0/resource/b4616f8a-4f60-4052-be6a-120112c309d0/download/teigisyo_10.xlsx
gifu,岐阜県オープンデータ,岐阜県 都市建築部,c11654-077,【大垣市】第10回都市計画基礎調査,https://gifu-opendata.pref.gifu.lg.jp/dataset/c11654-077,クリエイティブ・コモンズ 表示,d3d1817d-b081-4d0e-b6d0-07de29404ac3,データ利用時の注意事項,DOCX,13270,,document,strict,https://gifu-opendata.pref.gifu.lg.jp/dataset/037ebcc0-facd-4cc3-9ba6-65f17277e0dd/resource/d3d1817d-b081-4d0e-b6d0-07de29404ac3/download/chuuijiko.docx
gifu,岐阜県オープンデータ,岐阜県 都市建築部,c11654-077,【大垣市】第10回都市計画基礎調査,https://gifu-opendata.pref.gifu.lg.jp/dataset/c11654-077,クリエイティブ・コモンズ 表示,f7b5551a-26a3-4a34-bb1a-89b9da24a3e0,【大垣市】都市計画基礎調査（令和4年度）,ZIP,1957773,人口|産業|土地利用|建物,archive,strict,https://gifu-opendata.pref.gifu.lg.jp/dataset/037ebcc0-facd-4cc3-9ba6-65f17277e0dd/resource/f7b5551a-26a3-4a34-bb1a-89b9da24a3e0/download/212024_10_c.ogaki.zip
gifu,岐阜県オープンデータ,岐阜県 都市建築部,c11654-077,【大垣市】第10回都市計画基礎調査,https://gifu-opendata.pref.gifu.lg.jp/dataset/c11654-077,クリエイティブ・コモンズ 表示,36958f36-cb44-4fac-96f7-db4c68d3542f,データ定義書,XLSX,153975,,tabular,strict,https://gifu-opendata.pref.gifu.lg.jp/dataset/037ebcc0-facd-4cc3-9ba6-65f17277e0dd/resource/36958f36-cb44-4fac-96f7-db4c68d3542f/download/teigisyo_10.xlsx
gifu,岐阜県オープンデータ,岐阜県 都市建築部,c11654-115,第10回都市計画基礎調査（県全域）,https://gifu-opendata.pref.gifu.lg.jp/dataset/c11654-115,クリエイティブ・コモンズ 表示,a172e2e8-f14b-47ea-ba96-a3197f678d40,データ利用時の注意事項,DOCX,13270,,document,strict,https://gifu-opendata.pref.gifu.lg.jp/dataset/5841ed91-1fcb-41e7-888c-e702e2ede091/resource/a172e2e8-f14b-47ea-ba96-a3197f678d40/download/chuuijiko.docx
gifu,岐阜県オープンデータ,岐阜県 都市建築部,c11654-115,第10回都市計画基礎調査（県全域）,https://gifu-opendata.pref.gifu.lg.jp/dataset/c11654-115,クリエイティブ・コモンズ 表示,88c2dbe5-8aa4-4bb6-9e54-df5bc1689c4c,岐阜県（令和6年度）,ZIP,6402112,人口|都市施設|地価,archive,strict,https://gifu-opendata.pref.gifu.lg.jp/dataset/5841ed91-1fcb-41e7-888c-e702e2ede091/resource/88c2dbe5-8aa4-4bb6-9e54-df5bc1689c4c/download/210005_10_p.gifu.zip
gifu,岐阜県オープンデータ,岐阜県 都市建築部,c11654-115,第10回都市計画基礎調査（県全域）,https://gifu-opendata.pref.gifu.lg.jp/dataset/c11654-115,クリエイティブ・コモンズ 表示,f2d7d9a1-5cf9-4910-bb6b-68df129033bd,データ定義書,XLSX,153975,,tabular,strict,https://gifu-opendata.pref.gifu.lg.jp/dataset/5841ed91-1fcb-41e7-888c-e702e2ede091/resource/f2d7d9a1-5cf9-4910-bb6b-68df129033bd/download/teigisyo_10.xlsx
gifu,岐阜県オープンデータ,岐阜県 都市建築部,c11654-081,【関市】第10回都市計画基礎調査,https://gifu-opendata.pref.gifu.lg.jp/dataset/c11654-081,クリエイティブ・コモンズ 表示,4a2b9357-15df-4705-9cc6-3f646b3289ce,データ利用時の注意事項,DOCX,13270,,document,strict,https://gifu-opendata.pref.gifu.lg.jp/dataset/c3d217a2-5b3b-4b76-98c3-ba6aff87085a/resource/4a2b9357-15df-4705-9cc6-3f646b3289ce/download/chuuijiko.docx
gifu,岐阜県オープンデータ,岐阜県 都市建築部,c11654-081,【関市】第10回都市計画基礎調査,https://gifu-opendata.pref.gifu.lg.jp/dataset/c11654-081,クリエイティブ・コモンズ 表示,db3b805c-dc38-400d-abdf-39d0856c78c9,【関市】都市計画基礎調査（令和4年度、令和6年度）,ZIP,3228454,人口|産業|土地利用|建物,archive,strict,https://gifu-opendata.pref.gifu.lg.jp/dataset/c3d217a2-5b3b-4b76-98c3-ba6aff87085a/resource/db3b805c-dc38-400d-abdf-39d0856c78c9/download/212059_10_c.seki.zip
gifu,岐阜県オープンデータ,岐阜県 都市建築部,c11654-081,【関市】第10回都市計画基礎調査,https://gifu-opendata.pref.gifu.lg.jp/dataset/c11654-081,クリエイティブ・コモンズ 表示,5df44eae-fe00-4ed5-ad00-d1c9d95f9e8a,データ定義書,XLSX,153975,,tabular,strict,https://gifu-opendata.pref.gifu.lg.jp/dataset/c3d217a2-5b3b-4b76-98c3-ba6aff87085a/resource/5df44eae-fe00-4ed5-ad00-d1c9d95f9e8a/download/teigisyo_10.xlsx
gifu,岐阜県オープンデータ,岐阜県 都市建築部,c11654-072,第9回都市計画基礎調査（県全域）,https://gifu-opendata.pref.gifu.lg.jp/dataset/c11654-072,その他 (表示),16bb5161-6af2-4c36-a732-49041f5c1d07,データ利用時の注意事項,DOCX,13270,,document,strict,https://gifu-opendata.pref.gifu.lg.jp/dataset/bd417f64-644e-441c-b130-f876ed0d2bcf/resource/16bb5161-6af2-4c36-a732-49041f5c1d07/download/chuuijiko.docx
gifu,岐阜県オープンデータ,岐阜県 都市建築部,c11654-072,第9回都市計画基礎調査（県全域）,https://gifu-opendata.pref.gifu.lg.jp/dataset/c11654-072,その他 (表示),95918fdd-ef21-4350-ae0c-83c06bdf0d0b,岐阜県（平成29年度）,ZIP,9876004,人口|産業|都市施設|地価,archive,strict,https://gifu-opendata.pref.gifu.lg.jp/dataset/bd417f64-644e-441c-b130-f876ed0d2bcf/resource/95918fdd-ef21-4350-ae0c-83c06bdf0d0b/download/210005_09_p.gifu.zip
gifu,岐阜県オープンデータ,岐阜県 都市建築部,c11654-072,第9回都市計画基礎調査（県全域）,https://gifu-opendata.pref.gifu.lg.jp/dataset/c11654-072,その他 (表示),f94b3196-add9-4990-b09a-d1acd549b1de,データ定義書,XLSX,84576,,tabular,strict,https://gifu-opendata.pref.gifu.lg.jp/dataset/bd417f64-644e-441c-b130-f876ed0d2bcf/resource/f94b3196-add9-4990-b09a-d1acd549b1de/download/teigisyo_09.xlsx
gifu,岐阜県オープンデータ,岐阜県 都市建築部,c11654-116,第10回都市計画基礎調査（市町別）,https://gifu-opendata.pref.gifu.lg.jp/dataset/c11654-116,クリエイティブ・コモンズ 表示,e09c3de1-f9dc-41eb-853b-3bb3ca7265c5,データ利用時の注意事項,DOCX,13270,,document,strict,https://gifu-opendata.pref.gifu.lg.jp/dataset/f0bad6b3-70bd-4834-a945-7a9e2c3b374e/resource/e09c3de1-f9dc-41eb-853b-3bb3ca7265c5/download/chuuijiko.docx
gifu,岐阜県オープンデータ,岐阜県 都市建築部,c11654-116,第10回都市計画基礎調査（市町別）,https://gifu-opendata.pref.gifu.lg.jp/dataset/c11654-116,クリエイティブ・コモンズ 表示,ce5c0fda-6097-4449-ad61-a1fd0fd8ddb4,岐阜市（令和4年度）,ZIP,4120678,人口|産業|土地利用|建物,archive,strict,https://gifu-opendata.pref.gifu.lg.jp/dataset/f0bad6b3-70bd-4834-a945-7a9e2c3b374e/resource/ce5c0fda-6097-4449-ad61-a1fd0fd8ddb4/download/212016_10_c.gifu.zip
gifu,岐阜県オープンデータ,岐阜県 都市建築部,c11654-116,第10回都市計画基礎調査（市町別）,https://gifu-opendata.pref.gifu.lg.jp/dataset/c11654-116,クリエイティブ・コモンズ 表示,8b230b6f-10d9-450a-be36-74ede3ec22bf,大垣市（令和4年度）,ZIP,1957773,人口|産業|土地利用|建物,archive,strict,https://gifu-opendata.pref.gifu.lg.jp/dataset/f0bad6b3-70bd-4834-a945-7a9e2c3b374e/resource/8b230b6f-10d9-450a-be36-74ede3ec22bf/download/212024_10_c.ogaki.zip
gifu,岐阜県オープンデータ,岐阜県 都市建築部,c11654-116,第10回都市計画基礎調査（市町別）,https://gifu-opendata.pref.gifu.lg.jp/dataset/c11654-116,クリエイティブ・コモンズ 表示,e26a8880-ec99-4617-b479-560f9249aa19,高山市（令和4年度、令和5年度）,ZIP,6958642,人口|産業|土地利用|建物,archive,strict,https://gifu-opendata.pref.gifu.lg.jp/dataset/f0bad6b3-70bd-4834-a945-7a9e2c3b374e/resource/e26a8880-ec99-4617-b479-560f9249aa19/download/212032_10_c.takayama.zip
gifu,岐阜県オープンデータ,岐阜県 都市建築部,c11654-116,第10回都市計画基礎調査（市町別）,https://gifu-opendata.pref.gifu.lg.jp/dataset/c11654-116,クリエイティブ・コモンズ 表示,b7a7c6b6-0344-45e3-ad71-748b04f7ee30,多治見市（令和4年度）,ZIP,2266118,人口|産業|土地利用|建物,archive,strict,https://gifu-opendata.pref.gifu.lg.jp/dataset/f0bad6b3-70bd-4834-a945-7a9e2c3b374e/resource/b7a7c6b6-0344-45e3-ad71-748b04f7ee30/download/212041_10_c.tajimi.zip
gifu,岐阜県オープンデータ,岐阜県 都市建築部,c11654-116,第10回都市計画基礎調査（市町別）,https://gifu-opendata.pref.gifu.lg.jp/dataset/c11654-116,クリエイティブ・コモンズ 表示,ced26031-9e79-441f-8ef6-9eb114a517e6,関市（令和4年度、令和6年度）,ZIP,3228454,人口|産業|土地利用|建物,archive,strict,https://gifu-opendata.pref.gifu.lg.jp/dataset/f0bad6b3-70bd-4834-a945-7a9e2c3b374e/resource/ced26031-9e79-441f-8ef6-9eb114a517e6/download/212059_10_c.seki.zip
gifu,岐阜県オープンデータ,岐阜県 都市建築部,c11654-116,第10回都市計画基礎調査（市町別）,https://gifu-opendata.pref.gifu.lg.jp/dataset/c11654-116,クリエイティブ・コモンズ 表示,33dc0367-9517-4b2a-9736-e5a7f1a827a5,中津川市（令和4年度、令和5年度）,ZIP,2470612,人口|産業|土地利用|建物,archive,strict,https://gifu-opendata.pref.gifu.lg.jp/dataset/f0bad6b3-70bd-4834-a945-7a9e2c3b374e/resource/33dc0367-9517-4b2a-9736-e5a7f1a827a5/download/212067_10_c.nakatsugawa.zip
gifu,岐阜県オープンデータ,岐阜県 都市建築部,c11654-116,第10回都市計画基礎調査（市町別）,https://gifu-opendata.pref.gifu.lg.jp/dataset/c11654-116,クリエイティブ・コモンズ 表示,5fc1934a-b22f-4331-bddd-052906c78b6f,美濃市（令和4年度、令和5年度）,ZIP,1225244,人口|産業|土地利用|建物,archive,strict,https://gifu-opendata.pref.gifu.lg.jp/dataset/f0bad6b3-70bd-4834-a945-7a9e2c3b374e/resource/5fc1934a-b22f-4331-bddd-052906c78b6f/download/212075_10_c.mino.zip
gifu,岐阜県オープンデータ,岐阜県 都市建築部,c11654-116,第10回都市計画基礎調査（市町別）,https://gifu-opendata.pref.gifu.lg.jp/dataset/c11654-116,クリエイティブ・コモンズ 表示,d6c968a3-992c-4e5d-b6ef-f75d91ffa8b0,瑞浪市（令和4年度、令和6年度）,ZIP,1382833,人口|産業|土地利用|建物,archive,strict,https://gifu-opendata.pref.gifu.lg.jp/dataset/f0bad6b3-70bd-4834-a945-7a9e2c3b374e/resource/d6c968a3-992c-4e5d-b6ef-f75d91ffa8b0/download/212083_10_c.mizunami.zip
gifu,岐阜県オープンデータ,岐阜県 都市建築部,c11654-116,第10回都市計画基礎調査（市町別）,https://gifu-opendata.pref.gifu.lg.jp/dataset/c11654-116,クリエイティブ・コモンズ 表示,683ada80-f8c0-49ea-ba79-03506e76c2e6,羽島市（令和4年度）,ZIP,747758,人口|産業|土地利用|建物,archive,strict,https://gifu-opendata.pref.gifu.lg.jp/dataset/f0bad6b3-70bd-4834-a945-7a9e2c3b374e/resource/683ada80-f8c0-49ea-ba79-03506e76c2e6/download/212091_10_c.hashima.zip
gifu,岐阜県オープンデータ,岐阜県 都市建築部,c11654-116,第10回都市計画基礎調査（市町別）,https://gifu-opendata.pref.gifu.lg.jp/dataset/c11654-116,クリエイティブ・コモンズ 表示,41c2fb5b-02a2-447e-9caf-164120f1cb58,恵那市（令和4年度、令和6年度）,ZIP,2946394,人口|産業|土地利用|建物,archive,strict,https://gifu-opendata.pref.gifu.lg.jp/dataset/f0bad6b3-70bd-4834-a945-7a9e2c3b374e/resource/41c2fb5b-02a2-447e-9caf-164120f1cb58/download/212105_10_c.ena.zip
gifu,岐阜県オープンデータ,岐阜県 都市建築部,c11654-116,第10回都市計画基礎調査（市町別）,https://gifu-opendata.pref.gifu.lg.jp/dataset/c11654-116,クリエイティブ・コモンズ 表示,5c42fce2-5644-4994-b2bd-d4340119300b,美濃加茂市（令和4年度、令和5年度）,ZIP,1124877,人口|産業|土地利用|建物,archive,strict,https://gifu-opendata.pref.gifu.lg.jp/dataset/f0bad6b3-70bd-4834-a945-7a9e2c3b374e/resource/5c42fce2-5644-4994-b2bd-d4340119300b/download/212113_10_c.minokamo.zip
gifu,岐阜県オープンデータ,岐阜県 都市建築部,c11654-116,第10回都市計画基礎調査（市町別）,https://gifu-opendata.pref.gifu.lg.jp/dataset/c11654-116,クリエイティブ・コモンズ 表示,bb18a726-7307-48a6-a40c-22053b974cc5,土岐市（令和4年度、令和5年度）,ZIP,1157003,人口|産業|土地利用|建物,archive,strict,https://gifu-opendata.pref.gifu.lg.jp/dataset/f0bad6b3-70bd-4834-a945-7a9e2c3b374e/resource/bb18a726-7307-48a6-a40c-22053b974cc5/download/212121_10_c.toki.zip
gifu,岐阜県オープンデータ,岐阜県 都市建築部,c11654-116,第10回都市計画基礎調査（市町別）,https://gifu-opendata.pref.gifu.lg.jp/dataset/c11654-116,クリエイティブ・コモンズ 表示,ea15b722-01dc-478a-84b5-330bcc0175c1,各務原市（令和4年度）,ZIP,1372656,人口|産業|土地利用|建物,archive,strict,https://gifu-opendata.pref.gifu.lg.jp/dataset/f0bad6b3-70bd-4834-a945-7a9e2c3b374e/resource/ea15b722-01dc-478a-84b5-330bcc0175c1/download/212130_10_c.kakamigahara.zip
gifu,岐阜県オープンデータ,岐阜県 都市建築部,c11654-116,第10回都市計画基礎調査（市町別）,https://gifu-opendata.pref.gifu.lg.jp/dataset/c11654-116,クリエイティブ・コモンズ 表示,f48b2216-e3a2-4f8d-9eec-8078d7151081,可児市（令和4年度、令和5年度）,ZIP,1386712,人口|産業|土地利用|建物,archive,strict,https://gifu-opendata.pref.gifu.lg.jp/dataset/f0bad6b3-70bd-4834-a945-7a9e2c3b374e/resource/f48b2216-e3a2-4f8d-9eec-8078d7151081/download/212148_10_c.kani.zip
gifu,岐阜県オープンデータ,岐阜県 都市建築部,c11654-116,第10回都市計画基礎調査（市町別）,https://gifu-opendata.pref.gifu.lg.jp/dataset/c11654-116,クリエイティブ・コモンズ 表示,0b56331f-0df0-4538-94a6-3ca9a0b10058,山県市（令和4年度、令和5年度）,ZIP,1142059,人口|産業|土地利用|建物,archive,strict,https://gifu-opendata.pref.gifu.lg.jp/dataset/f0bad6b3-70bd-4834-a945-7a9e2c3b374e/resource/0b56331f-0df0-4538-94a6-3ca9a0b10058/download/212156_10_c.yamagata.zip
gifu,岐阜県オープンデータ,岐阜県 都市建築部,c11654-116,第10回都市計画基礎調査（市町別）,https://gifu-opendata.pref.gifu.lg.jp/dataset/c11654-116,クリエイティブ・コモンズ 表示,b1c23486-bc26-4cb1-94c8-306c7a97eb80,瑞穂市（令和4年度）,ZIP,521936,人口|産業|土地利用|建物,archive,strict,https://gifu-opendata.pref.gifu.lg.jp/dataset/f0bad6b3-70bd-4834-a945-7a9e2c3b374e/resource/b1c23486-bc26-4cb1-94c8-306c7a97eb80/download/212164_10_c.mizuho.zip
gifu,岐阜県オープンデータ,岐阜県 都市建築部,c11654-116,第10回都市計画基礎調査（市町別）,https://gifu-opendata.pref.gifu.lg.jp/dataset/c11654-116,クリエイティブ・コモンズ 表示,9f9fe5f8-a6eb-4ce5-96cc-c9c996d69d3a,飛騨市（令和4年度、令和6年度）,ZIP,3085350,人口|産業|土地利用|建物,archive,strict,https://gifu-opendata.pref.gifu.lg.jp/dataset/f0bad6b3-70bd-4834-a945-7a9e2c3b374e/resource/9f9fe5f8-a6eb-4ce5-96cc-c9c996d69d3a/download/212172_10_c.hida.zip
gifu,岐阜県オープンデータ,岐阜県 都市建築部,c11654-116,第10回都市計画基礎調査（市町別）,https://gifu-opendata.pref.gifu.lg.jp/dataset/c11654-116,クリエイティブ・コモンズ 表示,6c4697af-f5aa-4426-a7fc-66a27c3c4caf,本巣市（令和4年度、令和5年度）,ZIP,1588719,人口|産業|土地利用|建物,archive,strict,https://gifu-opendata.pref.gifu.lg.jp/dataset/f0bad6b3-70bd-4834-a945-7a9e2c3b374e/resource/6c4697af-f5aa-4426-a7fc-66a27c3c4caf/download/212181_10_c.motosu.zip
gifu,岐阜県オープンデータ,岐阜県 都市建築部,c11654-116,第10回都市計画基礎調査（市町別）,https://gifu-opendata.pref.gifu.lg.jp/dataset/c11654-116,クリエイティブ・コモンズ 表示,1e416f94-b793-49ab-950c-bc33f6e0aa3f,郡上市（令和4年度、令和6年度）,ZIP,3914940,人口|産業|土地利用|建物,archive,strict,https://gifu-opendata.pref.gifu.lg.jp/dataset/f0bad6b3-70bd-4834-a945-7a9e2c3b374e/resource/1e416f94-b793-49ab-950c-bc33f6e0aa3f/download/212199_10_c.gujo.zip
gifu,岐阜県オープンデータ,岐阜県 都市建築部,c11654-116,第10回都市計画基礎調査（市町別）,https://gifu-opendata.pref.gifu.lg.jp/dataset/c11654-116,クリエイティブ・コモンズ 表示,174bf84f-49da-4878-84b8-924679937b72,下呂市（令和4年度、令和6年度）,ZIP,3121299,人口|産業|土地利用|建物,archive,strict,https://gifu-opendata.pref.gifu.lg.jp/dataset/f0bad6b3-70bd-4834-a945-7a9e2c3b374e/resource/174bf84f-49da-4878-84b8-924679937b72/download/212202_10_c.gero.zip
gifu,岐阜県オープンデータ,岐阜県 都市建築部,c11654-116,第10回都市計画基礎調査（市町別）,https://gifu-opendata.pref.gifu.lg.jp/dataset/c11654-116,クリエイティブ・コモンズ 表示,4e094a95-e257-40c3-9251-1ae3348ce595,海津市（令和4年度、令和6年度）,ZIP,724434,人口|産業|土地利用|建物,archive,strict,https://gifu-opendata.pref.gifu.lg.jp/dataset/f0bad6b3-70bd-4834-a945-7a9e2c3b374e/resource/4e094a95-e257-40c3-9251-1ae3348ce595/download/212211_10_c.kaizu.zip
gifu,岐阜県オープンデータ,岐阜県 都市建築部,c11654-116,第10回都市計画基礎調査（市町別）,https://gifu-opendata.pref.gifu.lg.jp/dataset/c11654-116,クリエイティブ・コモンズ 表示,3a708aa6-57f8-4dcf-bf6e-0822127cb961,岐南町（令和4年度）,ZIP,325756,人口|産業|土地利用|建物,archive,strict,https://gifu-opendata.pref.gifu.lg.jp/dataset/f0bad6b3-70bd-4834-a945-7a9e2c3b374e/resource/3a708aa6-57f8-4dcf-bf6e-0822127cb961/download/213021_10_t.ginan.zip
gifu,岐阜県オープンデータ,岐阜県 都市建築部,c11654-116,第10回都市計画基礎調査（市町別）,https://gifu-opendata.pref.gifu.lg.jp/dataset/c11654-116,クリエイティブ・コモンズ 表示,c41a0f0e-2ae5-4347-aaef-cf7c922e1008,笠松町（令和4年度）,ZIP,340812,人口|産業|土地利用|建物,archive,strict,https://gifu-opendata.pref.gifu.lg.jp/dataset/f0bad6b3-70bd-4834-a945-7a9e2c3b374e/resource/c41a0f0e-2ae5-4347-aaef-cf7c922e1008/download/213039_10_t.kasamatsu.zip
gifu,岐阜県オープンデータ,岐阜県 都市建築部,c11654-116,第10回都市計画基礎調査（市町別）,https://gifu-opendata.pref.gifu.lg.jp/dataset/c11654-116,クリエイティブ・コモンズ 表示,b7ed5586-ebd8-47e4-ba50-9f1422a5199b,養老町（令和4年度、令和6年度）,ZIP,883047,人口|産業|土地利用|建物,archive,strict,https://gifu-opendata.pref.gifu.lg.jp/dataset/f0bad6b3-70bd-4834-a945-7a9e2c3b374e/resource/b7ed5586-ebd8-47e4-ba50-9f1422a5199b/download/213411_10_t.yoro.zip
gifu,岐阜県オープンデータ,岐阜県 都市建築部,c11654-116,第10回都市計画基礎調査（市町別）,https://gifu-opendata.pref.gifu.lg.jp/dataset/c11654-116,クリエイティブ・コモンズ 表示,37829485-07dd-451d-bc43-55d4d4b1ef2c,垂井町（令和4年度）,ZIP,703662,人口|産業|土地利用|建物,archive,strict,https://gifu-opendata.pref.gifu.lg.jp/dataset/f0bad6b3-70bd-4834-a945-7a9e2c3b374e/resource/37829485-07dd-451d-bc43-55d4d4b1ef2c/download/213616_10_t.tarui.zip
gifu,岐阜県オープンデータ,岐阜県 都市建築部,c11654-116,第10回都市計画基礎調査（市町別）,https://gifu-opendata.pref.gifu.lg.jp/dataset/c11654-116,クリエイティブ・コモンズ 表示,0515d80c-3abf-4765-ba35-442e48727348,関ケ原町（令和4年度、令和6年度）,ZIP,565366,人口|産業|土地利用|建物,archive,strict,https://gifu-opendata.pref.gifu.lg.jp/dataset/f0bad6b3-70bd-4834-a945-7a9e2c3b374e/resource/0515d80c-3abf-4765-ba35-442e48727348/download/213624_10_t.sekigahara.zip
gifu,岐阜県オープンデータ,岐阜県 都市建築部,c11654-116,第10回都市計画基礎調査（市町別）,https://gifu-opendata.pref.gifu.lg.jp/dataset/c11654-116,クリエイティブ・コモンズ 表示,76b34f60-a91e-46be-b5ba-64a4a7d8d682,神戸町（令和4年度）,ZIP,315271,人口|産業|土地利用|建物,archive,strict,https://gifu-opendata.pref.gifu.lg.jp/dataset/f0bad6b3-70bd-4834-a945-7a9e2c3b374e/resource/76b34f60-a91e-46be-b5ba-64a4a7d8d682/download/213811_10_t.godo.zip
gifu,岐阜県オープンデータ,岐阜県 都市建築部,c11654-116,第10回都市計画基礎調査（市町別）,https://gifu-opendata.pref.gifu.lg.jp/dataset/c11654-116,クリエイティブ・コモンズ 表示,c80ac918-0caf-42f9-8206-f9d40e1af02b,輪之内町（令和4年度、令和6年度）,ZIP,259712,人口|産業|土地利用|建物,archive,strict,https://gifu-opendata.pref.gifu.lg.jp/dataset/f0bad6b3-70bd-4834-a945-7a9e2c3b374e/resource/c80ac918-0caf-42f9-8206-f9d40e1af02b/download/213829_10_t.wanouchi.zip
gifu,岐阜県オープンデータ,岐阜県 都市建築部,c11654-116,第10回都市計画基礎調査（市町別）,https://gifu-opendata.pref.gifu.lg.jp/dataset/c11654-116,クリエイティブ・コモンズ 表示,3f49607f-9168-4eff-8916-072a2a3e6f2e,安八町（令和4年度）,ZIP,301692,人口|産業|土地利用|建物,archive,strict,https://gifu-opendata.pref.gifu.lg.jp/dataset/f0bad6b3-70bd-4834-a945-7a9e2c3b374e/resource/3f49607f-9168-4eff-8916-072a2a3e6f2e/download/213837_10_t.anpachi.zip
gifu,岐阜県オープンデータ,岐阜県 都市建築部,c11654-116,第10回都市計画基礎調査（市町別）,https://gifu-opendata.pref.gifu.lg.jp/dataset/c11654-116,クリエイティブ・コモンズ 表示,1bc4f1e5-69a7-4fa8-a988-9d1d85c73e9b,揖斐川町（令和4年度、令和6年度）,ZIP,2042264,人口|産業|土地利用|建物,archive,strict,https://gifu-opendata.pref.gifu.lg.jp/dataset/f0bad6b3-70bd-4834-a945-7a9e2c3b374e/resource/1bc4f1e5-69a7-4fa8-a988-9d1d85c73e9b/download/214019_10_t.ibigawa.zip
gifu,岐阜県オープンデータ,岐阜県 都市建築部,c11654-116,第10回都市計画基礎調査（市町別）,https://gifu-opendata.pref.gifu.lg.jp/dataset/c11654-116,クリエイティブ・コモンズ 表示,c891d67a-6b68-4a67-b173-7532e0dead29,大野町（令和4年度、令和6年度）,ZIP,305855,人口|産業|土地利用|建物,archive,strict,https://gifu-opendata.pref.gifu.lg.jp/dataset/f0bad6b3-70bd-4834-a945-7a9e2c3b374e/resource/c891d67a-6b68-4a67-b173-7532e0dead29/download/214035_10_t.ono.zip
gifu,岐阜県オープンデータ,岐阜県 都市建築部,c11654-116,第10回都市計画基礎調査（市町別）,https://gifu-opendata.pref.gifu.lg.jp/dataset/c11654-116,クリエイティブ・コモンズ 表示,0a0c714c-1c3a-4bf4-8bf6-84bc16521ef6,池田町（令和4年度、令和6年度）,ZIP,421985,人口|産業|土地利用|建物,archive,strict,https://gifu-opendata.pref.gifu.lg.jp/dataset/f0bad6b3-70bd-4834-a945-7a9e2c3b374e/resource/0a0c714c-1c3a-4bf4-8bf6-84bc16521ef6/download/214043_10_t.ikeda.zip
gifu,岐阜県オープンデータ,岐阜県 都市建築部,c11654-116,第10回都市計画基礎調査（市町別）,https://gifu-opendata.pref.gifu.lg.jp/dataset/c11654-116,クリエイティブ・コモンズ 表示,5c21594a-84f9-42bc-b69b-5ce8dbd1fbfb,北方町（令和4年度）,ZIP,299965,人口|産業|土地利用|建物,archive,strict,https://gifu-opendata.pref.gifu.lg.jp/dataset/f0bad6b3-70bd-4834-a945-7a9e2c3b374e/resource/5c21594a-84f9-42bc-b69b-5ce8dbd1fbfb/download/214213_10_t.kitagata.zip
gifu,岐阜県オープンデータ,岐阜県 都市建築部,c11654-116,第10回都市計画基礎調査（市町別）,https://gifu-opendata.pref.gifu.lg.jp/dataset/c11654-116,クリエイティブ・コモンズ 表示,a18eca23-379c-4874-8f65-8ea374779072,坂祝町（令和4年度、令和5年度）,ZIP,252113,人口|産業|土地利用|建物,archive,strict,https://gifu-opendata.pref.gifu.lg.jp/dataset/f0bad6b3-70bd-4834-a945-7a9e2c3b374e/resource/a18eca23-379c-4874-8f65-8ea374779072/download/215015_10_t.sakahogi.zip
gifu,岐阜県オープンデータ,岐阜県 都市建築部,c11654-116,第10回都市計画基礎調査（市町別）,https://gifu-opendata.pref.gifu.lg.jp/dataset/c11654-116,クリエイティブ・コモンズ 表示,7bd4055e-d549-4467-964f-cdebf03c74cc,富加町（令和4年度、令和5年度）,ZIP,372987,人口|産業|土地利用|建物,archive,strict,https://gifu-opendata.pref.gifu.lg.jp/dataset/f0bad6b3-70bd-4834-a945-7a9e2c3b374e/resource/7bd4055e-d549-4467-964f-cdebf03c74cc/download/215023_10_t.tomika.zip
gifu,岐阜県オープンデータ,岐阜県 都市建築部,c11654-116,第10回都市計画基礎調査（市町別）,https://gifu-opendata.pref.gifu.lg.jp/dataset/c11654-116,クリエイティブ・コモンズ 表示,93422c0a-5c29-4f87-8cc7-093cd408330c,川辺町（令和4年度、令和5年度）,ZIP,518682,人口|産業|土地利用|建物,archive,strict,https://gifu-opendata.pref.gifu.lg.jp/dataset/f0bad6b3-70bd-4834-a945-7a9e2c3b374e/resource/93422c0a-5c29-4f87-8cc7-093cd408330c/download/215031_10_t.kawabe.zip
gifu,岐阜県オープンデータ,岐阜県 都市建築部,c11654-116,第10回都市計画基礎調査（市町別）,https://gifu-opendata.pref.gifu.lg.jp/dataset/c11654-116,クリエイティブ・コモンズ 表示,e6148353-0f5e-4b95-9bd1-5667ebe6b862,八百津町（令和4年度、令和6年度）,ZIP,933833,人口|産業|土地利用|建物,archive,strict,https://gifu-opendata.pref.gifu.lg.jp/dataset/f0bad6b3-70bd-4834-a945-7a9e2c3b374e/resource/e6148353-0f5e-4b95-9bd1-5667ebe6b862/download/215058_10_t.yaotsu.zip
gifu,岐阜県オープンデータ,岐阜県 都市建築部,c11654-116,第10回都市計画基礎調査（市町別）,https://gifu-opendata.pref.gifu.lg.jp/dataset/c11654-116,クリエイティブ・コモンズ 表示,b0bed18d-d33b-4896-aee4-38afe46d998f,御嵩町（令和4年度、令和5年度）,ZIP,740555,人口|産業|土地利用|建物,archive,strict,https://gifu-opendata.pref.gifu.lg.jp/dataset/f0bad6b3-70bd-4834-a945-7a9e2c3b374e/resource/b0bed18d-d33b-4896-aee4-38afe46d998f/download/215210_10_t.mitake.zip
gifu,岐阜県オープンデータ,岐阜県 都市建築部,c11654-116,第10回都市計画基礎調査（市町別）,https://gifu-opendata.pref.gifu.lg.jp/dataset/c11654-116,クリエイティブ・コモンズ 表示,dcb8f8ad-f15c-4bd3-aa3b-a9dfcbb6cd3e,データ定義書,XLSX,153975,,tabular,strict,https://gifu-opendata.pref.gifu.lg.jp/dataset/f0bad6b3-70bd-4834-a945-7a9e2c3b374e/resource/dcb8f8ad-f15c-4bd3-aa3b-a9dfcbb6cd3e/download/teigisyo_10.xlsx
gifu,岐阜県オープンデータ,美濃加茂市,c11654-044,【美濃加茂市】第9回都市計画基礎調査,https://gifu-opendata.pref.gifu.lg.jp/dataset/c11654-044,その他 (表示),1ed3183b-eec7-410e-a692-1af5d55bbca1,データ利用時の注意事項,DOCX,13270,,document,strict,https://gifu-opendata.pref.gifu.lg.jp/dataset/cd805848-d6c1-4dbc-ae59-ef4ddbb2b0da/resource/1ed3183b-eec7-410e-a692-1af5d55bbca1/download/chuuijiko.docx
gifu,岐阜県オープンデータ,美濃加茂市,c11654-044,【美濃加茂市】第9回都市計画基礎調査,https://gifu-opendata.pref.gifu.lg.jp/dataset/c11654-044,その他 (表示),3b79148b-170e-4dd9-9ca5-ebc4ad313662,【美濃加茂市】都市計画基礎調査（平成30年度）,ZIP,488309,土地利用|建物,archive,strict,https://gifu-opendata.pref.gifu.lg.jp/dataset/cd805848-d6c1-4dbc-ae59-ef4ddbb2b0da/resource/3b79148b-170e-4dd9-9ca5-ebc4ad313662/download/212113_09_c.minokamo.zip
gifu,岐阜県オープンデータ,美濃加茂市,c11654-044,【美濃加茂市】第9回都市計画基礎調査,https://gifu-opendata.pref.gifu.lg.jp/dataset/c11654-044,その他 (表示),56dd9f05-1c23-4a5d-b959-e6fa26c8d097,データ定義書,XLSX,85901,,tabular,strict,https://gifu-opendata.pref.gifu.lg.jp/dataset/cd805848-d6c1-4dbc-ae59-ef4ddbb2b0da/resource/56dd9f05-1c23-4a5d-b959-e6fa26c8d097/download/teigisyo_09.xlsx
gifu,岐阜県オープンデータ,岐阜県 都市建築部,c11654-087,【美濃加茂市】第10回都市計画基礎調査,https://gifu-opendata.pref.gifu.lg.jp/dataset/c11654-087,クリエイティブ・コモンズ 表示,24066453-68f4-4191-9dd8-cb020f33c0fe,データ利用時の注意事項,DOCX,13270,,document,strict,https://gifu-opendata.pref.gifu.lg.jp/dataset/9cd2cf84-4864-4742-af98-5537ecd9d3d4/resource/24066453-68f4-4191-9dd8-cb020f33c0fe/download/00_chuuijiko.docx
gifu,岐阜県オープンデータ,岐阜県 都市建築部,c11654-087,【美濃加茂市】第10回都市計画基礎調査,https://gifu-opendata.pref.gifu.lg.jp/dataset/c11654-087,クリエイティブ・コモンズ 表示,6f7314f7-7766-4131-86d4-a668fc7e4e63,【美濃加茂市】都市計画基礎調査（令和4年度、令和5年度）,ZIP,1124877,人口|産業|土地利用|建物,archive,strict,https://gifu-opendata.pref.gifu.lg.jp/dataset/9cd2cf84-4864-4742-af98-5537ecd9d3d4/resource/6f7314f7-7766-4131-86d4-a668fc7e4e63/download/212113_10_c.minokamo.zip
gifu,岐阜県オープンデータ,岐阜県 都市建築部,c11654-087,【美濃加茂市】第10回都市計画基礎調査,https://gifu-opendata.pref.gifu.lg.jp/dataset/c11654-087,クリエイティブ・コモンズ 表示,fd506bce-de0c-4cad-b1e6-bbe364a8fd16,データ定義書,XLSX,153975,,tabular,strict,https://gifu-opendata.pref.gifu.lg.jp/dataset/9cd2cf84-4864-4742-af98-5537ecd9d3d4/resource/fd506bce-de0c-4cad-b1e6-bbe364a8fd16/download/00_teigisyo_10.xlsx
gifu,岐阜県オープンデータ,岐阜県 都市建築部,c11654-111,【加茂郡富加町】第10回都市計画基礎調査,https://gifu-opendata.pref.gifu.lg.jp/dataset/c11654-111,クリエイティブ・コモンズ 表示,aa1d6613-624a-4d4e-a1c9-99c27135c51e,【加茂郡富加町】都市計画基礎調査（令和4年度、令和5年度）,ZIP,372987,人口|産業|土地利用|建物,archive,strict,https://gifu-opendata.pref.gifu.lg.jp/dataset/3a4537ea-1850-4d47-bc84-6688bc18ab53/resource/aa1d6613-624a-4d4e-a1c9-99c27135c51e/download/215023_10_t.tomika.zip
gifu,岐阜県オープンデータ,加茂郡八百津町,c11654-070,【加茂郡八百津町】第9回都市計画基礎調査,https://gifu-opendata.pref.gifu.lg.jp/dataset/c11654-070,その他 (表示),480e2fd2-45ca-40fa-b333-7684cdfee310,データ利用時の注意事項,DOCX,13270,,document,strict,https://gifu-opendata.pref.gifu.lg.jp/dataset/231b4e67-5b8e-4cad-9182-3ccc3bf42990/resource/480e2fd2-45ca-40fa-b333-7684cdfee310/download/chuuijiko.docx
gifu,岐阜県オープンデータ,加茂郡八百津町,c11654-070,【加茂郡八百津町】第9回都市計画基礎調査,https://gifu-opendata.pref.gifu.lg.jp/dataset/c11654-070,その他 (表示),eeda2bf7-5dfc-4c6a-b595-3c546c39b3be,【加茂郡八百津町】都市計画基礎調査（令和元年度）,ZIP,426773,土地利用|建物,archive,strict,https://gifu-opendata.pref.gifu.lg.jp/dataset/231b4e67-5b8e-4cad-9182-3ccc3bf42990/resource/eeda2bf7-5dfc-4c6a-b595-3c546c39b3be/download/215058_09_t.yaotsu.zip
gifu,岐阜県オープンデータ,加茂郡八百津町,c11654-070,【加茂郡八百津町】第9回都市計画基礎調査,https://gifu-opendata.pref.gifu.lg.jp/dataset/c11654-070,その他 (表示),93b09626-40a9-4184-a784-440eae1e15da,データ定義書,XLSX,84576,,tabular,strict,https://gifu-opendata.pref.gifu.lg.jp/dataset/231b4e67-5b8e-4cad-9182-3ccc3bf42990/resource/93b09626-40a9-4184-a784-440eae1e15da/download/teigisyo_09.xlsx
gifu,岐阜県オープンデータ,羽島郡岐南町,c11654-055,【羽島郡岐南町】第9回都市計画基礎調査,https://gifu-opendata.pref.gifu.lg.jp/dataset/c11654-055,その他 (表示),85600f48-9bca-409d-b299-866aad7c3f1d,データ利用時の注意事項,DOCX,13270,,document,strict,https://gifu-opendata.pref.gifu.lg.jp/dataset/82372b85-2e28-43d1-ab94-d5bb06a50c67/resource/85600f48-9bca-409d-b299-866aad7c3f1d/download/chuuijiko.docx
gifu,岐阜県オープンデータ,羽島郡岐南町,c11654-055,【羽島郡岐南町】第9回都市計画基礎調査,https://gifu-opendata.pref.gifu.lg.jp/dataset/c11654-055,その他 (表示),fa5debfc-83fa-473d-8a5e-9ee5a4ba3970,【羽島郡岐南町】都市計画基礎調査（平成29年度）,ZIP,106598,土地利用|建物,archive,strict,https://gifu-opendata.pref.gifu.lg.jp/dataset/82372b85-2e28-43d1-ab94-d5bb06a50c67/resource/fa5debfc-83fa-473d-8a5e-9ee5a4ba3970/download/213021_09_t.ginan.zip
gifu,岐阜県オープンデータ,羽島郡岐南町,c11654-055,【羽島郡岐南町】第9回都市計画基礎調査,https://gifu-opendata.pref.gifu.lg.jp/dataset/c11654-055,その他 (表示),686f4077-38cc-459e-9658-095408bfc68a,データ定義書,XLSX,84576,,tabular,strict,https://gifu-opendata.pref.gifu.lg.jp/dataset/82372b85-2e28-43d1-ab94-d5bb06a50c67/resource/686f4077-38cc-459e-9658-095408bfc68a/download/teigisyo_09.xlsx
gifu,岐阜県オープンデータ,羽島郡笠松町,c11654-056,【羽島郡笠松町】第9回都市計画基礎調査,https://gifu-opendata.pref.gifu.lg.jp/dataset/c11654-056,その他 (表示),cba7c732-2777-40bf-9c99-d330c5782f00,データ利用時の注意事項,DOCX,13270,,document,strict,https://gifu-opendata.pref.gifu.lg.jp/dataset/2396376e-292b-4010-9d53-ac6e2187e072/resource/cba7c732-2777-40bf-9c99-d330c5782f00/download/chuuijiko.docx
gifu,岐阜県オープンデータ,羽島郡笠松町,c11654-056,【羽島郡笠松町】第9回都市計画基礎調査,https://gifu-opendata.pref.gifu.lg.jp/dataset/c11654-056,その他 (表示),d16b9ed3-3dfb-4c22-b9a3-526cc6a19056,【羽島郡笠松町】都市計画基礎調査（平成29年度）,ZIP,113149,土地利用|建物,archive,strict,https://gifu-opendata.pref.gifu.lg.jp/dataset/2396376e-292b-4010-9d53-ac6e2187e072/resource/d16b9ed3-3dfb-4c22-b9a3-526cc6a19056/download/213039_09_t.kasamatsu.zip
gifu,岐阜県オープンデータ,羽島郡笠松町,c11654-056,【羽島郡笠松町】第9回都市計画基礎調査,https://gifu-opendata.pref.gifu.lg.jp/dataset/c11654-056,その他 (表示),1acebb89-eb4e-437a-bddd-6f6ee2481263,データ定義書,XLSX,84576,,tabular,strict,https://gifu-opendata.pref.gifu.lg.jp/dataset/2396376e-292b-4010-9d53-ac6e2187e072/resource/1acebb89-eb4e-437a-bddd-6f6ee2481263/download/teigisyo_09.xlsx
gifu,岐阜県オープンデータ,養老郡養老町,c11654-057,【養老郡養老町】第9回都市計画基礎調査,https://gifu-opendata.pref.gifu.lg.jp/dataset/c11654-057,その他 (表示),50b99c8a-dbb5-44c8-a461-4ade0614f21c,データ利用時の注意事項,DOCX,13270,,document,strict,https://gifu-opendata.pref.gifu.lg.jp/dataset/5c48f7cc-eb1b-4366-af64-a531cc29e033/resource/50b99c8a-dbb5-44c8-a461-4ade0614f21c/download/chuuijiko.docx
gifu,岐阜県オープンデータ,養老郡養老町,c11654-057,【養老郡養老町】第9回都市計画基礎調査,https://gifu-opendata.pref.gifu.lg.jp/dataset/c11654-057,その他 (表示),7605dd15-78dd-4e9a-b13e-1a0d0ace7bdc,【養老郡養老町】都市計画基礎調査（令和元年度）,ZIP,400609,土地利用|建物,archive,strict,https://gifu-opendata.pref.gifu.lg.jp/dataset/5c48f7cc-eb1b-4366-af64-a531cc29e033/resource/7605dd15-78dd-4e9a-b13e-1a0d0ace7bdc/download/213411_09_t.yoro.zip
gifu,岐阜県オープンデータ,養老郡養老町,c11654-057,【養老郡養老町】第9回都市計画基礎調査,https://gifu-opendata.pref.gifu.lg.jp/dataset/c11654-057,その他 (表示),add0c65e-32d4-43b1-aae8-bf4079551355,データ定義書,XLSX,84576,,tabular,strict,https://gifu-opendata.pref.gifu.lg.jp/dataset/5c48f7cc-eb1b-4366-af64-a531cc29e033/resource/add0c65e-32d4-43b1-aae8-bf4079551355/download/teigisyo_09.xlsx
gifu,岐阜県オープンデータ,不破郡垂井町,c11654-058,【不破郡垂井町】第9回都市計画基礎調査,https://gifu-opendata.pref.gifu.lg.jp/dataset/c11654-058,その他 (表示),e75d47ab-7d5b-4af0-a7c5-ae4cb8fcbf13,データ利用時の注意事項,DOCX,13270,,document,strict,https://gifu-opendata.pref.gifu.lg.jp/dataset/f2b6e2a2-ef79-4928-9c90-ef02071bd016/resource/e75d47ab-7d5b-4af0-a7c5-ae4cb8fcbf13/download/chuuijiko.docx
gifu,岐阜県オープンデータ,不破郡垂井町,c11654-058,【不破郡垂井町】第9回都市計画基礎調査,https://gifu-opendata.pref.gifu.lg.jp/dataset/c11654-058,その他 (表示),5465b182-a47b-4606-bea0-60af7b5966ee,【不破郡垂井町】都市計画基礎調査（平成29年度）,ZIP,301437,土地利用|建物,archive,strict,https://gifu-opendata.pref.gifu.lg.jp/dataset/f2b6e2a2-ef79-4928-9c90-ef02071bd016/resource/5465b182-a47b-4606-bea0-60af7b5966ee/download/213616_09_t.tarui.zip
gifu,岐阜県オープンデータ,不破郡垂井町,c11654-058,【不破郡垂井町】第9回都市計画基礎調査,https://gifu-opendata.pref.gifu.lg.jp/dataset/c11654-058,その他 (表示),4dc2de82-7db6-4c4a-b76f-28156c7d0f72,データ定義書,XLSX,84576,,tabular,strict,https://gifu-opendata.pref.gifu.lg.jp/dataset/f2b6e2a2-ef79-4928-9c90-ef02071bd016/resource/4dc2de82-7db6-4c4a-b76f-28156c7d0f72/download/teigisyo_09.xlsx
gifu,岐阜県オープンデータ,不破郡関ケ原町,c11654-059,【不破郡関ケ原町】第9回都市計画基礎調査,https://gifu-opendata.pref.gifu.lg.jp/dataset/c11654-059,その他 (表示),ddae7112-a353-489f-8b13-57888c716125,データ利用時の注意事項,DOCX,13270,,document,strict,https://gifu-opendata.pref.gifu.lg.jp/dataset/71a1558b-8ebd-44e7-920c-207baced97ab/resource/ddae7112-a353-489f-8b13-57888c716125/download/chuuijiko.docx
gifu,岐阜県オープンデータ,不破郡関ケ原町,c11654-059,【不破郡関ケ原町】第9回都市計画基礎調査,https://gifu-opendata.pref.gifu.lg.jp/dataset/c11654-059,その他 (表示),b360b9e7-3a40-467f-bb96-c831b442fae7,【不破郡関ケ原町】都市計画基礎調査（平成30年度）,ZIP,235870,土地利用|建物,archive,strict,https://gifu-opendata.pref.gifu.lg.jp/dataset/71a1558b-8ebd-44e7-920c-207baced97ab/resource/b360b9e7-3a40-467f-bb96-c831b442fae7/download/213624_09_t.sekigahara.zip
gifu,岐阜県オープンデータ,不破郡関ケ原町,c11654-059,【不破郡関ケ原町】第9回都市計画基礎調査,https://gifu-opendata.pref.gifu.lg.jp/dataset/c11654-059,その他 (表示),4ad4628e-eff1-48aa-b92a-9b9c6fe8833d,データ定義書,XLSX,84576,,tabular,strict,https://gifu-opendata.pref.gifu.lg.jp/dataset/71a1558b-8ebd-44e7-920c-207baced97ab/resource/4ad4628e-eff1-48aa-b92a-9b9c6fe8833d/download/teigisyo_09.xlsx
gifu,岐阜県オープンデータ,安八郡神戸町,c11654-060,【安八郡神戸町】第9回都市計画基礎調査,https://gifu-opendata.pref.gifu.lg.jp/dataset/c11654-060,その他 (表示),9e56e93f-ea70-4de7-a12b-a8b226d9f7da,データ利用時の注意事項,DOCX,13270,,document,strict,https://gifu-opendata.pref.gifu.lg.jp/dataset/d1fd4c09-e854-44e2-92c7-33998b2cc8fb/resource/9e56e93f-ea70-4de7-a12b-a8b226d9f7da/download/chuuijiko.docx
gifu,岐阜県オープンデータ,安八郡神戸町,c11654-060,【安八郡神戸町】第9回都市計画基礎調査,https://gifu-opendata.pref.gifu.lg.jp/dataset/c11654-060,その他 (表示),8372845c-7bdd-4519-be4d-24e842051531,【安八郡神戸町】都市計画基礎調査（平成29年度）,ZIP,93304,土地利用|建物,archive,strict,https://gifu-opendata.pref.gifu.lg.jp/dataset/d1fd4c09-e854-44e2-92c7-33998b2cc8fb/resource/8372845c-7bdd-4519-be4d-24e842051531/download/213811_09_t.godo.zip
gifu,岐阜県オープンデータ,安八郡神戸町,c11654-060,【安八郡神戸町】第9回都市計画基礎調査,https://gifu-opendata.pref.gifu.lg.jp/dataset/c11654-060,その他 (表示),8a615fde-b4d7-450f-a3a7-a981aa0fa169,データ定義書,XLSX,84576,,tabular,strict,https://gifu-opendata.pref.gifu.lg.jp/dataset/d1fd4c09-e854-44e2-92c7-33998b2cc8fb/resource/8a615fde-b4d7-450f-a3a7-a981aa0fa169/download/teigisyo_09.xlsx
gifu,岐阜県オープンデータ,安八郡輪之内町,c11654-061,【安八郡輪之内町】第9回都市計画基礎調査,https://gifu-opendata.pref.gifu.lg.jp/dataset/c11654-061,その他 (表示),1045dbfd-5632-48fe-b2d8-78d8d97e83ae,データ利用時の注意事項,DOCX,13270,,document,strict,https://gifu-opendata.pref.gifu.lg.jp/dataset/9d64a9ca-4f35-4e2d-9209-c91e59f202e4/resource/1045dbfd-5632-48fe-b2d8-78d8d97e83ae/download/chuuijiko.docx
gifu,岐阜県オープンデータ,安八郡輪之内町,c11654-061,【安八郡輪之内町】第9回都市計画基礎調査,https://gifu-opendata.pref.gifu.lg.jp/dataset/c11654-061,その他 (表示),b19b89f5-918e-4eb0-845e-baff12689a4d,【安八郡輪之内町】都市計画基礎調査（令和元年度）,ZIP,94483,土地利用|建物,archive,strict,https://gifu-opendata.pref.gifu.lg.jp/dataset/9d64a9ca-4f35-4e2d-9209-c91e59f202e4/resource/b19b89f5-918e-4eb0-845e-baff12689a4d/download/213829_09_t.wanouchi.zip
gifu,岐阜県オープンデータ,安八郡輪之内町,c11654-061,【安八郡輪之内町】第9回都市計画基礎調査,https://gifu-opendata.pref.gifu.lg.jp/dataset/c11654-061,その他 (表示),1be390b9-c60d-4b36-b038-8843dd6ed3be,データ定義書,XLSX,84576,,tabular,strict,https://gifu-opendata.pref.gifu.lg.jp/dataset/9d64a9ca-4f35-4e2d-9209-c91e59f202e4/resource/1be390b9-c60d-4b36-b038-8843dd6ed3be/download/teigisyo_09.xlsx
gifu,岐阜県オープンデータ,揖斐郡揖斐川町,c11654-063,【揖斐郡揖斐川町】第9回都市計画基礎調査,https://gifu-opendata.pref.gifu.lg.jp/dataset/c11654-063,その他 (表示),64ed28c6-e349-4d28-bcc6-c477950bceab,データ利用時の注意事項,DOCX,13270,,document,strict,https://gifu-opendata.pref.gifu.lg.jp/dataset/289542ab-6b9d-4603-8a13-3a5003f4b6d0/resource/64ed28c6-e349-4d28-bcc6-c477950bceab/download/chuuijiko.docx
gifu,岐阜県オープンデータ,揖斐郡揖斐川町,c11654-063,【揖斐郡揖斐川町】第9回都市計画基礎調査,https://gifu-opendata.pref.gifu.lg.jp/dataset/c11654-063,その他 (表示),9562fd99-96ed-4d74-b0ab-51a6b9465ae4,【揖斐郡揖斐川町】都市計画基礎調査（令和元年度）,ZIP,709613,土地利用|建物,archive,strict,https://gifu-opendata.pref.gifu.lg.jp/dataset/289542ab-6b9d-4603-8a13-3a5003f4b6d0/resource/9562fd99-96ed-4d74-b0ab-51a6b9465ae4/download/214019_09_t.ibigawa.zip
gifu,岐阜県オープンデータ,揖斐郡揖斐川町,c11654-063,【揖斐郡揖斐川町】第9回都市計画基礎調査,https://gifu-opendata.pref.gifu.lg.jp/dataset/c11654-063,その他 (表示),60f88481-c2df-44dc-a4a4-ac4014223018,データ定義書,XLSX,84576,,tabular,strict,https://gifu-opendata.pref.gifu.lg.jp/dataset/289542ab-6b9d-4603-8a13-3a5003f4b6d0/resource/60f88481-c2df-44dc-a4a4-ac4014223018/download/teigisyo_09.xlsx
gifu,岐阜県オープンデータ,揖斐郡大野町,c11654-064,【揖斐郡大野町】第9回都市計画基礎調査,https://gifu-opendata.pref.gifu.lg.jp/dataset/c11654-064,その他 (表示),96a5865c-809f-4b10-8a17-318cdd14669a,データ利用時の注意事項,DOCX,13270,,document,strict,https://gifu-opendata.pref.gifu.lg.jp/dataset/1d9ed23c-f1c0-4c66-a831-8cda085bca48/resource/96a5865c-809f-4b10-8a17-318cdd14669a/download/chuuijiko.docx
gifu,岐阜県オープンデータ,揖斐郡大野町,c11654-064,【揖斐郡大野町】第9回都市計画基礎調査,https://gifu-opendata.pref.gifu.lg.jp/dataset/c11654-064,その他 (表示),3c91fbf5-edf4-4168-9e8a-a0c86c95db21,【揖斐郡大野町】都市計画基礎調査（令和元年度）,ZIP,93063,土地利用|建物,archive,strict,https://gifu-opendata.pref.gifu.lg.jp/dataset/1d9ed23c-f1c0-4c66-a831-8cda085bca48/resource/3c91fbf5-edf4-4168-9e8a-a0c86c95db21/download/214035_09_t.ono.zip
gifu,岐阜県オープンデータ,揖斐郡大野町,c11654-064,【揖斐郡大野町】第9回都市計画基礎調査,https://gifu-opendata.pref.gifu.lg.jp/dataset/c11654-064,その他 (表示),c39ded72-945a-4426-bcfd-dc12c7c166be,データ定義書,XLSX,84576,,tabular,strict,https://gifu-opendata.pref.gifu.lg.jp/dataset/1d9ed23c-f1c0-4c66-a831-8cda085bca48/resource/c39ded72-945a-4426-bcfd-dc12c7c166be/download/teigisyo_09.xlsx
gifu,岐阜県オープンデータ,揖斐郡池田町,c11654-065,【揖斐郡池田町】第9回都市計画基礎調査,https://gifu-opendata.pref.gifu.lg.jp/dataset/c11654-065,その他 (表示),a10decc0-d512-4023-82cc-bf6947c46d74,データ利用時の注意事項,DOCX,13270,,document,strict,https://gifu-opendata.pref.gifu.lg.jp/dataset/a4781256-a6cb-42b8-97ce-dc4276de8a25/resource/a10decc0-d512-4023-82cc-bf6947c46d74/download/chuuijiko.docx
gifu,岐阜県オープンデータ,揖斐郡池田町,c11654-065,【揖斐郡池田町】第9回都市計画基礎調査,https://gifu-opendata.pref.gifu.lg.jp/dataset/c11654-065,その他 (表示),2e259ce7-dc02-4d3d-a4c5-dc68b871c90e,【揖斐郡池田町】都市計画基礎調査（令和元年度）,ZIP,181412,土地利用|建物,archive,strict,https://gifu-opendata.pref.gifu.lg.jp/dataset/a4781256-a6cb-42b8-97ce-dc4276de8a25/resource/2e259ce7-dc02-4d3d-a4c5-dc68b871c90e/download/214043_09_t.ikeda.zip
gifu,岐阜県オープンデータ,揖斐郡池田町,c11654-065,【揖斐郡池田町】第9回都市計画基礎調査,https://gifu-opendata.pref.gifu.lg.jp/dataset/c11654-065,その他 (表示),06f3c19c-02cc-4375-b84b-e4ce842c706a,データ定義書,XLSX,84576,,tabular,strict,https://gifu-opendata.pref.gifu.lg.jp/dataset/a4781256-a6cb-42b8-97ce-dc4276de8a25/resource/06f3c19c-02cc-4375-b84b-e4ce842c706a/download/teigisyo_09.xlsx
gifu,岐阜県オープンデータ,本巣郡北方町,c11654-066,【本巣郡北方町】第9回都市計画基礎調査,https://gifu-opendata.pref.gifu.lg.jp/dataset/c11654-066,その他 (表示),835c2eba-a7f8-4733-8106-35b52749d1f6,データ利用時の注意事項,DOCX,13270,,document,strict,https://gifu-opendata.pref.gifu.lg.jp/dataset/c92f9749-2fb4-4a1b-adaa-71c9ac57e7af/resource/835c2eba-a7f8-4733-8106-35b52749d1f6/download/chuuijiko.docx
gifu,岐阜県オープンデータ,本巣郡北方町,c11654-066,【本巣郡北方町】第9回都市計画基礎調査,https://gifu-opendata.pref.gifu.lg.jp/dataset/c11654-066,その他 (表示),98a37ab9-eccc-4aa3-800d-f7a77a995cfd,【本巣郡北方町】都市計画基礎調査（平成29年度）,ZIP,105967,土地利用|建物,archive,strict,https://gifu-opendata.pref.gifu.lg.jp/dataset/c92f9749-2fb4-4a1b-adaa-71c9ac57e7af/resource/98a37ab9-eccc-4aa3-800d-f7a77a995cfd/download/214213_09_t.kitagata.zip
gifu,岐阜県オープンデータ,本巣郡北方町,c11654-066,【本巣郡北方町】第9回都市計画基礎調査,https://gifu-opendata.pref.gifu.lg.jp/dataset/c11654-066,その他 (表示),37f61765-7c5e-4990-a462-01d289a2e854,データ定義書,XLSX,84576,,tabular,strict,https://gifu-opendata.pref.gifu.lg.jp/dataset/c92f9749-2fb4-4a1b-adaa-71c9ac57e7af/resource/37f61765-7c5e-4990-a462-01d289a2e854/download/teigisyo_09.xlsx
gifu,岐阜県オープンデータ,加茂郡坂祝町,c11654-067,【加茂郡坂祝町】第9回都市計画基礎調査,https://gifu-opendata.pref.gifu.lg.jp/dataset/c11654-067,その他 (表示),43d8a6aa-266d-4dcd-956f-4fc57fd6e504,データ利用時の注意事項,DOCX,13270,,document,strict,https://gifu-opendata.pref.gifu.lg.jp/dataset/9474fd9d-42bc-4fa9-bb8d-6eab62ca43f0/resource/43d8a6aa-266d-4dcd-956f-4fc57fd6e504/download/chuuijiko.docx
gifu,岐阜県オープンデータ,加茂郡坂祝町,c11654-067,【加茂郡坂祝町】第9回都市計画基礎調査,https://gifu-opendata.pref.gifu.lg.jp/dataset/c11654-067,その他 (表示),72d91fbd-7fc9-4f48-afe1-ad21b2225d8c,【加茂郡坂祝町】都市計画基礎調査（平成30年度）,ZIP,80386,土地利用|建物,archive,strict,https://gifu-opendata.pref.gifu.lg.jp/dataset/9474fd9d-42bc-4fa9-bb8d-6eab62ca43f0/resource/72d91fbd-7fc9-4f48-afe1-ad21b2225d8c/download/215015_09_t.sakahogi.zip
gifu,岐阜県オープンデータ,加茂郡坂祝町,c11654-067,【加茂郡坂祝町】第9回都市計画基礎調査,https://gifu-opendata.pref.gifu.lg.jp/dataset/c11654-067,その他 (表示),be7de019-b5f6-4bd9-bf1e-4c9a6c6a1dd9,データ定義書,XLSX,84576,,tabular,strict,https://gifu-opendata.pref.gifu.lg.jp/dataset/9474fd9d-42bc-4fa9-bb8d-6eab62ca43f0/resource/be7de019-b5f6-4bd9-bf1e-4c9a6c6a1dd9/download/teigisyo_09.xlsx
gifu,岐阜県オープンデータ,加茂郡富加町,c11654-068,【加茂郡富加町】第9回都市計画基礎調査,https://gifu-opendata.pref.gifu.lg.jp/dataset/c11654-068,その他 (表示),dd822d16-2945-45b6-b57c-4c2cdcaf021c,データ利用時の注意事項,DOCX,13270,,document,strict,https://gifu-opendata.pref.gifu.lg.jp/dataset/29c291b6-d163-467c-8875-7de965db2913/resource/dd822d16-2945-45b6-b57c-4c2cdcaf021c/download/chuuijiko.docx
gifu,岐阜県オープンデータ,加茂郡富加町,c11654-068,【加茂郡富加町】第9回都市計画基礎調査,https://gifu-opendata.pref.gifu.lg.jp/dataset/c11654-068,その他 (表示),1e5b8bbd-7e56-41b2-9587-ef2186bfc8eb,【加茂郡富加町】都市計画基礎調査（平成30年度）,ZIP,152515,土地利用|建物,archive,strict,https://gifu-opendata.pref.gifu.lg.jp/dataset/29c291b6-d163-467c-8875-7de965db2913/resource/1e5b8bbd-7e56-41b2-9587-ef2186bfc8eb/download/215023_09_t.tomika.zip
gifu,岐阜県オープンデータ,加茂郡富加町,c11654-068,【加茂郡富加町】第9回都市計画基礎調査,https://gifu-opendata.pref.gifu.lg.jp/dataset/c11654-068,その他 (表示),b0c74737-057e-4d1d-ae73-4e2debb27357,データ定義書,XLSX,84576,,tabular,strict,https://gifu-opendata.pref.gifu.lg.jp/dataset/29c291b6-d163-467c-8875-7de965db2913/resource/b0c74737-057e-4d1d-ae73-4e2debb27357/download/teigisyo_09.xlsx
gifu,岐阜県オープンデータ,加茂郡川辺町,c11654-069,【加茂郡川辺町】第9回都市計画基礎調査,https://gifu-opendata.pref.gifu.lg.jp/dataset/c11654-069,その他 (表示),f5d30f63-d550-40d7-9c2d-e12abb165597,データ利用時の注意事項,DOCX,13270,,document,strict,https://gifu-opendata.pref.gifu.lg.jp/dataset/b4f24fb5-c532-4c27-b0ac-cd9aa4a47b59/resource/f5d30f63-d550-40d7-9c2d-e12abb165597/download/chuuijiko.docx
gifu,岐阜県オープンデータ,加茂郡川辺町,c11654-069,【加茂郡川辺町】第9回都市計画基礎調査,https://gifu-opendata.pref.gifu.lg.jp/dataset/c11654-069,その他 (表示),4b2fafc6-6cea-4a7d-9b3d-5cdc67dfee41,【加茂郡川辺町】都市計画基礎調査（平成30年度）,ZIP,223884,土地利用|建物,archive,strict,https://gifu-opendata.pref.gifu.lg.jp/dataset/b4f24fb5-c532-4c27-b0ac-cd9aa4a47b59/resource/4b2fafc6-6cea-4a7d-9b3d-5cdc67dfee41/download/215031_09_t.kawabe.zip
gifu,岐阜県オープンデータ,加茂郡川辺町,c11654-069,【加茂郡川辺町】第9回都市計画基礎調査,https://gifu-opendata.pref.gifu.lg.jp/dataset/c11654-069,その他 (表示),c3a8acb3-540e-4966-ada1-1dd621be6d52,データ定義書,XLSX,84576,,tabular,strict,https://gifu-opendata.pref.gifu.lg.jp/dataset/b4f24fb5-c532-4c27-b0ac-cd9aa4a47b59/resource/c3a8acb3-540e-4966-ada1-1dd621be6d52/download/teigisyo_09.xlsx
gifu,岐阜県オープンデータ,可児郡御嵩町,c11654-071,【可児郡御嵩町】第9回都市計画基礎調査,https://gifu-opendata.pref.gifu.lg.jp/dataset/c11654-071,その他 (表示),1402d776-e473-40cc-9352-68832a8dbd43,データ利用時の注意事項,DOCX,13270,,document,strict,https://gifu-opendata.pref.gifu.lg.jp/dataset/2ac26751-b42e-43f9-bb39-a25c3ed7cdbc/resource/1402d776-e473-40cc-9352-68832a8dbd43/download/chuuijiko.docx
gifu,岐阜県オープンデータ,可児郡御嵩町,c11654-071,【可児郡御嵩町】第9回都市計画基礎調査,https://gifu-opendata.pref.gifu.lg.jp/dataset/c11654-071,その他 (表示),3cfdaf4e-e9e5-4b9b-9018-4f81628a98d4,【可児郡御嵩町】都市計画基礎調査（平成30年度）,ZIP,345947,土地利用|建物,archive,strict,https://gifu-opendata.pref.gifu.lg.jp/dataset/2ac26751-b42e-43f9-bb39-a25c3ed7cdbc/resource/3cfdaf4e-e9e5-4b9b-9018-4f81628a98d4/download/215210_09_t.mitake.zip
gifu,岐阜県オープンデータ,可児郡御嵩町,c11654-071,【可児郡御嵩町】第9回都市計画基礎調査,https://gifu-opendata.pref.gifu.lg.jp/dataset/c11654-071,その他 (表示),7d066485-f916-4a43-91e0-1904e4854c0e,データ定義書,XLSX,84576,,tabular,strict,https://gifu-opendata.pref.gifu.lg.jp/dataset/2ac26751-b42e-43f9-bb39-a25c3ed7cdbc/resource/7d066485-f916-4a43-91e0-1904e4854c0e/download/teigisyo_09.xlsx
gifu,岐阜県オープンデータ,安八郡安八町,c11654-062,【安八郡安八町】第9回都市計画基礎調査,https://gifu-opendata.pref.gifu.lg.jp/dataset/c11654-062,その他 (表示),336f6670-a01a-4124-a171-bd34552bd086,データ利用時の注意事項,DOCX,13270,,document,strict,https://gifu-opendata.pref.gifu.lg.jp/dataset/7baffe83-b8e9-40d9-beed-a62c55abb332/resource/336f6670-a01a-4124-a171-bd34552bd086/download/chuuijiko.docx
gifu,岐阜県オープンデータ,安八郡安八町,c11654-062,【安八郡安八町】第9回都市計画基礎調査,https://gifu-opendata.pref.gifu.lg.jp/dataset/c11654-062,その他 (表示),107d31bf-d2e6-4cd8-b774-0612e92debec,【安八郡安八町】都市計画基礎調査（平成29年度）,ZIP,120684,土地利用|建物,archive,strict,https://gifu-opendata.pref.gifu.lg.jp/dataset/7baffe83-b8e9-40d9-beed-a62c55abb332/resource/107d31bf-d2e6-4cd8-b774-0612e92debec/download/213837_09_t.anpachi.zip
gifu,岐阜県オープンデータ,安八郡安八町,c11654-062,【安八郡安八町】第9回都市計画基礎調査,https://gifu-opendata.pref.gifu.lg.jp/dataset/c11654-062,その他 (表示),52913831-2791-4881-984a-d4023d1486aa,データ定義書,XLSX,84576,,tabular,strict,https://gifu-opendata.pref.gifu.lg.jp/dataset/7baffe83-b8e9-40d9-beed-a62c55abb332/resource/52913831-2791-4881-984a-d4023d1486aa/download/teigisyo_09.xlsx
gifu,岐阜県オープンデータ,岐阜県 都市建築部,c11654-109,【本巣郡北方町】第10回都市計画基礎調査,https://gifu-opendata.pref.gifu.lg.jp/dataset/c11654-109,クリエイティブ・コモンズ 表示,167dd2e3-b068-469b-a6ca-78f5b1fe5f85,データ利用時の注意事項,DOCX,13270,,document,strict,https://gifu-opendata.pref.gifu.lg.jp/dataset/b2d7096a-967a-4cb5-a438-f05771b2ff9c/resource/167dd2e3-b068-469b-a6ca-78f5b1fe5f85/download/00_chuuijiko.docx
gifu,岐阜県オープンデータ,岐阜県 都市建築部,c11654-109,【本巣郡北方町】第10回都市計画基礎調査,https://gifu-opendata.pref.gifu.lg.jp/dataset/c11654-109,クリエイティブ・コモンズ 表示,010314f1-a13b-4b98-bbac-247878aa2259,【本巣郡北方町】都市計画基礎調査（令和4年度）,ZIP,299965,人口|産業|土地利用|建物,archive,strict,https://gifu-opendata.pref.gifu.lg.jp/dataset/b2d7096a-967a-4cb5-a438-f05771b2ff9c/resource/010314f1-a13b-4b98-bbac-247878aa2259/download/214213_10_t.kitagata.zip
gifu,岐阜県オープンデータ,岐阜県 都市建築部,c11654-109,【本巣郡北方町】第10回都市計画基礎調査,https://gifu-opendata.pref.gifu.lg.jp/dataset/c11654-109,クリエイティブ・コモンズ 表示,fd6e7ebb-c46d-4070-a407-3ed9608840af,データ定義書,XLSX,153975,,tabular,strict,https://gifu-opendata.pref.gifu.lg.jp/dataset/b2d7096a-967a-4cb5-a438-f05771b2ff9c/resource/fd6e7ebb-c46d-4070-a407-3ed9608840af/download/00_teigisyo_10.xlsx
gifu,岐阜県オープンデータ,岐阜県 都市建築部,c11654-098,【羽島郡岐南町】第10回都市計画基礎調査,https://gifu-opendata.pref.gifu.lg.jp/dataset/c11654-098,クリエイティブ・コモンズ 表示,c1b8974e-3606-49e8-850f-1de61f013c9d,データ利用時の注意事項,DOCX,13270,,document,strict,https://gifu-opendata.pref.gifu.lg.jp/dataset/b20b76df-2d5d-409e-9751-e4cdc9a43771/resource/c1b8974e-3606-49e8-850f-1de61f013c9d/download/00_chuuijiko.docx
gifu,岐阜県オープンデータ,岐阜県 都市建築部,c11654-098,【羽島郡岐南町】第10回都市計画基礎調査,https://gifu-opendata.pref.gifu.lg.jp/dataset/c11654-098,クリエイティブ・コモンズ 表示,68201c12-d5eb-4657-bfc1-a37ed80d2ff6,【羽島郡岐南町】都市計画基礎調査（令和4年度）,ZIP,325756,人口|産業|土地利用|建物,archive,strict,https://gifu-opendata.pref.gifu.lg.jp/dataset/b20b76df-2d5d-409e-9751-e4cdc9a43771/resource/68201c12-d5eb-4657-bfc1-a37ed80d2ff6/download/213021_10_t.ginan.zip
gifu,岐阜県オープンデータ,岐阜県 都市建築部,c11654-098,【羽島郡岐南町】第10回都市計画基礎調査,https://gifu-opendata.pref.gifu.lg.jp/dataset/c11654-098,クリエイティブ・コモンズ 表示,6ec7436b-0363-4f2c-94af-5a35bb238152,データ定義書,XLSX,153975,,tabular,strict,https://gifu-opendata.pref.gifu.lg.jp/dataset/b20b76df-2d5d-409e-9751-e4cdc9a43771/resource/6ec7436b-0363-4f2c-94af-5a35bb238152/download/00_teigisyo_10.xlsx
gifu,岐阜県オープンデータ,岐阜県 都市建築部,c11654-106,【揖斐郡揖斐川町】第10回都市計画基礎調査,https://gifu-opendata.pref.gifu.lg.jp/dataset/c11654-106,クリエイティブ・コモンズ 表示,b58c74f2-6678-44cf-ac11-dd0586687e89,データ利用時の注意事項,DOCX,13270,,document,strict,https://gifu-opendata.pref.gifu.lg.jp/dataset/acbd233a-6221-42ca-93b0-3d2928f00f68/resource/b58c74f2-6678-44cf-ac11-dd0586687e89/download/00_chuuijiko.docx
gifu,岐阜県オープンデータ,岐阜県 都市建築部,c11654-106,【揖斐郡揖斐川町】第10回都市計画基礎調査,https://gifu-opendata.pref.gifu.lg.jp/dataset/c11654-106,クリエイティブ・コモンズ 表示,6a49ac9a-0922-44d1-bdac-3e6d8dad1ab7,【揖斐郡揖斐川町】都市計画基礎調査（令和4年度、令和6年度）,ZIP,2042264,人口|産業|土地利用|建物,archive,strict,https://gifu-opendata.pref.gifu.lg.jp/dataset/acbd233a-6221-42ca-93b0-3d2928f00f68/resource/6a49ac9a-0922-44d1-bdac-3e6d8dad1ab7/download/214019_10_t.ibigawa.zip
gifu,岐阜県オープンデータ,岐阜県 都市建築部,c11654-106,【揖斐郡揖斐川町】第10回都市計画基礎調査,https://gifu-opendata.pref.gifu.lg.jp/dataset/c11654-106,クリエイティブ・コモンズ 表示,96c91e4a-0535-419e-ba68-2b299dae072e,データ定義書,XLSX,153975,,tabular,strict,https://gifu-opendata.pref.gifu.lg.jp/dataset/acbd233a-6221-42ca-93b0-3d2928f00f68/resource/96c91e4a-0535-419e-ba68-2b299dae072e/download/00_teigisyo_10.xlsx
gifu,岐阜県オープンデータ,岐阜県 都市建築部,c11654-105,【安八郡安八町】第10回都市計画基礎調査,https://gifu-opendata.pref.gifu.lg.jp/dataset/c11654-105,クリエイティブ・コモンズ 表示,d5e75b1e-9c1c-479d-afa5-d1fb530b0382,データ利用時の注意事項,DOCX,13270,,document,strict,https://gifu-opendata.pref.gifu.lg.jp/dataset/259a57c9-26b6-45f4-aa37-ea976b5cf636/resource/d5e75b1e-9c1c-479d-afa5-d1fb530b0382/download/00_chuuijiko.docx
gifu,岐阜県オープンデータ,岐阜県 都市建築部,c11654-105,【安八郡安八町】第10回都市計画基礎調査,https://gifu-opendata.pref.gifu.lg.jp/dataset/c11654-105,クリエイティブ・コモンズ 表示,91b1cacb-d283-48eb-88cf-a2a04d23c60b,【安八郡安八町】都市計画基礎調査（令和4年度）,ZIP,301692,人口|産業|土地利用|建物,archive,strict,https://gifu-opendata.pref.gifu.lg.jp/dataset/259a57c9-26b6-45f4-aa37-ea976b5cf636/resource/91b1cacb-d283-48eb-88cf-a2a04d23c60b/download/213837_10_t.anpachi.zip
gifu,岐阜県オープンデータ,岐阜県 都市建築部,c11654-105,【安八郡安八町】第10回都市計画基礎調査,https://gifu-opendata.pref.gifu.lg.jp/dataset/c11654-105,クリエイティブ・コモンズ 表示,2dcc7a97-8ab8-4d48-9433-2493e1e12e33,データ定義書,XLSX,153975,,tabular,strict,https://gifu-opendata.pref.gifu.lg.jp/dataset/259a57c9-26b6-45f4-aa37-ea976b5cf636/resource/2dcc7a97-8ab8-4d48-9433-2493e1e12e33/download/00_teigisyo_10.xlsx
gifu,岐阜県オープンデータ,岐阜県 都市建築部,c11654-104,【安八郡輪之内町】第10回都市計画基礎調査,https://gifu-opendata.pref.gifu.lg.jp/dataset/c11654-104,クリエイティブ・コモンズ 表示,ed5ca075-e553-442e-ae05-3b2a65f29212,【安八郡輪之内町】都市計画基礎調査（令和4年度、令和6年度）,ZIP,259712,人口|産業|土地利用|建物,archive,strict,https://gifu-opendata.pref.gifu.lg.jp/dataset/dcd3f5b4-cc90-4289-8278-0e6d4e325711/resource/ed5ca075-e553-442e-ae05-3b2a65f29212/download/213829_10_t.wanouchi.zip
gifu,岐阜県オープンデータ,岐阜県 都市建築部,c11654-104,【安八郡輪之内町】第10回都市計画基礎調査,https://gifu-opendata.pref.gifu.lg.jp/dataset/c11654-104,クリエイティブ・コモンズ 表示,5798e89c-ae15-4a1e-89e6-d555a8e0ecfc,データ利用時の注意事項,DOCX,13270,,document,strict,https://gifu-opendata.pref.gifu.lg.jp/dataset/dcd3f5b4-cc90-4289-8278-0e6d4e325711/resource/5798e89c-ae15-4a1e-89e6-d555a8e0ecfc/download/00_chuuijiko.docx
gifu,岐阜県オープンデータ,岐阜県 都市建築部,c11654-104,【安八郡輪之内町】第10回都市計画基礎調査,https://gifu-opendata.pref.gifu.lg.jp/dataset/c11654-104,クリエイティブ・コモンズ 表示,85e5c394-f811-4daf-967f-e27159643630,データ定義書,XLSX,153975,,tabular,strict,https://gifu-opendata.pref.gifu.lg.jp/dataset/dcd3f5b4-cc90-4289-8278-0e6d4e325711/resource/85e5c394-f811-4daf-967f-e27159643630/download/00_teigisyo_10.xlsx
gifu,岐阜県オープンデータ,岐阜県 都市建築部,c11654-103,【安八郡神戸町】第10回都市計画基礎調査,https://gifu-opendata.pref.gifu.lg.jp/dataset/c11654-103,クリエイティブ・コモンズ 表示,e2dde31f-2f7f-4844-9fde-f9df72a18bcf,データ利用時の注意事項,DOCX,13270,,document,strict,https://gifu-opendata.pref.gifu.lg.jp/dataset/5d1116eb-b3ca-4113-bf0c-e4cd6d907b31/resource/e2dde31f-2f7f-4844-9fde-f9df72a18bcf/download/00_chuuijiko.docx
gifu,岐阜県オープンデータ,岐阜県 都市建築部,c11654-103,【安八郡神戸町】第10回都市計画基礎調査,https://gifu-opendata.pref.gifu.lg.jp/dataset/c11654-103,クリエイティブ・コモンズ 表示,d3d337ae-bee0-44c8-aca3-0e99841d73b4,【安八郡神戸町】都市計画基礎調査（令和4年度）,ZIP,315271,人口|産業|土地利用|建物,archive,strict,https://gifu-opendata.pref.gifu.lg.jp/dataset/5d1116eb-b3ca-4113-bf0c-e4cd6d907b31/resource/d3d337ae-bee0-44c8-aca3-0e99841d73b4/download/213811_10_t.godo.zip
gifu,岐阜県オープンデータ,岐阜県 都市建築部,c11654-103,【安八郡神戸町】第10回都市計画基礎調査,https://gifu-opendata.pref.gifu.lg.jp/dataset/c11654-103,クリエイティブ・コモンズ 表示,7bf2791a-013c-4a53-b54d-2697cd276d28,データ定義書,XLSX,153975,,tabular,strict,https://gifu-opendata.pref.gifu.lg.jp/dataset/5d1116eb-b3ca-4113-bf0c-e4cd6d907b31/resource/7bf2791a-013c-4a53-b54d-2697cd276d28/download/00_teigisyo_10.xlsx
gifu,岐阜県オープンデータ,岐阜県 都市建築部,c11654-101,【不破郡垂井町】第10回都市計画基礎調査,https://gifu-opendata.pref.gifu.lg.jp/dataset/c11654-101,クリエイティブ・コモンズ 表示,ebadbf2d-7c8a-4def-bf94-6f81987cb118,データ利用時の注意事項,DOCX,13270,,document,strict,https://gifu-opendata.pref.gifu.lg.jp/dataset/5654db06-e4d6-4083-9fc0-622c18ff2133/resource/ebadbf2d-7c8a-4def-bf94-6f81987cb118/download/00_chuuijiko.docx
gifu,岐阜県オープンデータ,岐阜県 都市建築部,c11654-101,【不破郡垂井町】第10回都市計画基礎調査,https://gifu-opendata.pref.gifu.lg.jp/dataset/c11654-101,クリエイティブ・コモンズ 表示,5b8b3eb9-7aea-4573-89de-3984a30edf94,【不破郡垂井町】都市計画基礎調査（令和4年度）,ZIP,703662,人口|産業|土地利用|建物,archive,strict,https://gifu-opendata.pref.gifu.lg.jp/dataset/5654db06-e4d6-4083-9fc0-622c18ff2133/resource/5b8b3eb9-7aea-4573-89de-3984a30edf94/download/213616_10_t.tarui.zip
gifu,岐阜県オープンデータ,岐阜県 都市建築部,c11654-101,【不破郡垂井町】第10回都市計画基礎調査,https://gifu-opendata.pref.gifu.lg.jp/dataset/c11654-101,クリエイティブ・コモンズ 表示,d38e314d-6898-4167-b47f-e6e470c1f50a,データ定義書,XLSX,153975,,tabular,strict,https://gifu-opendata.pref.gifu.lg.jp/dataset/5654db06-e4d6-4083-9fc0-622c18ff2133/resource/d38e314d-6898-4167-b47f-e6e470c1f50a/download/00_teigisyo_10.xlsx
gifu,岐阜県オープンデータ,岐阜県 都市建築部,c11654-099,【羽島郡笠松町】第10回都市計画基礎調査,https://gifu-opendata.pref.gifu.lg.jp/dataset/c11654-099,クリエイティブ・コモンズ 表示,b0fcb756-b2fa-432c-ad3c-cd0edaa04930,データ利用時の注意事項,DOCX,13270,,document,strict,https://gifu-opendata.pref.gifu.lg.jp/dataset/f2486751-8640-4131-9ddf-e1b589f48cf5/resource/b0fcb756-b2fa-432c-ad3c-cd0edaa04930/download/00_chuuijiko.docx
gifu,岐阜県オープンデータ,岐阜県 都市建築部,c11654-099,【羽島郡笠松町】第10回都市計画基礎調査,https://gifu-opendata.pref.gifu.lg.jp/dataset/c11654-099,クリエイティブ・コモンズ 表示,99e50328-7c52-4c8b-8576-c724732cae3f,【羽島郡笠松町】都市計画基礎調査（令和4年度）,ZIP,340812,人口|産業|土地利用|建物,archive,strict,https://gifu-opendata.pref.gifu.lg.jp/dataset/f2486751-8640-4131-9ddf-e1b589f48cf5/resource/99e50328-7c52-4c8b-8576-c724732cae3f/download/213039_10_t.kasamatsu.zip
gifu,岐阜県オープンデータ,岐阜県 都市建築部,c11654-099,【羽島郡笠松町】第10回都市計画基礎調査,https://gifu-opendata.pref.gifu.lg.jp/dataset/c11654-099,クリエイティブ・コモンズ 表示,6e9de819-86d5-43d5-8cce-660cdc71efef,データ定義書,XLSX,153975,,tabular,strict,https://gifu-opendata.pref.gifu.lg.jp/dataset/f2486751-8640-4131-9ddf-e1b589f48cf5/resource/6e9de819-86d5-43d5-8cce-660cdc71efef/download/00_teigisyo_10.xlsx
gifu,岐阜県オープンデータ,岐阜県 都市建築部,c11654-114,【可児郡御嵩町】第10回都市計画基礎調査,https://gifu-opendata.pref.gifu.lg.jp/dataset/c11654-114,クリエイティブ・コモンズ 表示,502ff42d-2c9a-4b22-8615-4e4472b7f8a8,【可児郡御嵩町】都市計画基礎調査（令和4年度、令和5年度）,ZIP,740555,人口|産業|土地利用|建物,archive,strict,https://gifu-opendata.pref.gifu.lg.jp/dataset/5ec70be0-b7b1-49bd-9772-d93a4e3f9632/resource/502ff42d-2c9a-4b22-8615-4e4472b7f8a8/download/215210_10_t.mitake.zip
gifu,岐阜県オープンデータ,岐阜県 都市建築部,c11654-114,【可児郡御嵩町】第10回都市計画基礎調査,https://gifu-opendata.pref.gifu.lg.jp/dataset/c11654-114,クリエイティブ・コモンズ 表示,bdf4c45a-b067-40e4-926e-b60b0efd7558,データ利用時の注意事項,DOCX,13270,,document,strict,https://gifu-opendata.pref.gifu.lg.jp/dataset/5ec70be0-b7b1-49bd-9772-d93a4e3f9632/resource/bdf4c45a-b067-40e4-926e-b60b0efd7558/download/00_chuuijiko.docx
gifu,岐阜県オープンデータ,岐阜県 都市建築部,c11654-114,【可児郡御嵩町】第10回都市計画基礎調査,https://gifu-opendata.pref.gifu.lg.jp/dataset/c11654-114,クリエイティブ・コモンズ 表示,70ca5454-ea84-4524-904b-b8a5de5b4318,データ定義書,XLSX,153975,,tabular,strict,https://gifu-opendata.pref.gifu.lg.jp/dataset/5ec70be0-b7b1-49bd-9772-d93a4e3f9632/resource/70ca5454-ea84-4524-904b-b8a5de5b4318/download/00_teigisyo_10.xlsx
gifu,岐阜県オープンデータ,岐阜県 都市建築部,c11654-113,【加茂郡八百津町】第10回都市計画基礎調査,https://gifu-opendata.pref.gifu.lg.jp/dataset/c11654-113,クリエイティブ・コモンズ 表示,6b865e4a-174d-48f4-acea-a5f11dc5504b,データ利用時の注意事項,DOCX,13270,,document,strict,https://gifu-opendata.pref.gifu.lg.jp/dataset/4b20167c-cf10-4157-a747-345dbd0441f1/resource/6b865e4a-174d-48f4-acea-a5f11dc5504b/download/00_chuuijiko.docx
gifu,岐阜県オープンデータ,岐阜県 都市建築部,c11654-113,【加茂郡八百津町】第10回都市計画基礎調査,https://gifu-opendata.pref.gifu.lg.jp/dataset/c11654-113,クリエイティブ・コモンズ 表示,f9e7e922-3ff9-43e5-8f16-2a9220b0d1a1,【加茂郡八百津町】都市計画基礎調査（令和4年度、令和6年度）,ZIP,933833,人口|産業|土地利用|建物,archive,strict,https://gifu-opendata.pref.gifu.lg.jp/dataset/4b20167c-cf10-4157-a747-345dbd0441f1/resource/f9e7e922-3ff9-43e5-8f16-2a9220b0d1a1/download/215058_10_t.yaotsu.zip
gifu,岐阜県オープンデータ,岐阜県 都市建築部,c11654-113,【加茂郡八百津町】第10回都市計画基礎調査,https://gifu-opendata.pref.gifu.lg.jp/dataset/c11654-113,クリエイティブ・コモンズ 表示,6f6a4be6-cf38-4887-b447-f20a6ba9e6f4,データ定義書,XLSX,153975,,tabular,strict,https://gifu-opendata.pref.gifu.lg.jp/dataset/4b20167c-cf10-4157-a747-345dbd0441f1/resource/6f6a4be6-cf38-4887-b447-f20a6ba9e6f4/download/00_teigisyo_10.xlsx
gifu,岐阜県オープンデータ,岐阜県 都市建築部,c11654-112,【加茂郡川辺町】第10回都市計画基礎調査,https://gifu-opendata.pref.gifu.lg.jp/dataset/c11654-112,クリエイティブ・コモンズ 表示,664c21a5-e3aa-46d7-853e-3ec0c9d17cb0,データ利用時の注意事項,DOCX,13270,,document,strict,https://gifu-opendata.pref.gifu.lg.jp/dataset/b5c0d097-3572-429a-8ecc-b919d6f9d21f/resource/664c21a5-e3aa-46d7-853e-3ec0c9d17cb0/download/00_chuuijiko.docx
gifu,岐阜県オープンデータ,岐阜県 都市建築部,c11654-112,【加茂郡川辺町】第10回都市計画基礎調査,https://gifu-opendata.pref.gifu.lg.jp/dataset/c11654-112,クリエイティブ・コモンズ 表示,a2f4c0a2-6f60-41b8-acbc-544c94513c73,【加茂郡川辺町】都市計画基礎調査（令和4年度、令和5年度）,ZIP,518682,人口|産業|土地利用|建物,archive,strict,https://gifu-opendata.pref.gifu.lg.jp/dataset/b5c0d097-3572-429a-8ecc-b919d6f9d21f/resource/a2f4c0a2-6f60-41b8-acbc-544c94513c73/download/215031_10_t.kawabe.zip
gifu,岐阜県オープンデータ,岐阜県 都市建築部,c11654-112,【加茂郡川辺町】第10回都市計画基礎調査,https://gifu-opendata.pref.gifu.lg.jp/dataset/c11654-112,クリエイティブ・コモンズ 表示,5be5bc67-0aca-442d-9e41-4c83947a9b94,データ定義書,XLSX,153975,,tabular,strict,https://gifu-opendata.pref.gifu.lg.jp/dataset/b5c0d097-3572-429a-8ecc-b919d6f9d21f/resource/5be5bc67-0aca-442d-9e41-4c83947a9b94/download/00_teigisyo_10.xlsx
gifu,岐阜県オープンデータ,岐阜県 都市建築部,c11654-110,【加茂郡坂祝町】第10回都市計画基礎調査,https://gifu-opendata.pref.gifu.lg.jp/dataset/c11654-110,クリエイティブ・コモンズ 表示,6a7f6067-0140-46c9-a03b-9d9b8ea0ee3a,【加茂郡坂祝町】都市計画基礎調査（令和4年度、令和5年度）,ZIP,252113,人口|産業|土地利用|建物,archive,strict,https://gifu-opendata.pref.gifu.lg.jp/dataset/d58d818e-b898-442f-ab7c-9b22e332942a/resource/6a7f6067-0140-46c9-a03b-9d9b8ea0ee3a/download/215015_10_t.sakahogi.zip
gifu,岐阜県オープンデータ,岐阜県 都市建築部,c11654-110,【加茂郡坂祝町】第10回都市計画基礎調査,https://gifu-opendata.pref.gifu.lg.jp/dataset/c11654-110,クリエイティブ・コモンズ 表示,2b7fb8b1-5bf6-4e10-8c52-68d235db7eb7,データ利用時の注意事項,DOCX,13270,,document,strict,https://gifu-opendata.pref.gifu.lg.jp/dataset/d58d818e-b898-442f-ab7c-9b22e332942a/resource/2b7fb8b1-5bf6-4e10-8c52-68d235db7eb7/download/00_chuuijiko.docx
gifu,岐阜県オープンデータ,岐阜県 都市建築部,c11654-110,【加茂郡坂祝町】第10回都市計画基礎調査,https://gifu-opendata.pref.gifu.lg.jp/dataset/c11654-110,クリエイティブ・コモンズ 表示,8c6d3188-b484-47cf-a26a-7b3f4de13e7c,データ定義書,XLSX,153975,,tabular,strict,https://gifu-opendata.pref.gifu.lg.jp/dataset/d58d818e-b898-442f-ab7c-9b22e332942a/resource/8c6d3188-b484-47cf-a26a-7b3f4de13e7c/download/00_teigisyo_10.xlsx
gifu,岐阜県オープンデータ,岐阜県 都市建築部,c11654-108,【揖斐郡池田町】第10回都市計画基礎調査,https://gifu-opendata.pref.gifu.lg.jp/dataset/c11654-108,クリエイティブ・コモンズ 表示,afe2008e-2b89-42dd-890b-adcdd69c2719,データ利用時の注意事項,DOCX,13270,,document,strict,https://gifu-opendata.pref.gifu.lg.jp/dataset/18146a86-8fd6-4704-bb26-30f267a1ea2d/resource/afe2008e-2b89-42dd-890b-adcdd69c2719/download/00_chuuijiko.docx
gifu,岐阜県オープンデータ,岐阜県 都市建築部,c11654-108,【揖斐郡池田町】第10回都市計画基礎調査,https://gifu-opendata.pref.gifu.lg.jp/dataset/c11654-108,クリエイティブ・コモンズ 表示,d08f94fc-5148-4773-ad4c-c2b13515b0ad,【揖斐郡池田町】都市計画基礎調査（令和4年度、令和6年度）,,,人口|産業|土地利用|建物,other,strict,
gifu,岐阜県オープンデータ,岐阜県 都市建築部,c11654-108,【揖斐郡池田町】第10回都市計画基礎調査,https://gifu-opendata.pref.gifu.lg.jp/dataset/c11654-108,クリエイティブ・コモンズ 表示,ce123fa5-6f3c-4d50-bdb1-39eacdce3037,データ定義書,XLSX,153975,,tabular,strict,https://gifu-opendata.pref.gifu.lg.jp/dataset/18146a86-8fd6-4704-bb26-30f267a1ea2d/resource/ce123fa5-6f3c-4d50-bdb1-39eacdce3037/download/00_teigisyo_10.xlsx
gifu,岐阜県オープンデータ,岐阜県 都市建築部,c11654-107,【揖斐郡大野町】第10回都市計画基礎調査,https://gifu-opendata.pref.gifu.lg.jp/dataset/c11654-107,クリエイティブ・コモンズ 表示,69d7c762-6e8c-4a41-95b7-0ee8228d3529,データ利用時の注意事項,DOCX,13270,,document,strict,https://gifu-opendata.pref.gifu.lg.jp/dataset/07a4f3ce-130a-4542-806d-c35a49f271dc/resource/69d7c762-6e8c-4a41-95b7-0ee8228d3529/download/00_chuuijiko.docx
gifu,岐阜県オープンデータ,岐阜県 都市建築部,c11654-107,【揖斐郡大野町】第10回都市計画基礎調査,https://gifu-opendata.pref.gifu.lg.jp/dataset/c11654-107,クリエイティブ・コモンズ 表示,04b5f838-4b6a-4b45-8c4f-425fe759bcf3,【揖斐郡大野町】都市計画基礎調査（令和4年度、令和6年度）,ZIP,305855,人口|産業|土地利用|建物,archive,strict,https://gifu-opendata.pref.gifu.lg.jp/dataset/07a4f3ce-130a-4542-806d-c35a49f271dc/resource/04b5f838-4b6a-4b45-8c4f-425fe759bcf3/download/214035_10_t.ono.zip
gifu,岐阜県オープンデータ,岐阜県 都市建築部,c11654-107,【揖斐郡大野町】第10回都市計画基礎調査,https://gifu-opendata.pref.gifu.lg.jp/dataset/c11654-107,クリエイティブ・コモンズ 表示,3bbd7531-3c25-4b7b-b380-185a57f0bfad,データ定義書,XLSX,153975,,tabular,strict,https://gifu-opendata.pref.gifu.lg.jp/dataset/07a4f3ce-130a-4542-806d-c35a49f271dc/resource/3bbd7531-3c25-4b7b-b380-185a57f0bfad/download/00_teigisyo_10.xlsx
gifu,岐阜県オープンデータ,岐阜県 都市建築部,c11654-102,【不破郡関ケ原町】第10回都市計画基礎調査,https://gifu-opendata.pref.gifu.lg.jp/dataset/c11654-102,クリエイティブ・コモンズ 表示,fb0fc616-ab9e-429d-b46b-63409fed3862,データ利用時の注意事項,DOCX,13270,,document,strict,https://gifu-opendata.pref.gifu.lg.jp/dataset/06e7c25c-6cd4-44b2-8b7a-d2899fceb524/resource/fb0fc616-ab9e-429d-b46b-63409fed3862/download/00_chuuijiko.docx
gifu,岐阜県オープンデータ,岐阜県 都市建築部,c11654-102,【不破郡関ケ原町】第10回都市計画基礎調査,https://gifu-opendata.pref.gifu.lg.jp/dataset/c11654-102,クリエイティブ・コモンズ 表示,cf09f71c-8e9b-4fd8-ae47-b5c836489160,【不破郡関ケ原町】都市計画基礎調査（令和4年度、令和6年度）,ZIP,565366,人口|産業|土地利用|建物,archive,strict,https://gifu-opendata.pref.gifu.lg.jp/dataset/06e7c25c-6cd4-44b2-8b7a-d2899fceb524/resource/cf09f71c-8e9b-4fd8-ae47-b5c836489160/download/213624_10_t.sekigahara.zip
gifu,岐阜県オープンデータ,岐阜県 都市建築部,c11654-102,【不破郡関ケ原町】第10回都市計画基礎調査,https://gifu-opendata.pref.gifu.lg.jp/dataset/c11654-102,クリエイティブ・コモンズ 表示,9779e91a-6041-4e98-b6ec-516877f65a7a,データ定義書,XLSX,153975,,tabular,strict,https://gifu-opendata.pref.gifu.lg.jp/dataset/06e7c25c-6cd4-44b2-8b7a-d2899fceb524/resource/9779e91a-6041-4e98-b6ec-516877f65a7a/download/00_teigisyo_10.xlsx
gifu,岐阜県オープンデータ,岐阜県 都市建築部,c11654-100,【養老郡養老町】第10回都市計画基礎調査,https://gifu-opendata.pref.gifu.lg.jp/dataset/c11654-100,クリエイティブ・コモンズ 表示,57b4e385-68a4-46a3-bdb4-a09fce8942f1,データ利用時の注意事項,DOCX,13270,,document,strict,https://gifu-opendata.pref.gifu.lg.jp/dataset/80d6f3cd-9a05-4fb5-b56f-6a2574753952/resource/57b4e385-68a4-46a3-bdb4-a09fce8942f1/download/00_chuuijiko.docx
gifu,岐阜県オープンデータ,岐阜県 都市建築部,c11654-100,【養老郡養老町】第10回都市計画基礎調査,https://gifu-opendata.pref.gifu.lg.jp/dataset/c11654-100,クリエイティブ・コモンズ 表示,53ca1643-031c-4a00-8ddb-42850f2ca084,【養老郡養老町】都市計画基礎調査（令和4年度、令和6年度）,ZIP,883047,人口|産業|土地利用|建物,archive,strict,https://gifu-opendata.pref.gifu.lg.jp/dataset/80d6f3cd-9a05-4fb5-b56f-6a2574753952/resource/53ca1643-031c-4a00-8ddb-42850f2ca084/download/213411_10_t.yoro.zip
gifu,岐阜県オープンデータ,岐阜県 都市建築部,c11654-100,【養老郡養老町】第10回都市計画基礎調査,https://gifu-opendata.pref.gifu.lg.jp/dataset/c11654-100,クリエイティブ・コモンズ 表示,5e332c1b-b299-449c-abe5-1bfd9d083225,データ定義書,XLSX,153975,,tabular,strict,https://gifu-opendata.pref.gifu.lg.jp/dataset/80d6f3cd-9a05-4fb5-b56f-6a2574753952/resource/5e332c1b-b299-449c-abe5-1bfd9d083225/download/00_teigisyo_10.xlsx
data4citizen,data4citizen（武雄市ほか）,建設部都市計画課,10400001,都市計画基礎調査データ,https://data.data4citizen.jp/dataset/10400001,Creative Commons Attribution,b8bf2a51-425f-4d58-82c9-5e0bf6a85a52,都市計画基礎調査データ,ZIP,,,archive,strict,https://app.data4citizen.jp/data/10400001.zip
yamaguchi,山口県オープンデータカタログサイト,柳井市,352128_city_planning,【柳井市】都市計画基礎調査情報,https://yamaguchi-opendata.jp/ckan/dataset/352128_city_planning,Creative Commons Attribution,d39a4d87-3eb0-4340-9322-53105341d364,都市計画基礎調査情報,HTML,,,document,strict,https://yamaguchi-opendata.jp/ckan/dataset/toshikeikakukisotyousa
yamaguchi,山口県オープンデータカタログサイト,山口県,toshikeikakukisotyousa,【山口県】都市計画基礎調査結果,https://yamaguchi-opendata.jp/ckan/dataset/toshikeikakukisotyousa,Creative Commons Attribution,9d1cbb5e-76b3-471f-b5db-b0d92b277d2e,データ更新履歴,,,,other,strict,https://yamaguchi-opendata.jp/ckan/dataset/74825ef9-5bca-4170-94e5-178fef432bb2/resource/9d1cbb5e-76b3-471f-b5db-b0d92b277d2e/download/datakousinrireki.xlsx
yamaguchi,山口県オープンデータカタログサイト,山口県,toshikeikakukisotyousa,【山口県】都市計画基礎調査結果,https://yamaguchi-opendata.jp/ckan/dataset/toshikeikakukisotyousa,Creative Commons Attribution,bbec1605-071b-4974-8c07-a40455a55834,令和４年度　都市計画基礎調査実施要領及びデータ定義書（案）（山口県都市計画課）,,,,other,strict,https://yamaguchi-opendata.jp/ckan/dataset/74825ef9-5bca-4170-94e5-178fef432bb2/resource/bbec1605-071b-4974-8c07-a40455a55834/download/jisshiyouryou_and_datateigisyo.pdf
yamaguchi,山口県オープンデータカタログサイト,山口県,toshikeikakukisotyousa,【山口県】都市計画基礎調査結果,https://yamaguchi-opendata.jp/ckan/dataset/toshikeikakukisotyousa,Creative Commons Attribution,a3f55268-edcb-46e3-9f00-5ac242c17917,【参考資料】オープンデータ属性定義書,XLSX,,建物,tabular,strict,https://yamaguchi-opendata.jp/ckan/dataset/74825ef9-5bca-4170-94e5-178fef432bb2/resource/a3f55268-edcb-46e3-9f00-5ac242c17917/download/sankousiryou_opendatezokuseiteigisyo.xlsx
yamaguchi,山口県オープンデータカタログサイト,山口県,toshikeikakukisotyousa,【山口県】都市計画基礎調査結果,https://yamaguchi-opendata.jp/ckan/dataset/toshikeikakukisotyousa,Creative Commons Attribution,1b89f6cf-bbd3-4062-9a40-0e2cf09a56fa,【下関市】都市計画基礎調査結果,,,,other,strict,https://yamaguchi-opendata.jp/ckan/dataset/74825ef9-5bca-4170-94e5-178fef432bb2/resource/1b89f6cf-bbd3-4062-9a40-0e2cf09a56fa/download/shimonoseki.zip
yamaguchi,山口県オープンデータカタログサイト,山口県,toshikeikakukisotyousa,【山口県】都市計画基礎調査結果,https://yamaguchi-opendata.jp/ckan/dataset/toshikeikakukisotyousa,Creative Commons Attribution,3560a75f-5933-40fb-b547-e0029e985784,【宇部市】都市計画基礎調査結果,,49259119,,other,strict,https://yamaguchi-opendata.jp/ckan/dataset/74825ef9-5bca-4170-94e5-178fef432bb2/resource/3560a75f-5933-40fb-b547-e0029e985784/download/ube.zip
yamaguchi,山口県オープンデータカタログサイト,山口県,toshikeikakukisotyousa,【山口県】都市計画基礎調査結果,https://yamaguchi-opendata.jp/ckan/dataset/toshikeikakukisotyousa,Creative Commons Attribution,7fa4e103-4068-4ff5-acee-72488182a1e1,【山口市】都市計画基礎調査結果,,,,other,strict,https://yamaguchi-opendata.jp/ckan/dataset/74825ef9-5bca-4170-94e5-178fef432bb2/resource/7fa4e103-4068-4ff5-acee-72488182a1e1/download/yamaguchi.zip
yamaguchi,山口県オープンデータカタログサイト,山口県,toshikeikakukisotyousa,【山口県】都市計画基礎調査結果,https://yamaguchi-opendata.jp/ckan/dataset/toshikeikakukisotyousa,Creative Commons Attribution,d1882dff-386d-4ce8-a725-d93d486c4d8d,【萩市】都市計画基礎調査結果,,,,other,strict,https://yamaguchi-opendata.jp/ckan/dataset/74825ef9-5bca-4170-94e5-178fef432bb2/resource/d1882dff-386d-4ce8-a725-d93d486c4d8d/download/hagi.zip
yamaguchi,山口県オープンデータカタログサイト,山口県,toshikeikakukisotyousa,【山口県】都市計画基礎調査結果,https://yamaguchi-opendata.jp/ckan/dataset/toshikeikakukisotyousa,Creative Commons Attribution,22b626cc-339d-43c1-95b4-33203d2b3665,【防府市】都市計画基礎調査結果,,,,other,strict,https://yamaguchi-opendata.jp/ckan/dataset/74825ef9-5bca-4170-94e5-178fef432bb2/resource/22b626cc-339d-43c1-95b4-33203d2b3665/download/houfu.zip
yamaguchi,山口県オープンデータカタログサイト,山口県,toshikeikakukisotyousa,【山口県】都市計画基礎調査結果,https://yamaguchi-opendata.jp/ckan/dataset/toshikeikakukisotyousa,Creative Commons Attribution,b3c26807-73c9-4b08-91c0-663482d5b388,【下松市】都市計画基礎調査結果,,,,other,strict,https://yamaguchi-opendata.jp/ckan/dataset/74825ef9-5bca-4170-94e5-178fef432bb2/resource/b3c26807-73c9-4b08-91c0-663482d5b388/download/kudamatsu.zip
yamaguchi,山口県オープンデータカタログサイト,山口県,toshikeikakukisotyousa,【山口県】都市計画基礎調査結果,https://yamaguchi-opendata.jp/ckan/dataset/toshikeikakukisotyousa,Creative Commons Attribution,7a4f0d10-54c1-432e-a45d-82ba84db6396,【岩国市】都市計画基礎調査結果,,,,other,strict,https://yamaguchi-opendata.jp/ckan/dataset/74825ef9-5bca-4170-94e5-178fef432bb2/resource/7a4f0d10-54c1-432e-a45d-82ba84db6396/download/iwakuni.zip
yamaguchi,山口県オープンデータカタログサイト,山口県,toshikeikakukisotyousa,【山口県】都市計画基礎調査結果,https://yamaguchi-opendata.jp/ckan/dataset/toshikeikakukisotyousa,Creative Commons Attribution,db5959e7-c725-4f73-9187-3549652c9115,【光市】都市計画基礎調査結果,,,,other,strict,https://yamaguchi-opendata.jp/ckan/dataset/74825ef9-5bca-4170-94e5-178fef432bb2/resource/db5959e7-c725-4f73-9187-3549652c9115/download/hikari.zip
yamaguchi,山口県オープンデータカタログサイト,山口県,toshikeikakukisotyousa,【山口県】都市計画基礎調査結果,https://yamaguchi-opendata.jp/ckan/dataset/toshikeikakukisotyousa,Creative Commons Attribution,ea8996d8-d5f6-4402-a3bf-9a1924ce3fe0,【長門市】都市計画基礎調査結果,,,,other,strict,https://yamaguchi-opendata.jp/ckan/dataset/74825ef9-5bca-4170-94e5-178fef432bb2/resource/ea8996d8-d5f6-4402-a3bf-9a1924ce3fe0/download/nagato.zip
yamaguchi,山口県オープンデータカタログサイト,山口県,toshikeikakukisotyousa,【山口県】都市計画基礎調査結果,https://yamaguchi-opendata.jp/ckan/dataset/toshikeikakukisotyousa,Creative Commons Attribution,48e1665f-0877-4a9d-b358-92b93db85baa,【柳井市】都市計画基礎調査結果,,,,other,strict,https://yamaguchi-opendata.jp/ckan/dataset/74825ef9-5bca-4170-94e5-178fef432bb2/resource/48e1665f-0877-4a9d-b358-92b93db85baa/download/yanai.zip
yamaguchi,山口県オープンデータカタログサイト,山口県,toshikeikakukisotyousa,【山口県】都市計画基礎調査結果,https://yamaguchi-opendata.jp/ckan/dataset/toshikeikakukisotyousa,Creative Commons Attribution,578ba91e-fa99-4d05-b2dd-2717893845e6,【美祢市】都市計画基礎調査結果,,,,other,strict,https://yamaguchi-opendata.jp/ckan/dataset/74825ef9-5bca-4170-94e5-178fef432bb2/resource/578ba91e-fa99-4d05-b2dd-2717893845e6/download/mine.zip
yamaguchi,山口県オープンデータカタログサイト,山口県,toshikeikakukisotyousa,【山口県】都市計画基礎調査結果,https://yamaguchi-opendata.jp/ckan/dataset/toshikeikakukisotyousa,Creative Commons Attribution,f72f53b3-f122-49fb-b251-0c8a16e05abb,【周南市】都市計画基礎調査結果,,,,other,strict,https://yamaguchi-opendata.jp/ckan/dataset/74825ef9-5bca-4170-94e5-178fef432bb2/resource/f72f53b3-f122-49fb-b251-0c8a16e05abb/download/syunann.zip
yamaguchi,山口県オープンデータカタログサイト,山口県,toshikeikakukisotyousa,【山口県】都市計画基礎調査結果,https://yamaguchi-opendata.jp/ckan/dataset/toshikeikakukisotyousa,Creative Commons Attribution,0cea3bde-360f-4c59-8957-83ea28be46eb,【山陽小野田市】都市計画基礎調査結果,,,,other,strict,https://yamaguchi-opendata.jp/ckan/dataset/74825ef9-5bca-4170-94e5-178fef432bb2/resource/0cea3bde-360f-4c59-8957-83ea28be46eb/download/sanyouonodashi.zip
yamaguchi,山口県オープンデータカタログサイト,山口県,toshikeikakukisotyousa,【山口県】都市計画基礎調査結果,https://yamaguchi-opendata.jp/ckan/dataset/toshikeikakukisotyousa,Creative Commons Attribution,d3d26d0c-72d1-432d-b01b-67cf8b0885fe,【周防大島町】都市計画基礎調査結果,,,,other,strict,https://yamaguchi-opendata.jp/ckan/dataset/74825ef9-5bca-4170-94e5-178fef432bb2/resource/d3d26d0c-72d1-432d-b01b-67cf8b0885fe/download/suouooshima.zip
yamaguchi,山口県オープンデータカタログサイト,山口県,toshikeikakukisotyousa,【山口県】都市計画基礎調査結果,https://yamaguchi-opendata.jp/ckan/dataset/toshikeikakukisotyousa,Creative Commons Attribution,03d695eb-21f2-42cf-a25a-b8c7da5a66e4,【和木町】都市計画基礎調査結果,,,,other,strict,https://yamaguchi-opendata.jp/ckan/dataset/74825ef9-5bca-4170-94e5-178fef432bb2/resource/03d695eb-21f2-42cf-a25a-b8c7da5a66e4/download/waki.zip
yamaguchi,山口県オープンデータカタログサイト,山口県,toshikeikakukisotyousa,【山口県】都市計画基礎調査結果,https://yamaguchi-opendata.jp/ckan/dataset/toshikeikakukisotyousa,Creative Commons Attribution,c4b7490c-fd78-4a30-bd29-09f2f83b244f,【田布施町】都市計画基礎調査結果,,,,other,strict,https://yamaguchi-opendata.jp/ckan/dataset/74825ef9-5bca-4170-94e5-178fef432bb2/resource/c4b7490c-fd78-4a30-bd29-09f2f83b244f/download/tabuse.zip
yamaguchi,山口県オープンデータカタログサイト,山口県,toshikeikakukisotyousa,【山口県】都市計画基礎調査結果,https://yamaguchi-opendata.jp/ckan/dataset/toshikeikakukisotyousa,Creative Commons Attribution,05c46f0f-2b21-4f67-abfe-6d7c0e95ab4f,【平生町】都市計画基礎調査結果,,,,other,strict,https://yamaguchi-opendata.jp/ckan/dataset/74825ef9-5bca-4170-94e5-178fef432bb2/resource/05c46f0f-2b21-4f67-abfe-6d7c0e95ab4f/download/hirao.zip
yamaguchi,山口県オープンデータカタログサイト,防府市,352063-toshikeikakukisotyosa,【防府市】都市計画基礎調査情報,https://yamaguchi-opendata.jp/ckan/dataset/352063-toshikeikakukisotyosa,Creative Commons Attribution,66ab9004-dd90-43f3-b92f-451ff2c086f2,URLはこちら,,,,other,strict,https://yamaguchi-opendata.jp/ckan/dataset/toshikeikakukisotyousa
yamaguchi,山口県オープンデータカタログサイト,上関町,toshikeikaku,【上関町】都市計画基礎調査情報,https://yamaguchi-opendata.jp/ckan/dataset/toshikeikaku,GNU Free Documentation License,bc909db5-cb92-4fa7-8ece-40ece2e6f792,【山口県】都市計画基礎調査結果,HTML,,,document,strict,https://yamaguchi-opendata.jp/ckan/dataset/toshikeikakukisotyousa
yamaguchi,山口県オープンデータカタログサイト,周南市,toshikeikakukisotyousa_shunan,【周南市】都市計画基礎調査情報,https://yamaguchi-opendata.jp/ckan/dataset/toshikeikakukisotyousa_shunan,Creative Commons Attribution,c6c805e3-1f79-41b8-a7b7-f735069bb1d1,【周南市】都市計画基礎調査結果,URL,,,other,strict,https://yamaguchi-opendata.jp/ckan/dataset/toshikeikakukisotyousa/resource/f72f53b3-f122-49fb-b251-0c8a16e05abb
yamaguchi,山口県オープンデータカタログサイト,岩国市,352080-toshikeikakukisotyousa,【岩国市】都市計画基礎調査結果,https://yamaguchi-opendata.jp/ckan/dataset/352080-toshikeikakukisotyousa,Creative Commons Attribution,65fdc608-43fe-4996-84b1-e7a7541475ea,【山口県】都市計画基礎調査結果,HTML,,,document,strict,https://yamaguchi-opendata.jp/ckan/dataset/toshikeikakukisotyousa
yamaguchi,山口県オープンデータカタログサイト,下関市,352012_city_planning,【下関市】都市計画基礎調査結果,https://www.city.shimonoseki.lg.jp/,Creative Commons Attribution,537d4f12-3e28-4f96-ba3d-8ea3684a410c,【下関市】都市計画基礎調査結果,HTML,,,document,strict,https://yamaguchi-opendata.jp/ckan/dataset/toshikeikakukisotyousa
yamaguchi,山口県オープンデータカタログサイト,下松市,352071_city_planning,【下松市】都市計画基礎調査結果,https://www.pref.yamaguchi.lg.jp/soshiki/130/200774.html,Creative Commons Attribution,3a2ff3ea-35f8-432c-96b2-e188a593cf3a,【山口県】都市計画基礎調査結果,,,,other,strict,https://yamaguchi-opendata.jp/ckan/dataset/toshikeikakukisotyousa
yamaguchi,山口県オープンデータカタログサイト,萩市,hg-tosikeikaku,【萩市】都市計画基礎調査情報,https://yamaguchi-opendata.jp/ckan/dataset/hg-tosikeikaku,Creative Commons CCZero,5919a872-035e-44ab-bcae-0ee7595094d3,【山口県】都市計画基礎調査結果,HTML,,,document,strict,https://yamaguchi-opendata.jp/ckan/dataset/toshikeikakukisotyousa
yamaguchi,山口県オープンデータカタログサイト,岩国市,iwakuni-toshikei,【岩国市】都市計画基礎調査情報,https://yamaguchi-opendata.jp/ckan/dataset/iwakuni-toshikei,GNU Free Documentation License,be54e1ef-7713-4e19-9ba5-4cb7870f0c2f,都市計画基礎調査一覧,HTML,,,document,strict,https://yamaguchi-opendata.jp/ckan/dataset/toshikeikakukisotyousa
yamaguchi,山口県オープンデータカタログサイト,美祢市,352136_city_planning,【美祢市】都市計画基礎調査情報,https://yamaguchi-opendata.jp/ckan/dataset/352136_city_planning,License not specified,cdca322a-ade6-48d9-8c83-b1e3f6be80ba,都市計画基礎調査情報,HTML,,,document,strict,https://yamaguchi-opendata.jp/ckan/dataset/toshikeikakukisotyousa
yamaguchi,山口県オープンデータカタログサイト,光市,352101_toshi001,【光市】都市計画基礎調査情報,https://yamaguchi-opendata.jp/ckan/dataset/352101_toshi001,Creative Commons Attribution,2b779ecd-edc2-4c2f-8b6a-f248454901c6,【光市】都市計画基礎調査情報,,,,other,strict,https://yamaguchi-opendata.jp/ckan/dataset/toshikeikakukisotyousa
yamaguchi,山口県オープンデータカタログサイト,平生町,353442_city_planning,【平生町】都市計画基礎調査情報,https://yamaguchi-opendata.jp/ckan/dataset/353442_city_planning,Creative Commons Attribution,7e6265aa-41df-4a46-a999-a1ebec1b4a07,【山口県】都市計画基礎調査結果,URL,,,other,strict,https://yamaguchi-opendata.jp/ckan/dataset/toshikeikakukisotyousa
yamaguchi,山口県オープンデータカタログサイト,田布施町,11,【田布施町】都市計画基礎調査情報,https://yamaguchi-opendata.jp/ckan/dataset/11,,35de19b3-03d8-466e-8952-0b87ca6c459e,【山口県】都市計画基礎調査結果,,,,other,strict,https://yamaguchi-opendata.jp/ckan/dataset/toshikeikakukisotyousa
yamaguchi,山口県オープンデータカタログサイト,山口市,352039_city_planning,【山口市】都市計画基礎調査情報,https://yamaguchi-opendata.jp/ckan/dataset/352039_city_planning,,6d6af568-82fd-4b1f-8742-7d8461d83921,【山口県】都市計画基礎調査情報,HTML,,,document,strict,https://yamaguchi-opendata.jp/ckan/dataset/toshikeikakukisotyousa
yamaguchi,山口県オープンデータカタログサイト,長門市,352110_city_planning,【長門市】都市計画基礎調査情報,https://yamaguchi-opendata.jp/ckan/dataset/352110_city_planning,Creative Commons Attribution,795ea783-b656-4b24-8357-b9eef27dfd4a,【山口県】都市計画基礎調査結果,HTML,,,document,strict,https://yamaguchi-opendata.jp/ckan/dataset/toshikeikakukisotyousa/resource/ea8996d8-d5f6-4402-a3bf-9a1924ce3fe0
yamaguchi,山口県オープンデータカタログサイト,和木町,https-yamaguchi-opendata-jp-ckan-dataset-toshikeikakukisotyousa,【和木町】都市計画基礎調査情報,https://yamaguchi-opendata.jp/ckan/dataset/https-yamaguchi-opendata-jp-ckan-dataset-toshikeikakukisotyousa,,c23fbbe1-b07d-4865-b756-48ce06b295c6,,,,,other,strict,https://yamaguchi-opendata.jp/ckan/dataset/toshikeikakukisotyousa
shizuoka-pref,静岡県オープンデータ（ふじのくにオープンデータカタログ）,静岡県オープンデータ,135c1f13-4242-48c9-b0fc-fdc6885b07af,都市計画基礎調査（建物利用調査）,https://opendata.pref.shizuoka.jp/dataset/11874.html,,808955,都市計画基礎調査（建物利用調査）.zip,ZIP,,建物,archive,strict,https://opendata.pref.shizuoka.jp/fs/8/0/8/9/5/5/_/__________________.zip
shizuoka-pref,静岡県オープンデータ（ふじのくにオープンデータカタログ）,静岡県オープンデータ,94a4c079-4bfd-4044-99f0-17e963a9f076,静岡県都市計画基礎調査（南伊豆町）,https://opendata.pref.shizuoka.jp/dataset/9916.html,,849716,静岡県都市計画基礎調査（南伊豆町）,HTML,,,document,strict,https://www.geospatial.jp/ckan/dataset/tosikeikaku202306minamiizu
shizuoka-pref,静岡県オープンデータ（ふじのくにオープンデータカタログ）,静岡県オープンデータ,94a4c079-4bfd-4044-99f0-17e963a9f076,静岡県都市計画基礎調査（南伊豆町）,https://opendata.pref.shizuoka.jp/dataset/9916.html,,95653,01_人口.zip,ZIP,,人口,archive,strict,https://opendata.pref.shizuoka.jp/fs/9/5/6/5/3/_/01___.zip
shizuoka-pref,静岡県オープンデータ（ふじのくにオープンデータカタログ）,静岡県オープンデータ,94a4c079-4bfd-4044-99f0-17e963a9f076,静岡県都市計画基礎調査（南伊豆町）,https://opendata.pref.shizuoka.jp/dataset/9916.html,,95654,02_産業.zip,ZIP,,産業,archive,strict,https://opendata.pref.shizuoka.jp/fs/9/5/6/5/4/_/02___.zip
shizuoka-pref,静岡県オープンデータ（ふじのくにオープンデータカタログ）,静岡県オープンデータ,94a4c079-4bfd-4044-99f0-17e963a9f076,静岡県都市計画基礎調査（南伊豆町）,https://opendata.pref.shizuoka.jp/dataset/9916.html,,95707,03_土地利用.zip,ZIP,,土地利用,archive,strict,https://opendata.pref.shizuoka.jp/fs/9/5/7/0/7/_/03_____.zip
shizuoka-pref,静岡県オープンデータ（ふじのくにオープンデータカタログ）,静岡県オープンデータ,94a4c079-4bfd-4044-99f0-17e963a9f076,静岡県都市計画基礎調査（南伊豆町）,https://opendata.pref.shizuoka.jp/dataset/9916.html,,95708,04_建物（建物利用現況は市町が調査）.zip,ZIP,,建物,archive,strict,https://opendata.pref.shizuoka.jp/fs/9/5/7/0/8/_/04_________________.zip
shizuoka-pref,静岡県オープンデータ（ふじのくにオープンデータカタログ）,静岡県オープンデータ,94a4c079-4bfd-4044-99f0-17e963a9f076,静岡県都市計画基礎調査（南伊豆町）,https://opendata.pref.shizuoka.jp/dataset/9916.html,,95709,05_都市施設.zip,ZIP,,都市施設,archive,strict,https://opendata.pref.shizuoka.jp/fs/9/5/7/0/9/_/05_____.zip
shizuoka-pref,静岡県オープンデータ（ふじのくにオープンデータカタログ）,静岡県オープンデータ,94a4c079-4bfd-4044-99f0-17e963a9f076,静岡県都市計画基礎調査（南伊豆町）,https://opendata.pref.shizuoka.jp/dataset/9916.html,,95710,06_地価.zip,ZIP,,地価,archive,strict,https://opendata.pref.shizuoka.jp/fs/9/5/7/1/0/_/06___.zip
shizuoka-pref,静岡県オープンデータ（ふじのくにオープンデータカタログ）,静岡県オープンデータ,94a4c079-4bfd-4044-99f0-17e963a9f076,静岡県都市計画基礎調査（南伊豆町）,https://opendata.pref.shizuoka.jp/dataset/9916.html,,95711,07_自然環境.zip,ZIP,,自然環境,archive,strict,https://opendata.pref.shizuoka.jp/fs/9/5/7/1/1/_/07_____.zip
shizuoka-pref,静岡県オープンデータ（ふじのくにオープンデータカタログ）,静岡県オープンデータ,94a4c079-4bfd-4044-99f0-17e963a9f076,静岡県都市計画基礎調査（南伊豆町）,https://opendata.pref.shizuoka.jp/dataset/9916.html,,95712,08_公害および災害.zip,ZIP,,災害,archive,strict,https://opendata.pref.shizuoka.jp/fs/9/5/7/1/2/_/08________.zip
shizuoka-pref,静岡県オープンデータ（ふじのくにオープンデータカタログ）,静岡県オープンデータ,94a4c079-4bfd-4044-99f0-17e963a9f076,静岡県都市計画基礎調査（南伊豆町）,https://opendata.pref.shizuoka.jp/dataset/9916.html,,95713,09_観光・景観・歴史.zip,ZIP,,景観,archive,strict,https://opendata.pref.shizuoka.jp/fs/9/5/7/1/3/_/09_________.zip
shizuoka-pref,静岡県オープンデータ（ふじのくにオープンデータカタログ）,静岡県オープンデータ,aa60b36b-0293-4465-a42e-aa2fd839e74e,静岡県都市計画基礎調査（東伊豆町）,https://opendata.pref.shizuoka.jp/dataset/9917.html,,849715,静岡県都市計画基礎調査（東伊豆町）,HTML,,,document,strict,https://www.geospatial.jp/ckan/dataset/tosikeikaku202306higashiizu
shizuoka-pref,静岡県オープンデータ（ふじのくにオープンデータカタログ）,静岡県オープンデータ,aa60b36b-0293-4465-a42e-aa2fd839e74e,静岡県都市計画基礎調査（東伊豆町）,https://opendata.pref.shizuoka.jp/dataset/9917.html,,95715,01_人口.zip,ZIP,,人口,archive,strict,https://opendata.pref.shizuoka.jp/fs/9/5/7/1/5/_/01___.zip
shizuoka-pref,静岡県オープンデータ（ふじのくにオープンデータカタログ）,静岡県オープンデータ,aa60b36b-0293-4465-a42e-aa2fd839e74e,静岡県都市計画基礎調査（東伊豆町）,https://opendata.pref.shizuoka.jp/dataset/9917.html,,95716,02_産業.zip,ZIP,,産業,archive,strict,https://opendata.pref.shizuoka.jp/fs/9/5/7/1/6/_/02___.zip
shizuoka-pref,静岡県オープンデータ（ふじのくにオープンデータカタログ）,静岡県オープンデータ,aa60b36b-0293-4465-a42e-aa2fd839e74e,静岡県都市計画基礎調査（東伊豆町）,https://opendata.pref.shizuoka.jp/dataset/9917.html,,95717,03_土地利用.zip,ZIP,,土地利用,archive,strict,https://opendata.pref.shizuoka.jp/fs/9/5/7/1/7/_/03_____.zip
shizuoka-pref,静岡県オープンデータ（ふじのくにオープンデータカタログ）,静岡県オープンデータ,aa60b36b-0293-4465-a42e-aa2fd839e74e,静岡県都市計画基礎調査（東伊豆町）,https://opendata.pref.shizuoka.jp/dataset/9917.html,,95718,04_建物（建物利用現況は市町が調査）.zip,ZIP,,建物,archive,strict,https://opendata.pref.shizuoka.jp/fs/9/5/7/1/8/_/04_________________.zip
shizuoka-pref,静岡県オープンデータ（ふじのくにオープンデータカタログ）,静岡県オープンデータ,aa60b36b-0293-4465-a42e-aa2fd839e74e,静岡県都市計画基礎調査（東伊豆町）,https://opendata.pref.shizuoka.jp/dataset/9917.html,,95719,05_都市施設.zip,ZIP,,都市施設,archive,strict,https://opendata.pref.shizuoka.jp/fs/9/5/7/1/9/_/05_____.zip
shizuoka-pref,静岡県オープンデータ（ふじのくにオープンデータカタログ）,静岡県オープンデータ,aa60b36b-0293-4465-a42e-aa2fd839e74e,静岡県都市計画基礎調査（東伊豆町）,https://opendata.pref.shizuoka.jp/dataset/9917.html,,95720,06_地価.zip,ZIP,,地価,archive,strict,https://opendata.pref.shizuoka.jp/fs/9/5/7/2/0/_/06___.zip
shizuoka-pref,静岡県オープンデータ（ふじのくにオープンデータカタログ）,静岡県オープンデータ,aa60b36b-0293-4465-a42e-aa2fd839e74e,静岡県都市計画基礎調査（東伊豆町）,https://opendata.pref.shizuoka.jp/dataset/9917.html,,95721,07_自然環境.zip,ZIP,,自然環境,archive,strict,https://opendata.pref.shizuoka.jp/fs/9/5/7/2/1/_/07_____.zip
shizuoka-pref,静岡県オープンデータ（ふじのくにオープンデータカタログ）,静岡県オープンデータ,aa60b36b-0293-4465-a42e-aa2fd839e74e,静岡県都市計画基礎調査（東伊豆町）,https://opendata.pref.shizuoka.jp/dataset/9917.html,,95722,08_公害および災害.zip,ZIP,,災害,archive,strict,https://opendata.pref.shizuoka.jp/fs/9/5/7/2/2/_/08________.zip
shizuoka-pref,静岡県オープンデータ（ふじのくにオープンデータカタログ）,静岡県オープンデータ,aa60b36b-0293-4465-a42e-aa2fd839e74e,静岡県都市計画基礎調査（東伊豆町）,https://opendata.pref.shizuoka.jp/dataset/9917.html,,95723,09_観光・景観・歴史.zip,ZIP,,景観,archive,strict,https://opendata.pref.shizuoka.jp/fs/9/5/7/2/3/_/09_________.zip
shizuoka-pref,静岡県オープンデータ（ふじのくにオープンデータカタログ）,静岡県オープンデータ,116b3593-f7f1-4883-9fb5-6d226a05a618,静岡県都市計画基礎調査（熱海市）,https://opendata.pref.shizuoka.jp/dataset/9918.html,,95725,00_共通.zip,ZIP,,,archive,strict,https://opendata.pref.shizuoka.jp/fs/9/5/7/2/5/_/00___.zip
shizuoka-pref,静岡県オープンデータ（ふじのくにオープンデータカタログ）,静岡県オープンデータ,116b3593-f7f1-4883-9fb5-6d226a05a618,静岡県都市計画基礎調査（熱海市）,https://opendata.pref.shizuoka.jp/dataset/9918.html,,95726,01_人口.zip,ZIP,,人口,archive,strict,https://opendata.pref.shizuoka.jp/fs/9/5/7/2/6/_/01___.zip
shizuoka-pref,静岡県オープンデータ（ふじのくにオープンデータカタログ）,静岡県オープンデータ,116b3593-f7f1-4883-9fb5-6d226a05a618,静岡県都市計画基礎調査（熱海市）,https://opendata.pref.shizuoka.jp/dataset/9918.html,,95727,02_産業.zip,ZIP,,産業,archive,strict,https://opendata.pref.shizuoka.jp/fs/9/5/7/2/7/_/02___.zip
shizuoka-pref,静岡県オープンデータ（ふじのくにオープンデータカタログ）,静岡県オープンデータ,116b3593-f7f1-4883-9fb5-6d226a05a618,静岡県都市計画基礎調査（熱海市）,https://opendata.pref.shizuoka.jp/dataset/9918.html,,95728,04_建物（建物利用現況は市町が調査）.zip,ZIP,,建物,archive,strict,https://opendata.pref.shizuoka.jp/fs/9/5/7/2/8/_/04_________________.zip
shizuoka-pref,静岡県オープンデータ（ふじのくにオープンデータカタログ）,静岡県オープンデータ,116b3593-f7f1-4883-9fb5-6d226a05a618,静岡県都市計画基礎調査（熱海市）,https://opendata.pref.shizuoka.jp/dataset/9918.html,,95729,05_都市施設.zip,ZIP,,都市施設,archive,strict,https://opendata.pref.shizuoka.jp/fs/9/5/7/2/9/_/05_____.zip
shizuoka-pref,静岡県オープンデータ（ふじのくにオープンデータカタログ）,静岡県オープンデータ,116b3593-f7f1-4883-9fb5-6d226a05a618,静岡県都市計画基礎調査（熱海市）,https://opendata.pref.shizuoka.jp/dataset/9918.html,,95730,06_地価.zip,ZIP,,地価,archive,strict,https://opendata.pref.shizuoka.jp/fs/9/5/7/3/0/_/06___.zip
shizuoka-pref,静岡県オープンデータ（ふじのくにオープンデータカタログ）,静岡県オープンデータ,116b3593-f7f1-4883-9fb5-6d226a05a618,静岡県都市計画基礎調査（熱海市）,https://opendata.pref.shizuoka.jp/dataset/9918.html,,95731,07_自然環境.zip,ZIP,,自然環境,archive,strict,https://opendata.pref.shizuoka.jp/fs/9/5/7/3/1/_/07_____.zip
shizuoka-pref,静岡県オープンデータ（ふじのくにオープンデータカタログ）,静岡県オープンデータ,116b3593-f7f1-4883-9fb5-6d226a05a618,静岡県都市計画基礎調査（熱海市）,https://opendata.pref.shizuoka.jp/dataset/9918.html,,95732,08_公害および災害.zip,ZIP,,災害,archive,strict,https://opendata.pref.shizuoka.jp/fs/9/5/7/3/2/_/08________.zip
shizuoka-pref,静岡県オープンデータ（ふじのくにオープンデータカタログ）,静岡県オープンデータ,116b3593-f7f1-4883-9fb5-6d226a05a618,静岡県都市計画基礎調査（熱海市）,https://opendata.pref.shizuoka.jp/dataset/9918.html,,95733,09_観光・景観・歴史.zip,ZIP,,景観,archive,strict,https://opendata.pref.shizuoka.jp/fs/9/5/7/3/3/_/09_________.zip
shizuoka-pref,静岡県オープンデータ（ふじのくにオープンデータカタログ）,静岡県オープンデータ,116b3593-f7f1-4883-9fb5-6d226a05a618,静岡県都市計画基礎調査（熱海市）,https://opendata.pref.shizuoka.jp/dataset/9918.html,,849714,03_土地利用.zip,HTML,,土地利用,document,strict,https://www.geospatial.jp/ckan/dataset/tosikeikaku202306atami
shizuoka-pref,静岡県オープンデータ（ふじのくにオープンデータカタログ）,静岡県オープンデータ,116b3593-f7f1-4883-9fb5-6d226a05a618,静岡県都市計画基礎調査（熱海市）,https://opendata.pref.shizuoka.jp/dataset/9918.html,,849713,静岡県都市計画基礎調査（熱海市）,HTML,,,document,strict,https://www.geospatial.jp/ckan/dataset/tosikeikaku202306atami
shizuoka-pref,静岡県オープンデータ（ふじのくにオープンデータカタログ）,静岡県オープンデータ,b7c7648d-af4a-4f49-b46b-f15be9e1677e,静岡県都市計画基礎調査（富士市）,https://opendata.pref.shizuoka.jp/dataset/9919.html,,849740,静岡県都市計画基礎調査（富士市）,HTML,,,document,strict,https://www.geospatial.jp/ckan/dataset/tosikeikaku202306fuji
shizuoka-pref,静岡県オープンデータ（ふじのくにオープンデータカタログ）,静岡県オープンデータ,b7c7648d-af4a-4f49-b46b-f15be9e1677e,静岡県都市計画基礎調査（富士市）,https://opendata.pref.shizuoka.jp/dataset/9919.html,,95746,02_産業.zip,ZIP,,産業,archive,strict,https://opendata.pref.shizuoka.jp/fs/9/5/7/4/6/_/02___.zip
shizuoka-pref,静岡県オープンデータ（ふじのくにオープンデータカタログ）,静岡県オープンデータ,b7c7648d-af4a-4f49-b46b-f15be9e1677e,静岡県都市計画基礎調査（富士市）,https://opendata.pref.shizuoka.jp/dataset/9919.html,,95747,04_建物（建物利用現況は市町が調査）.zip,ZIP,,建物,archive,strict,https://opendata.pref.shizuoka.jp/fs/9/5/7/4/7/_/04_________________.zip
shizuoka-pref,静岡県オープンデータ（ふじのくにオープンデータカタログ）,静岡県オープンデータ,b7c7648d-af4a-4f49-b46b-f15be9e1677e,静岡県都市計画基礎調査（富士市）,https://opendata.pref.shizuoka.jp/dataset/9919.html,,95748,06_地価.zip,ZIP,,地価,archive,strict,https://opendata.pref.shizuoka.jp/fs/9/5/7/4/8/_/06___.zip
shizuoka-pref,静岡県オープンデータ（ふじのくにオープンデータカタログ）,静岡県オープンデータ,b7c7648d-af4a-4f49-b46b-f15be9e1677e,静岡県都市計画基礎調査（富士市）,https://opendata.pref.shizuoka.jp/dataset/9919.html,,95749,07_自然環境.zip,ZIP,,自然環境,archive,strict,https://opendata.pref.shizuoka.jp/fs/9/5/7/4/9/_/07_____.zip
shizuoka-pref,静岡県オープンデータ（ふじのくにオープンデータカタログ）,静岡県オープンデータ,b7c7648d-af4a-4f49-b46b-f15be9e1677e,静岡県都市計画基礎調査（富士市）,https://opendata.pref.shizuoka.jp/dataset/9919.html,,95750,08_公害および災害.zip,ZIP,,災害,archive,strict,https://opendata.pref.shizuoka.jp/fs/9/5/7/5/0/_/08________.zip
shizuoka-pref,静岡県オープンデータ（ふじのくにオープンデータカタログ）,静岡県オープンデータ,b7c7648d-af4a-4f49-b46b-f15be9e1677e,静岡県都市計画基礎調査（富士市）,https://opendata.pref.shizuoka.jp/dataset/9919.html,,95751,09_観光・景観・歴史.zip,ZIP,,景観,archive,strict,https://opendata.pref.shizuoka.jp/fs/9/5/7/5/1/_/09_________.zip
shizuoka-pref,静岡県オープンデータ（ふじのくにオープンデータカタログ）,静岡県オープンデータ,b7c7648d-af4a-4f49-b46b-f15be9e1677e,静岡県都市計画基礎調査（富士市）,https://opendata.pref.shizuoka.jp/dataset/9919.html,,95752,調書（富士市）.xlsx,XLSX,,,tabular,strict,https://opendata.pref.shizuoka.jp/fs/9/5/7/5/2/_/_______.xlsx
shizuoka-pref,静岡県オープンデータ（ふじのくにオープンデータカタログ）,静岡県オープンデータ,b7c7648d-af4a-4f49-b46b-f15be9e1677e,静岡県都市計画基礎調査（富士市）,https://opendata.pref.shizuoka.jp/dataset/9919.html,,849741,01_人口.zip,HTML,,人口,document,strict,https://www.geospatial.jp/ckan/dataset/tosikeikaku202306fuji
shizuoka-pref,静岡県オープンデータ（ふじのくにオープンデータカタログ）,静岡県オープンデータ,b7c7648d-af4a-4f49-b46b-f15be9e1677e,静岡県都市計画基礎調査（富士市）,https://opendata.pref.shizuoka.jp/dataset/9919.html,,849742,03_土地利用.zip,HTML,,土地利用,document,strict,https://www.geospatial.jp/ckan/dataset/tosikeikaku202306fuji
shizuoka-pref,静岡県オープンデータ（ふじのくにオープンデータカタログ）,静岡県オープンデータ,b7c7648d-af4a-4f49-b46b-f15be9e1677e,静岡県都市計画基礎調査（富士市）,https://opendata.pref.shizuoka.jp/dataset/9919.html,,849743,05_都市施設.zip,HTML,,都市施設,document,strict,https://www.geospatial.jp/ckan/dataset/tosikeikaku202306fuji
shizuoka-pref,静岡県オープンデータ（ふじのくにオープンデータカタログ）,静岡県オープンデータ,d2d479e9-36a2-4a88-8a11-3886fb9b3155,静岡県都市計画基礎調査（静岡市）,https://opendata.pref.shizuoka.jp/dataset/9920.html,,849704,静岡県都市計画基礎調査（静岡市）,HTML,,,document,strict,https://www.geospatial.jp/ckan/dataset/tosikeikaku202306shizuoka
shizuoka-pref,静岡県オープンデータ（ふじのくにオープンデータカタログ）,静岡県オープンデータ,d2d479e9-36a2-4a88-8a11-3886fb9b3155,静岡県都市計画基礎調査（静岡市）,https://opendata.pref.shizuoka.jp/dataset/9920.html,,95744,09_観光・景観・歴史.zip,ZIP,,景観,archive,strict,https://opendata.pref.shizuoka.jp/fs/9/5/7/4/4/_/09_________.zip
shizuoka-pref,静岡県オープンデータ（ふじのくにオープンデータカタログ）,静岡県オープンデータ,d2d479e9-36a2-4a88-8a11-3886fb9b3155,静岡県都市計画基礎調査（静岡市）,https://opendata.pref.shizuoka.jp/dataset/9920.html,,849705,01_人口.zip,HTML,,人口,document,strict,https://www.geospatial.jp/ckan/dataset/tosikeikaku202306shizuoka
shizuoka-pref,静岡県オープンデータ（ふじのくにオープンデータカタログ）,静岡県オープンデータ,d2d479e9-36a2-4a88-8a11-3886fb9b3155,静岡県都市計画基礎調査（静岡市）,https://opendata.pref.shizuoka.jp/dataset/9920.html,,849706,02_産業.zip,HTML,,産業,document,strict,https://www.geospatial.jp/ckan/dataset/tosikeikaku202306shizuoka
shizuoka-pref,静岡県オープンデータ（ふじのくにオープンデータカタログ）,静岡県オープンデータ,d2d479e9-36a2-4a88-8a11-3886fb9b3155,静岡県都市計画基礎調査（静岡市）,https://opendata.pref.shizuoka.jp/dataset/9920.html,,849707,03_土地利用.zip,HTML,,土地利用,document,strict,https://www.geospatial.jp/ckan/dataset/tosikeikaku202306shizuoka
shizuoka-pref,静岡県オープンデータ（ふじのくにオープンデータカタログ）,静岡県オープンデータ,d2d479e9-36a2-4a88-8a11-3886fb9b3155,静岡県都市計画基礎調査（静岡市）,https://opendata.pref.shizuoka.jp/dataset/9920.html,,849708,04_建物（建物利用現況は市町が調査）.zip,HTML,,建物,document,strict,https://www.geospatial.jp/ckan/dataset/tosikeikaku202306shizuoka
shizuoka-pref,静岡県オープンデータ（ふじのくにオープンデータカタログ）,静岡県オープンデータ,d2d479e9-36a2-4a88-8a11-3886fb9b3155,静岡県都市計画基礎調査（静岡市）,https://opendata.pref.shizuoka.jp/dataset/9920.html,,849709,05_都市施設.zip,HTML,,都市施設,document,strict,https://www.geospatial.jp/ckan/dataset/tosikeikaku202306shizuoka
shizuoka-pref,静岡県オープンデータ（ふじのくにオープンデータカタログ）,静岡県オープンデータ,d2d479e9-36a2-4a88-8a11-3886fb9b3155,静岡県都市計画基礎調査（静岡市）,https://opendata.pref.shizuoka.jp/dataset/9920.html,,849710,06_地価.zip,HTML,,地価,document,strict,https://www.geospatial.jp/ckan/dataset/tosikeikaku202306shizuoka
shizuoka-pref,静岡県オープンデータ（ふじのくにオープンデータカタログ）,静岡県オープンデータ,d2d479e9-36a2-4a88-8a11-3886fb9b3155,静岡県都市計画基礎調査（静岡市）,https://opendata.pref.shizuoka.jp/dataset/9920.html,,849711,07_自然環境.zip,HTML,,自然環境,document,strict,https://www.geospatial.jp/ckan/dataset/tosikeikaku202306shizuoka
shizuoka-pref,静岡県オープンデータ（ふじのくにオープンデータカタログ）,静岡県オープンデータ,d2d479e9-36a2-4a88-8a11-3886fb9b3155,静岡県都市計画基礎調査（静岡市）,https://opendata.pref.shizuoka.jp/dataset/9920.html,,849712,08_公害および災害.zip,HTML,,災害,document,strict,https://www.geospatial.jp/ckan/dataset/tosikeikaku202306shizuoka
shizuoka-pref,静岡県オープンデータ（ふじのくにオープンデータカタログ）,静岡県オープンデータ,bcffd873-f51c-4d31-8d6f-369004b4a199,静岡県都市計画基礎調査（藤枝市）,https://opendata.pref.shizuoka.jp/dataset/9921.html,,95753,00_区域界.zip,ZIP,,,archive,strict,https://opendata.pref.shizuoka.jp/fs/9/5/7/5/3/_/00____.zip
shizuoka-pref,静岡県オープンデータ（ふじのくにオープンデータカタログ）,静岡県オープンデータ,bcffd873-f51c-4d31-8d6f-369004b4a199,静岡県都市計画基礎調査（藤枝市）,https://opendata.pref.shizuoka.jp/dataset/9921.html,,95754,02_産業.zip,ZIP,,産業,archive,strict,https://opendata.pref.shizuoka.jp/fs/9/5/7/5/4/_/02___.zip
shizuoka-pref,静岡県オープンデータ（ふじのくにオープンデータカタログ）,静岡県オープンデータ,bcffd873-f51c-4d31-8d6f-369004b4a199,静岡県都市計画基礎調査（藤枝市）,https://opendata.pref.shizuoka.jp/dataset/9921.html,,95755,05_都市施設.zip,ZIP,,都市施設,archive,strict,https://opendata.pref.shizuoka.jp/fs/9/5/7/5/5/_/05_____.zip
shizuoka-pref,静岡県オープンデータ（ふじのくにオープンデータカタログ）,静岡県オープンデータ,bcffd873-f51c-4d31-8d6f-369004b4a199,静岡県都市計画基礎調査（藤枝市）,https://opendata.pref.shizuoka.jp/dataset/9921.html,,95756,06_地価.zip,ZIP,,地価,archive,strict,https://opendata.pref.shizuoka.jp/fs/9/5/7/5/6/_/06___.zip
shizuoka-pref,静岡県オープンデータ（ふじのくにオープンデータカタログ）,静岡県オープンデータ,bcffd873-f51c-4d31-8d6f-369004b4a199,静岡県都市計画基礎調査（藤枝市）,https://opendata.pref.shizuoka.jp/dataset/9921.html,,95757,07_自然環境.zip,ZIP,,自然環境,archive,strict,https://opendata.pref.shizuoka.jp/fs/9/5/7/5/7/_/07_____.zip
shizuoka-pref,静岡県オープンデータ（ふじのくにオープンデータカタログ）,静岡県オープンデータ,bcffd873-f51c-4d31-8d6f-369004b4a199,静岡県都市計画基礎調査（藤枝市）,https://opendata.pref.shizuoka.jp/dataset/9921.html,,95758,08_公害および災害.zip,ZIP,,災害,archive,strict,https://opendata.pref.shizuoka.jp/fs/9/5/7/5/8/_/08________.zip
shizuoka-pref,静岡県オープンデータ（ふじのくにオープンデータカタログ）,静岡県オープンデータ,bcffd873-f51c-4d31-8d6f-369004b4a199,静岡県都市計画基礎調査（藤枝市）,https://opendata.pref.shizuoka.jp/dataset/9921.html,,95759,09_観光・景観・歴史.zip,ZIP,,景観,archive,strict,https://opendata.pref.shizuoka.jp/fs/9/5/7/5/9/_/09_________.zip
shizuoka-pref,静岡県オープンデータ（ふじのくにオープンデータカタログ）,静岡県オープンデータ,bcffd873-f51c-4d31-8d6f-369004b4a199,静岡県都市計画基礎調査（藤枝市）,https://opendata.pref.shizuoka.jp/dataset/9921.html,,849700,静岡県都市計画基礎調査（藤枝市）,HTML,,,document,strict,https://www.geospatial.jp/ckan/dataset/tosikeikaku202306fujieda
shizuoka-pref,静岡県オープンデータ（ふじのくにオープンデータカタログ）,静岡県オープンデータ,bcffd873-f51c-4d31-8d6f-369004b4a199,静岡県都市計画基礎調査（藤枝市）,https://opendata.pref.shizuoka.jp/dataset/9921.html,,95761,REP03_01.XLSX,XLSX,,,tabular,strict,https://opendata.pref.shizuoka.jp/fs/9/5/7/6/1/_/REP03_01.XLSX
shizuoka-pref,静岡県オープンデータ（ふじのくにオープンデータカタログ）,静岡県オープンデータ,bcffd873-f51c-4d31-8d6f-369004b4a199,静岡県都市計画基礎調査（藤枝市）,https://opendata.pref.shizuoka.jp/dataset/9921.html,,849701,01_人口.zip,HTML,,人口,document,strict,https://www.geospatial.jp/ckan/dataset/tosikeikaku202306fujieda
shizuoka-pref,静岡県オープンデータ（ふじのくにオープンデータカタログ）,静岡県オープンデータ,bcffd873-f51c-4d31-8d6f-369004b4a199,静岡県都市計画基礎調査（藤枝市）,https://opendata.pref.shizuoka.jp/dataset/9921.html,,849702,03_土地利用.zip,HTML,,土地利用,document,strict,https://www.geospatial.jp/ckan/dataset/tosikeikaku202306fujieda
shizuoka-pref,静岡県オープンデータ（ふじのくにオープンデータカタログ）,静岡県オープンデータ,bcffd873-f51c-4d31-8d6f-369004b4a199,静岡県都市計画基礎調査（藤枝市）,https://opendata.pref.shizuoka.jp/dataset/9921.html,,849703,04_建物（建物利用現況は市町が調査）.zip,HTML,,建物,document,strict,https://www.geospatial.jp/ckan/dataset/tosikeikaku202306fujieda
shizuoka-pref,静岡県オープンデータ（ふじのくにオープンデータカタログ）,静岡県オープンデータ,d91ee3e9-3559-425f-96d8-3ea30df2b5e2,静岡県都市計画基礎調査（焼津市）,https://opendata.pref.shizuoka.jp/dataset/9922.html,,95762,00_区域界.zip,ZIP,,,archive,strict,https://opendata.pref.shizuoka.jp/fs/9/5/7/6/2/_/00____.zip
shizuoka-pref,静岡県オープンデータ（ふじのくにオープンデータカタログ）,静岡県オープンデータ,d91ee3e9-3559-425f-96d8-3ea30df2b5e2,静岡県都市計画基礎調査（焼津市）,https://opendata.pref.shizuoka.jp/dataset/9922.html,,95763,01_人口.zip,ZIP,,人口,archive,strict,https://opendata.pref.shizuoka.jp/fs/9/5/7/6/3/_/01___.zip
shizuoka-pref,静岡県オープンデータ（ふじのくにオープンデータカタログ）,静岡県オープンデータ,d91ee3e9-3559-425f-96d8-3ea30df2b5e2,静岡県都市計画基礎調査（焼津市）,https://opendata.pref.shizuoka.jp/dataset/9922.html,,95764,02_産業.zip,ZIP,,産業,archive,strict,https://opendata.pref.shizuoka.jp/fs/9/5/7/6/4/_/02___.zip
shizuoka-pref,静岡県オープンデータ（ふじのくにオープンデータカタログ）,静岡県オープンデータ,d91ee3e9-3559-425f-96d8-3ea30df2b5e2,静岡県都市計画基礎調査（焼津市）,https://opendata.pref.shizuoka.jp/dataset/9922.html,,95765,04_建物（建物利用現況は市町が調査）.zip,ZIP,,建物,archive,strict,https://opendata.pref.shizuoka.jp/fs/9/5/7/6/5/_/04_________________.zip
shizuoka-pref,静岡県オープンデータ（ふじのくにオープンデータカタログ）,静岡県オープンデータ,d91ee3e9-3559-425f-96d8-3ea30df2b5e2,静岡県都市計画基礎調査（焼津市）,https://opendata.pref.shizuoka.jp/dataset/9922.html,,95766,05_都市施設.zip,ZIP,,都市施設,archive,strict,https://opendata.pref.shizuoka.jp/fs/9/5/7/6/6/_/05_____.zip
shizuoka-pref,静岡県オープンデータ（ふじのくにオープンデータカタログ）,静岡県オープンデータ,d91ee3e9-3559-425f-96d8-3ea30df2b5e2,静岡県都市計画基礎調査（焼津市）,https://opendata.pref.shizuoka.jp/dataset/9922.html,,95767,06_地価.zip,ZIP,,地価,archive,strict,https://opendata.pref.shizuoka.jp/fs/9/5/7/6/7/_/06___.zip
shizuoka-pref,静岡県オープンデータ（ふじのくにオープンデータカタログ）,静岡県オープンデータ,d91ee3e9-3559-425f-96d8-3ea30df2b5e2,静岡県都市計画基礎調査（焼津市）,https://opendata.pref.shizuoka.jp/dataset/9922.html,,95768,07_自然環境.zip,ZIP,,自然環境,archive,strict,https://opendata.pref.shizuoka.jp/fs/9/5/7/6/8/_/07_____.zip
shizuoka-pref,静岡県オープンデータ（ふじのくにオープンデータカタログ）,静岡県オープンデータ,d91ee3e9-3559-425f-96d8-3ea30df2b5e2,静岡県都市計画基礎調査（焼津市）,https://opendata.pref.shizuoka.jp/dataset/9922.html,,95769,08_公害および災害.zip,ZIP,,災害,archive,strict,https://opendata.pref.shizuoka.jp/fs/9/5/7/6/9/_/08________.zip
shizuoka-pref,静岡県オープンデータ（ふじのくにオープンデータカタログ）,静岡県オープンデータ,d91ee3e9-3559-425f-96d8-3ea30df2b5e2,静岡県都市計画基礎調査（焼津市）,https://opendata.pref.shizuoka.jp/dataset/9922.html,,95770,09_観光・景観・歴史.zip,ZIP,,景観,archive,strict,https://opendata.pref.shizuoka.jp/fs/9/5/7/7/0/_/09_________.zip
shizuoka-pref,静岡県オープンデータ（ふじのくにオープンデータカタログ）,静岡県オープンデータ,d91ee3e9-3559-425f-96d8-3ea30df2b5e2,静岡県都市計画基礎調査（焼津市）,https://opendata.pref.shizuoka.jp/dataset/9922.html,,849698,静岡県都市計画基礎調査（焼津市）,HTML,,,document,strict,https://www.geospatial.jp/ckan/dataset/tosikeikaku202306yaizu
shizuoka-pref,静岡県オープンデータ（ふじのくにオープンデータカタログ）,静岡県オープンデータ,d91ee3e9-3559-425f-96d8-3ea30df2b5e2,静岡県都市計画基礎調査（焼津市）,https://opendata.pref.shizuoka.jp/dataset/9922.html,,849699,03_土地利用.zip,HTML,,土地利用,document,strict,https://www.geospatial.jp/ckan/dataset/tosikeikaku202306yaizu
shizuoka-pref,静岡県オープンデータ（ふじのくにオープンデータカタログ）,静岡県オープンデータ,e1fda11b-9a81-4b1c-a6bc-3734f883c7c3,静岡県都市計画基礎調査（牧之原市）,https://opendata.pref.shizuoka.jp/dataset/9923.html,,95734,00_区域界.zip,ZIP,,,archive,strict,https://opendata.pref.shizuoka.jp/fs/9/5/7/3/4/_/00____.zip
shizuoka-pref,静岡県オープンデータ（ふじのくにオープンデータカタログ）,静岡県オープンデータ,e1fda11b-9a81-4b1c-a6bc-3734f883c7c3,静岡県都市計画基礎調査（牧之原市）,https://opendata.pref.shizuoka.jp/dataset/9923.html,,95735,02_産業.zip,ZIP,,産業,archive,strict,https://opendata.pref.shizuoka.jp/fs/9/5/7/3/5/_/02___.zip
shizuoka-pref,静岡県オープンデータ（ふじのくにオープンデータカタログ）,静岡県オープンデータ,e1fda11b-9a81-4b1c-a6bc-3734f883c7c3,静岡県都市計画基礎調査（牧之原市）,https://opendata.pref.shizuoka.jp/dataset/9923.html,,95736,04_建物（建物利用現況は市町が調査）.zip,ZIP,,建物,archive,strict,https://opendata.pref.shizuoka.jp/fs/9/5/7/3/6/_/04_________________.zip
shizuoka-pref,静岡県オープンデータ（ふじのくにオープンデータカタログ）,静岡県オープンデータ,e1fda11b-9a81-4b1c-a6bc-3734f883c7c3,静岡県都市計画基礎調査（牧之原市）,https://opendata.pref.shizuoka.jp/dataset/9923.html,,95737,05_都市施設.zip,ZIP,,都市施設,archive,strict,https://opendata.pref.shizuoka.jp/fs/9/5/7/3/7/_/05_____.zip
shizuoka-pref,静岡県オープンデータ（ふじのくにオープンデータカタログ）,静岡県オープンデータ,e1fda11b-9a81-4b1c-a6bc-3734f883c7c3,静岡県都市計画基礎調査（牧之原市）,https://opendata.pref.shizuoka.jp/dataset/9923.html,,95738,06_地価.zip,ZIP,,地価,archive,strict,https://opendata.pref.shizuoka.jp/fs/9/5/7/3/8/_/06___.zip
shizuoka-pref,静岡県オープンデータ（ふじのくにオープンデータカタログ）,静岡県オープンデータ,e1fda11b-9a81-4b1c-a6bc-3734f883c7c3,静岡県都市計画基礎調査（牧之原市）,https://opendata.pref.shizuoka.jp/dataset/9923.html,,95739,07_自然環境.zip,ZIP,,自然環境,archive,strict,https://opendata.pref.shizuoka.jp/fs/9/5/7/3/9/_/07_____.zip
shizuoka-pref,静岡県オープンデータ（ふじのくにオープンデータカタログ）,静岡県オープンデータ,e1fda11b-9a81-4b1c-a6bc-3734f883c7c3,静岡県都市計画基礎調査（牧之原市）,https://opendata.pref.shizuoka.jp/dataset/9923.html,,95740,08_公害および災害.zip,ZIP,,災害,archive,strict,https://opendata.pref.shizuoka.jp/fs/9/5/7/4/0/_/08________.zip
shizuoka-pref,静岡県オープンデータ（ふじのくにオープンデータカタログ）,静岡県オープンデータ,e1fda11b-9a81-4b1c-a6bc-3734f883c7c3,静岡県都市計画基礎調査（牧之原市）,https://opendata.pref.shizuoka.jp/dataset/9923.html,,95741,09_観光・景観・歴史.zip,ZIP,,景観,archive,strict,https://opendata.pref.shizuoka.jp/fs/9/5/7/4/1/_/09_________.zip
shizuoka-pref,静岡県オープンデータ（ふじのくにオープンデータカタログ）,静岡県オープンデータ,e1fda11b-9a81-4b1c-a6bc-3734f883c7c3,静岡県都市計画基礎調査（牧之原市）,https://opendata.pref.shizuoka.jp/dataset/9923.html,,849695,静岡県都市計画基礎調査（牧之原市）,HTML,,,document,strict,https://www.geospatial.jp/ckan/dataset/tosikeikaku202306makinohara
shizuoka-pref,静岡県オープンデータ（ふじのくにオープンデータカタログ）,静岡県オープンデータ,e1fda11b-9a81-4b1c-a6bc-3734f883c7c3,静岡県都市計画基礎調査（牧之原市）,https://opendata.pref.shizuoka.jp/dataset/9923.html,,849696,01_人口.zip,HTML,,人口,document,strict,https://www.geospatial.jp/ckan/dataset/tosikeikaku202306makinohara
shizuoka-pref,静岡県オープンデータ（ふじのくにオープンデータカタログ）,静岡県オープンデータ,e1fda11b-9a81-4b1c-a6bc-3734f883c7c3,静岡県都市計画基礎調査（牧之原市）,https://opendata.pref.shizuoka.jp/dataset/9923.html,,849697,03_土地利用.zip,HTML,,土地利用,document,strict,https://www.geospatial.jp/ckan/dataset/tosikeikaku202306makinohara
shizuoka-pref,静岡県オープンデータ（ふじのくにオープンデータカタログ）,静岡県オープンデータ,2faf193a-9903-40fd-81d4-5558c218d5ee,静岡県都市計画基礎調査（磐田市）,https://opendata.pref.shizuoka.jp/dataset/9924.html,,849692,静岡県都市計画基礎調査（磐田市）,HTML,,,document,strict,https://www.geospatial.jp/ckan/dataset/tosikeikaku202306iwata
shizuoka-pref,静岡県オープンデータ（ふじのくにオープンデータカタログ）,静岡県オープンデータ,2faf193a-9903-40fd-81d4-5558c218d5ee,静岡県都市計画基礎調査（磐田市）,https://opendata.pref.shizuoka.jp/dataset/9924.html,,95773,02_産業.zip,ZIP,,産業,archive,strict,https://opendata.pref.shizuoka.jp/fs/9/5/7/7/3/_/02___.zip
shizuoka-pref,静岡県オープンデータ（ふじのくにオープンデータカタログ）,静岡県オープンデータ,2faf193a-9903-40fd-81d4-5558c218d5ee,静岡県都市計画基礎調査（磐田市）,https://opendata.pref.shizuoka.jp/dataset/9924.html,,95774,04_建物（建物利用現況は市町が調査）.zip,ZIP,,建物,archive,strict,https://opendata.pref.shizuoka.jp/fs/9/5/7/7/4/_/04_________________.zip
shizuoka-pref,静岡県オープンデータ（ふじのくにオープンデータカタログ）,静岡県オープンデータ,2faf193a-9903-40fd-81d4-5558c218d5ee,静岡県都市計画基礎調査（磐田市）,https://opendata.pref.shizuoka.jp/dataset/9924.html,,95775,05_都市施設.zip,ZIP,,都市施設,archive,strict,https://opendata.pref.shizuoka.jp/fs/9/5/7/7/5/_/05_____.zip
shizuoka-pref,静岡県オープンデータ（ふじのくにオープンデータカタログ）,静岡県オープンデータ,2faf193a-9903-40fd-81d4-5558c218d5ee,静岡県都市計画基礎調査（磐田市）,https://opendata.pref.shizuoka.jp/dataset/9924.html,,95776,06_地価.zip,ZIP,,地価,archive,strict,https://opendata.pref.shizuoka.jp/fs/9/5/7/7/6/_/06___.zip
shizuoka-pref,静岡県オープンデータ（ふじのくにオープンデータカタログ）,静岡県オープンデータ,2faf193a-9903-40fd-81d4-5558c218d5ee,静岡県都市計画基礎調査（磐田市）,https://opendata.pref.shizuoka.jp/dataset/9924.html,,95777,07_自然環境.zip,ZIP,,自然環境,archive,strict,https://opendata.pref.shizuoka.jp/fs/9/5/7/7/7/_/07_____.zip
shizuoka-pref,静岡県オープンデータ（ふじのくにオープンデータカタログ）,静岡県オープンデータ,2faf193a-9903-40fd-81d4-5558c218d5ee,静岡県都市計画基礎調査（磐田市）,https://opendata.pref.shizuoka.jp/dataset/9924.html,,95778,08_公害および災害.zip,ZIP,,災害,archive,strict,https://opendata.pref.shizuoka.jp/fs/9/5/7/7/8/_/08________.zip
shizuoka-pref,静岡県オープンデータ（ふじのくにオープンデータカタログ）,静岡県オープンデータ,2faf193a-9903-40fd-81d4-5558c218d5ee,静岡県都市計画基礎調査（磐田市）,https://opendata.pref.shizuoka.jp/dataset/9924.html,,95779,09_観光・景観・歴史.zip,ZIP,,景観,archive,strict,https://opendata.pref.shizuoka.jp/fs/9/5/7/7/9/_/09_________.zip
shizuoka-pref,静岡県オープンデータ（ふじのくにオープンデータカタログ）,静岡県オープンデータ,2faf193a-9903-40fd-81d4-5558c218d5ee,静岡県都市計画基礎調査（磐田市）,https://opendata.pref.shizuoka.jp/dataset/9924.html,,849693,01_人口.zip,HTML,,人口,document,strict,https://www.geospatial.jp/ckan/dataset/tosikeikaku202306iwata
shizuoka-pref,静岡県オープンデータ（ふじのくにオープンデータカタログ）,静岡県オープンデータ,2faf193a-9903-40fd-81d4-5558c218d5ee,静岡県都市計画基礎調査（磐田市）,https://opendata.pref.shizuoka.jp/dataset/9924.html,,849694,03_土地利用.zip,HTML,,土地利用,document,strict,https://www.geospatial.jp/ckan/dataset/tosikeikaku202306iwata
shizuoka-pref,静岡県オープンデータ（ふじのくにオープンデータカタログ）,静岡県オープンデータ,3a65867a-5e9f-4468-b9e4-bc924b9e6bc3,静岡県都市計画基礎調査（浜松市）,https://opendata.pref.shizuoka.jp/dataset/9925.html,,95780,00_共通.zip,ZIP,,,archive,strict,https://opendata.pref.shizuoka.jp/fs/9/5/7/8/0/_/00___.zip
shizuoka-pref,静岡県オープンデータ（ふじのくにオープンデータカタログ）,静岡県オープンデータ,3a65867a-5e9f-4468-b9e4-bc924b9e6bc3,静岡県都市計画基礎調査（浜松市）,https://opendata.pref.shizuoka.jp/dataset/9925.html,,95781,02_産業.zip,ZIP,,産業,archive,strict,https://opendata.pref.shizuoka.jp/fs/9/5/7/8/1/_/02___.zip
shizuoka-pref,静岡県オープンデータ（ふじのくにオープンデータカタログ）,静岡県オープンデータ,3a65867a-5e9f-4468-b9e4-bc924b9e6bc3,静岡県都市計画基礎調査（浜松市）,https://opendata.pref.shizuoka.jp/dataset/9925.html,,95782,04_建物（建物利用現況は市町が調査）.zip,ZIP,,建物,archive,strict,https://opendata.pref.shizuoka.jp/fs/9/5/7/8/2/_/04_________________.zip
shizuoka-pref,静岡県オープンデータ（ふじのくにオープンデータカタログ）,静岡県オープンデータ,3a65867a-5e9f-4468-b9e4-bc924b9e6bc3,静岡県都市計画基礎調査（浜松市）,https://opendata.pref.shizuoka.jp/dataset/9925.html,,95783,06_地価.zip,ZIP,,地価,archive,strict,https://opendata.pref.shizuoka.jp/fs/9/5/7/8/3/_/06___.zip
shizuoka-pref,静岡県オープンデータ（ふじのくにオープンデータカタログ）,静岡県オープンデータ,3a65867a-5e9f-4468-b9e4-bc924b9e6bc3,静岡県都市計画基礎調査（浜松市）,https://opendata.pref.shizuoka.jp/dataset/9925.html,,95784,08_公害および災害.zip,ZIP,,災害,archive,strict,https://opendata.pref.shizuoka.jp/fs/9/5/7/8/4/_/08________.zip
shizuoka-pref,静岡県オープンデータ（ふじのくにオープンデータカタログ）,静岡県オープンデータ,3a65867a-5e9f-4468-b9e4-bc924b9e6bc3,静岡県都市計画基礎調査（浜松市）,https://opendata.pref.shizuoka.jp/dataset/9925.html,,95785,09_観光・景観・歴史.zip,ZIP,,景観,archive,strict,https://opendata.pref.shizuoka.jp/fs/9/5/7/8/5/_/09_________.zip
shizuoka-pref,静岡県オープンデータ（ふじのくにオープンデータカタログ）,静岡県オープンデータ,3a65867a-5e9f-4468-b9e4-bc924b9e6bc3,静岡県都市計画基礎調査（浜松市）,https://opendata.pref.shizuoka.jp/dataset/9925.html,,849614,静岡県都市計画基礎調査（浜松市）,HTML,,,document,strict,https://www.geospatial.jp/ckan/dataset/tosikeikaku202306hamamatsu
shizuoka-pref,静岡県オープンデータ（ふじのくにオープンデータカタログ）,静岡県オープンデータ,3a65867a-5e9f-4468-b9e4-bc924b9e6bc3,静岡県都市計画基礎調査（浜松市）,https://opendata.pref.shizuoka.jp/dataset/9925.html,,849615,03_土地利用.zip,HTML,,土地利用,document,strict,https://www.geospatial.jp/ckan/dataset/tosikeikaku202306hamamatsu
shizuoka-pref,静岡県オープンデータ（ふじのくにオープンデータカタログ）,静岡県オープンデータ,3a65867a-5e9f-4468-b9e4-bc924b9e6bc3,静岡県都市計画基礎調査（浜松市）,https://opendata.pref.shizuoka.jp/dataset/9925.html,,849616,05_都市施設.zip,HTML,,都市施設,document,strict,https://www.geospatial.jp/ckan/dataset/tosikeikaku202306hamamatsu
shizuoka-pref,静岡県オープンデータ（ふじのくにオープンデータカタログ）,静岡県オープンデータ,3a65867a-5e9f-4468-b9e4-bc924b9e6bc3,静岡県都市計画基礎調査（浜松市）,https://opendata.pref.shizuoka.jp/dataset/9925.html,,849617,07_自然環境.zip,HTML,,自然環境,document,strict,https://www.geospatial.jp/ckan/dataset/tosikeikaku202306hamamatsu
shizuoka-pref,静岡県オープンデータ（ふじのくにオープンデータカタログ）,静岡県オープンデータ,44c045df-d993-4be4-82d7-a020266ab88e,静岡県都市計画基礎調査（湖西市）,https://opendata.pref.shizuoka.jp/dataset/9926.html,,849689,静岡県都市計画基礎調査（湖西市）,HTML,,,document,strict,https://www.geospatial.jp/ckan/dataset/tosikeikaku202306kosai
shizuoka-pref,静岡県オープンデータ（ふじのくにオープンデータカタログ）,静岡県オープンデータ,44c045df-d993-4be4-82d7-a020266ab88e,静岡県都市計画基礎調査（湖西市）,https://opendata.pref.shizuoka.jp/dataset/9926.html,,95787,02_産業.zip,ZIP,,産業,archive,strict,https://opendata.pref.shizuoka.jp/fs/9/5/7/8/7/_/02___.zip
shizuoka-pref,静岡県オープンデータ（ふじのくにオープンデータカタログ）,静岡県オープンデータ,44c045df-d993-4be4-82d7-a020266ab88e,静岡県都市計画基礎調査（湖西市）,https://opendata.pref.shizuoka.jp/dataset/9926.html,,95788,04_建物（建物利用現況は市町が調査）.zip,ZIP,,建物,archive,strict,https://opendata.pref.shizuoka.jp/fs/9/5/7/8/8/_/04_________________.zip
shizuoka-pref,静岡県オープンデータ（ふじのくにオープンデータカタログ）,静岡県オープンデータ,44c045df-d993-4be4-82d7-a020266ab88e,静岡県都市計画基礎調査（湖西市）,https://opendata.pref.shizuoka.jp/dataset/9926.html,,95789,05_都市施設.zip,ZIP,,都市施設,archive,strict,https://opendata.pref.shizuoka.jp/fs/9/5/7/8/9/_/05_____.zip
shizuoka-pref,静岡県オープンデータ（ふじのくにオープンデータカタログ）,静岡県オープンデータ,44c045df-d993-4be4-82d7-a020266ab88e,静岡県都市計画基礎調査（湖西市）,https://opendata.pref.shizuoka.jp/dataset/9926.html,,95790,06_地価.zip,ZIP,,地価,archive,strict,https://opendata.pref.shizuoka.jp/fs/9/5/7/9/0/_/06___.zip
shizuoka-pref,静岡県オープンデータ（ふじのくにオープンデータカタログ）,静岡県オープンデータ,44c045df-d993-4be4-82d7-a020266ab88e,静岡県都市計画基礎調査（湖西市）,https://opendata.pref.shizuoka.jp/dataset/9926.html,,95791,07_自然環境.zip,ZIP,,自然環境,archive,strict,https://opendata.pref.shizuoka.jp/fs/9/5/7/9/1/_/07_____.zip
shizuoka-pref,静岡県オープンデータ（ふじのくにオープンデータカタログ）,静岡県オープンデータ,44c045df-d993-4be4-82d7-a020266ab88e,静岡県都市計画基礎調査（湖西市）,https://opendata.pref.shizuoka.jp/dataset/9926.html,,95792,08_公害および災害.zip,ZIP,,災害,archive,strict,https://opendata.pref.shizuoka.jp/fs/9/5/7/9/2/_/08________.zip
shizuoka-pref,静岡県オープンデータ（ふじのくにオープンデータカタログ）,静岡県オープンデータ,44c045df-d993-4be4-82d7-a020266ab88e,静岡県都市計画基礎調査（湖西市）,https://opendata.pref.shizuoka.jp/dataset/9926.html,,95793,09_観光・景観・歴史.zip,ZIP,,景観,archive,strict,https://opendata.pref.shizuoka.jp/fs/9/5/7/9/3/_/09_________.zip
shizuoka-pref,静岡県オープンデータ（ふじのくにオープンデータカタログ）,静岡県オープンデータ,44c045df-d993-4be4-82d7-a020266ab88e,静岡県都市計画基礎調査（湖西市）,https://opendata.pref.shizuoka.jp/dataset/9926.html,,849690,01_人口.zip,HTML,,人口,document,strict,https://www.geospatial.jp/ckan/dataset/tosikeikaku202306kosai
shizuoka-pref,静岡県オープンデータ（ふじのくにオープンデータカタログ）,静岡県オープンデータ,44c045df-d993-4be4-82d7-a020266ab88e,静岡県都市計画基礎調査（湖西市）,https://opendata.pref.shizuoka.jp/dataset/9926.html,,849691,03_土地利用.zip,HTML,,土地利用,document,strict,https://www.geospatial.jp/ckan/dataset/tosikeikaku202306kosai
shizuoka-pref,静岡県オープンデータ（ふじのくにオープンデータカタログ）,静岡県オープンデータ,1e3ac812-ad16-47b4-833b-a7b5a2f1a334,静岡県都市計画基礎調査（下田市）,https://opendata.pref.shizuoka.jp/dataset/9929.html,,849686,静岡県都市計画基礎調査（下田市）,HTML,,,document,strict,https://www.geospatial.jp/ckan/dataset/tosikeikaku202306shimoda
shizuoka-pref,静岡県オープンデータ（ふじのくにオープンデータカタログ）,静岡県オープンデータ,1e3ac812-ad16-47b4-833b-a7b5a2f1a334,静岡県都市計画基礎調査（下田市）,https://opendata.pref.shizuoka.jp/dataset/9929.html,,849687,01_人口.zip,HTML,,人口,document,strict,https://www.geospatial.jp/ckan/dataset/tosikeikaku202306shimoda
shizuoka-pref,静岡県オープンデータ（ふじのくにオープンデータカタログ）,静岡県オープンデータ,1e3ac812-ad16-47b4-833b-a7b5a2f1a334,静岡県都市計画基礎調査（下田市）,https://opendata.pref.shizuoka.jp/dataset/9929.html,,96013,02_産業.zip,ZIP,,産業,archive,strict,https://opendata.pref.shizuoka.jp/fs/9/6/0/1/3/_/02___.zip
shizuoka-pref,静岡県オープンデータ（ふじのくにオープンデータカタログ）,静岡県オープンデータ,1e3ac812-ad16-47b4-833b-a7b5a2f1a334,静岡県都市計画基礎調査（下田市）,https://opendata.pref.shizuoka.jp/dataset/9929.html,,849688,03_土地利用.zip,HTML,,土地利用,document,strict,https://www.geospatial.jp/ckan/dataset/tosikeikaku202306shimoda
shizuoka-pref,静岡県オープンデータ（ふじのくにオープンデータカタログ）,静岡県オープンデータ,1e3ac812-ad16-47b4-833b-a7b5a2f1a334,静岡県都市計画基礎調査（下田市）,https://opendata.pref.shizuoka.jp/dataset/9929.html,,96014,04_建物（建物利用現況は市町が調査）.zip,ZIP,,建物,archive,strict,https://opendata.pref.shizuoka.jp/fs/9/6/0/1/4/_/04_________________.zip
shizuoka-pref,静岡県オープンデータ（ふじのくにオープンデータカタログ）,静岡県オープンデータ,1e3ac812-ad16-47b4-833b-a7b5a2f1a334,静岡県都市計画基礎調査（下田市）,https://opendata.pref.shizuoka.jp/dataset/9929.html,,96015,05_都市施設.zip,ZIP,,都市施設,archive,strict,https://opendata.pref.shizuoka.jp/fs/9/6/0/1/5/_/05_____.zip
shizuoka-pref,静岡県オープンデータ（ふじのくにオープンデータカタログ）,静岡県オープンデータ,1e3ac812-ad16-47b4-833b-a7b5a2f1a334,静岡県都市計画基礎調査（下田市）,https://opendata.pref.shizuoka.jp/dataset/9929.html,,96016,06_地価.zip,ZIP,,地価,archive,strict,https://opendata.pref.shizuoka.jp/fs/9/6/0/1/6/_/06___.zip
shizuoka-pref,静岡県オープンデータ（ふじのくにオープンデータカタログ）,静岡県オープンデータ,1e3ac812-ad16-47b4-833b-a7b5a2f1a334,静岡県都市計画基礎調査（下田市）,https://opendata.pref.shizuoka.jp/dataset/9929.html,,96017,07_自然環境.zip,ZIP,,自然環境,archive,strict,https://opendata.pref.shizuoka.jp/fs/9/6/0/1/7/_/07_____.zip
shizuoka-pref,静岡県オープンデータ（ふじのくにオープンデータカタログ）,静岡県オープンデータ,1e3ac812-ad16-47b4-833b-a7b5a2f1a334,静岡県都市計画基礎調査（下田市）,https://opendata.pref.shizuoka.jp/dataset/9929.html,,96018,08_公害および災害.zip,ZIP,,災害,archive,strict,https://opendata.pref.shizuoka.jp/fs/9/6/0/1/8/_/08________.zip
shizuoka-pref,静岡県オープンデータ（ふじのくにオープンデータカタログ）,静岡県オープンデータ,1e3ac812-ad16-47b4-833b-a7b5a2f1a334,静岡県都市計画基礎調査（下田市）,https://opendata.pref.shizuoka.jp/dataset/9929.html,,96019,09_観光・景観・歴史.zip,ZIP,,景観,archive,strict,https://opendata.pref.shizuoka.jp/fs/9/6/0/1/9/_/09_________.zip
shizuoka-pref,静岡県オープンデータ（ふじのくにオープンデータカタログ）,静岡県オープンデータ,db25fe69-3514-4706-a1f6-f79ea6ebe600,静岡県都市計画基礎調査（河津町）,https://opendata.pref.shizuoka.jp/dataset/9930.html,,849685,静岡県都市計画基礎調査（河津町）,HTML,,,document,strict,https://www.geospatial.jp/ckan/dataset/tosikeikaku202306kawazu
shizuoka-pref,静岡県オープンデータ（ふじのくにオープンデータカタログ）,静岡県オープンデータ,db25fe69-3514-4706-a1f6-f79ea6ebe600,静岡県都市計画基礎調査（河津町）,https://opendata.pref.shizuoka.jp/dataset/9930.html,,96020,01_人口.zip,ZIP,,人口,archive,strict,https://opendata.pref.shizuoka.jp/fs/9/6/0/2/0/_/01___.zip
shizuoka-pref,静岡県オープンデータ（ふじのくにオープンデータカタログ）,静岡県オープンデータ,db25fe69-3514-4706-a1f6-f79ea6ebe600,静岡県都市計画基礎調査（河津町）,https://opendata.pref.shizuoka.jp/dataset/9930.html,,96021,02_産業.zip,ZIP,,産業,archive,strict,https://opendata.pref.shizuoka.jp/fs/9/6/0/2/1/_/02___.zip
shizuoka-pref,静岡県オープンデータ（ふじのくにオープンデータカタログ）,静岡県オープンデータ,db25fe69-3514-4706-a1f6-f79ea6ebe600,静岡県都市計画基礎調査（河津町）,https://opendata.pref.shizuoka.jp/dataset/9930.html,,96022,03_土地利用.zip,ZIP,,土地利用,archive,strict,https://opendata.pref.shizuoka.jp/fs/9/6/0/2/2/_/03_____.zip
shizuoka-pref,静岡県オープンデータ（ふじのくにオープンデータカタログ）,静岡県オープンデータ,db25fe69-3514-4706-a1f6-f79ea6ebe600,静岡県都市計画基礎調査（河津町）,https://opendata.pref.shizuoka.jp/dataset/9930.html,,96023,04_建物（建物利用現況は市町が調査）.zip,ZIP,,建物,archive,strict,https://opendata.pref.shizuoka.jp/fs/9/6/0/2/3/_/04_________________.zip
shizuoka-pref,静岡県オープンデータ（ふじのくにオープンデータカタログ）,静岡県オープンデータ,db25fe69-3514-4706-a1f6-f79ea6ebe600,静岡県都市計画基礎調査（河津町）,https://opendata.pref.shizuoka.jp/dataset/9930.html,,96024,05_都市施設.zip,ZIP,,都市施設,archive,strict,https://opendata.pref.shizuoka.jp/fs/9/6/0/2/4/_/05_____.zip
shizuoka-pref,静岡県オープンデータ（ふじのくにオープンデータカタログ）,静岡県オープンデータ,db25fe69-3514-4706-a1f6-f79ea6ebe600,静岡県都市計画基礎調査（河津町）,https://opendata.pref.shizuoka.jp/dataset/9930.html,,96025,06_地価.zip,ZIP,,地価,archive,strict,https://opendata.pref.shizuoka.jp/fs/9/6/0/2/5/_/06___.zip
shizuoka-pref,静岡県オープンデータ（ふじのくにオープンデータカタログ）,静岡県オープンデータ,db25fe69-3514-4706-a1f6-f79ea6ebe600,静岡県都市計画基礎調査（河津町）,https://opendata.pref.shizuoka.jp/dataset/9930.html,,96026,07_自然環境.zip,ZIP,,自然環境,archive,strict,https://opendata.pref.shizuoka.jp/fs/9/6/0/2/6/_/07_____.zip
shizuoka-pref,静岡県オープンデータ（ふじのくにオープンデータカタログ）,静岡県オープンデータ,db25fe69-3514-4706-a1f6-f79ea6ebe600,静岡県都市計画基礎調査（河津町）,https://opendata.pref.shizuoka.jp/dataset/9930.html,,96027,08_公害および災害.zip,ZIP,,災害,archive,strict,https://opendata.pref.shizuoka.jp/fs/9/6/0/2/7/_/08________.zip
shizuoka-pref,静岡県オープンデータ（ふじのくにオープンデータカタログ）,静岡県オープンデータ,db25fe69-3514-4706-a1f6-f79ea6ebe600,静岡県都市計画基礎調査（河津町）,https://opendata.pref.shizuoka.jp/dataset/9930.html,,96028,09_観光・景観・歴史.zip,ZIP,,景観,archive,strict,https://opendata.pref.shizuoka.jp/fs/9/6/0/2/8/_/09_________.zip
shizuoka-pref,静岡県オープンデータ（ふじのくにオープンデータカタログ）,静岡県オープンデータ,96f3bc50-1968-4ab2-b412-c1b3382faaf5,静岡県都市計画基礎調査（伊東市）,https://opendata.pref.shizuoka.jp/dataset/9931.html,,96029,00_共通.zip,ZIP,,,archive,strict,https://opendata.pref.shizuoka.jp/fs/9/6/0/2/9/_/00___.zip
shizuoka-pref,静岡県オープンデータ（ふじのくにオープンデータカタログ）,静岡県オープンデータ,96f3bc50-1968-4ab2-b412-c1b3382faaf5,静岡県都市計画基礎調査（伊東市）,https://opendata.pref.shizuoka.jp/dataset/9931.html,,96030,01_人口.zip,ZIP,,人口,archive,strict,https://opendata.pref.shizuoka.jp/fs/9/6/0/3/0/_/01___.zip
shizuoka-pref,静岡県オープンデータ（ふじのくにオープンデータカタログ）,静岡県オープンデータ,96f3bc50-1968-4ab2-b412-c1b3382faaf5,静岡県都市計画基礎調査（伊東市）,https://opendata.pref.shizuoka.jp/dataset/9931.html,,96031,02_産業.zip,ZIP,,産業,archive,strict,https://opendata.pref.shizuoka.jp/fs/9/6/0/3/1/_/02___.zip
shizuoka-pref,静岡県オープンデータ（ふじのくにオープンデータカタログ）,静岡県オープンデータ,96f3bc50-1968-4ab2-b412-c1b3382faaf5,静岡県都市計画基礎調査（伊東市）,https://opendata.pref.shizuoka.jp/dataset/9931.html,,849684,03_土地利用.zip,HTML,,土地利用,document,strict,https://www.geospatial.jp/ckan/dataset/tosikeikaku202306itou
shizuoka-pref,静岡県オープンデータ（ふじのくにオープンデータカタログ）,静岡県オープンデータ,96f3bc50-1968-4ab2-b412-c1b3382faaf5,静岡県都市計画基礎調査（伊東市）,https://opendata.pref.shizuoka.jp/dataset/9931.html,,96032,04_建物（建物利用現況は市町が調査）.zip,ZIP,,建物,archive,strict,https://opendata.pref.shizuoka.jp/fs/9/6/0/3/2/_/04_________________.zip
shizuoka-pref,静岡県オープンデータ（ふじのくにオープンデータカタログ）,静岡県オープンデータ,96f3bc50-1968-4ab2-b412-c1b3382faaf5,静岡県都市計画基礎調査（伊東市）,https://opendata.pref.shizuoka.jp/dataset/9931.html,,96033,05_都市施設.zip,ZIP,,都市施設,archive,strict,https://opendata.pref.shizuoka.jp/fs/9/6/0/3/3/_/05_____.zip
shizuoka-pref,静岡県オープンデータ（ふじのくにオープンデータカタログ）,静岡県オープンデータ,96f3bc50-1968-4ab2-b412-c1b3382faaf5,静岡県都市計画基礎調査（伊東市）,https://opendata.pref.shizuoka.jp/dataset/9931.html,,96034,06_地価.zip,ZIP,,地価,archive,strict,https://opendata.pref.shizuoka.jp/fs/9/6/0/3/4/_/06___.zip
shizuoka-pref,静岡県オープンデータ（ふじのくにオープンデータカタログ）,静岡県オープンデータ,96f3bc50-1968-4ab2-b412-c1b3382faaf5,静岡県都市計画基礎調査（伊東市）,https://opendata.pref.shizuoka.jp/dataset/9931.html,,96035,07_自然環境.zip,ZIP,,自然環境,archive,strict,https://opendata.pref.shizuoka.jp/fs/9/6/0/3/5/_/07_____.zip
shizuoka-pref,静岡県オープンデータ（ふじのくにオープンデータカタログ）,静岡県オープンデータ,96f3bc50-1968-4ab2-b412-c1b3382faaf5,静岡県都市計画基礎調査（伊東市）,https://opendata.pref.shizuoka.jp/dataset/9931.html,,96036,08_公害および災害.zip,ZIP,,災害,archive,strict,https://opendata.pref.shizuoka.jp/fs/9/6/0/3/6/_/08________.zip
shizuoka-pref,静岡県オープンデータ（ふじのくにオープンデータカタログ）,静岡県オープンデータ,96f3bc50-1968-4ab2-b412-c1b3382faaf5,静岡県都市計画基礎調査（伊東市）,https://opendata.pref.shizuoka.jp/dataset/9931.html,,96037,09_観光・景観・歴史.zip,ZIP,,景観,archive,strict,https://opendata.pref.shizuoka.jp/fs/9/6/0/3/7/_/09_________.zip
shizuoka-pref,静岡県オープンデータ（ふじのくにオープンデータカタログ）,静岡県オープンデータ,96f3bc50-1968-4ab2-b412-c1b3382faaf5,静岡県都市計画基礎調査（伊東市）,https://opendata.pref.shizuoka.jp/dataset/9931.html,,849683,静岡県都市計画基礎調査（伊東市）,HTML,,,document,strict,https://www.geospatial.jp/ckan/dataset/tosikeikaku202306itou
shizuoka-pref,静岡県オープンデータ（ふじのくにオープンデータカタログ）,静岡県オープンデータ,1cc466b6-22e6-4bef-aa70-b5534cd4b431,静岡県都市計画基礎調査（伊豆市）,https://opendata.pref.shizuoka.jp/dataset/9932.html,,849680,静岡県都市計画基礎調査（伊豆市）,HTML,,,document,strict,https://www.geospatial.jp/ckan/dataset/tosikeikaku202306izu
shizuoka-pref,静岡県オープンデータ（ふじのくにオープンデータカタログ）,静岡県オープンデータ,1cc466b6-22e6-4bef-aa70-b5534cd4b431,静岡県都市計画基礎調査（伊豆市）,https://opendata.pref.shizuoka.jp/dataset/9932.html,,849681,01_人口.zip,HTML,,人口,document,strict,https://www.geospatial.jp/ckan/dataset/tosikeikaku202306izu
shizuoka-pref,静岡県オープンデータ（ふじのくにオープンデータカタログ）,静岡県オープンデータ,1cc466b6-22e6-4bef-aa70-b5534cd4b431,静岡県都市計画基礎調査（伊豆市）,https://opendata.pref.shizuoka.jp/dataset/9932.html,,96040,02_産業.zip,ZIP,,産業,archive,strict,https://opendata.pref.shizuoka.jp/fs/9/6/0/4/0/_/02___.zip
shizuoka-pref,静岡県オープンデータ（ふじのくにオープンデータカタログ）,静岡県オープンデータ,1cc466b6-22e6-4bef-aa70-b5534cd4b431,静岡県都市計画基礎調査（伊豆市）,https://opendata.pref.shizuoka.jp/dataset/9932.html,,849682,03_土地利用.zip,HTML,,土地利用,document,strict,https://www.geospatial.jp/ckan/dataset/tosikeikaku202306izu
shizuoka-pref,静岡県オープンデータ（ふじのくにオープンデータカタログ）,静岡県オープンデータ,1cc466b6-22e6-4bef-aa70-b5534cd4b431,静岡県都市計画基礎調査（伊豆市）,https://opendata.pref.shizuoka.jp/dataset/9932.html,,96041,04_建物（建物利用現況は市町が調査）.zip,ZIP,,建物,archive,strict,https://opendata.pref.shizuoka.jp/fs/9/6/0/4/1/_/04_________________.zip
shizuoka-pref,静岡県オープンデータ（ふじのくにオープンデータカタログ）,静岡県オープンデータ,1cc466b6-22e6-4bef-aa70-b5534cd4b431,静岡県都市計画基礎調査（伊豆市）,https://opendata.pref.shizuoka.jp/dataset/9932.html,,96042,05_都市施設.zip,ZIP,,都市施設,archive,strict,https://opendata.pref.shizuoka.jp/fs/9/6/0/4/2/_/05_____.zip
shizuoka-pref,静岡県オープンデータ（ふじのくにオープンデータカタログ）,静岡県オープンデータ,1cc466b6-22e6-4bef-aa70-b5534cd4b431,静岡県都市計画基礎調査（伊豆市）,https://opendata.pref.shizuoka.jp/dataset/9932.html,,96043,06_地価.zip,ZIP,,地価,archive,strict,https://opendata.pref.shizuoka.jp/fs/9/6/0/4/3/_/06___.zip
shizuoka-pref,静岡県オープンデータ（ふじのくにオープンデータカタログ）,静岡県オープンデータ,1cc466b6-22e6-4bef-aa70-b5534cd4b431,静岡県都市計画基礎調査（伊豆市）,https://opendata.pref.shizuoka.jp/dataset/9932.html,,96044,07_自然環境.zip,ZIP,,自然環境,archive,strict,https://opendata.pref.shizuoka.jp/fs/9/6/0/4/4/_/07_____.zip
shizuoka-pref,静岡県オープンデータ（ふじのくにオープンデータカタログ）,静岡県オープンデータ,1cc466b6-22e6-4bef-aa70-b5534cd4b431,静岡県都市計画基礎調査（伊豆市）,https://opendata.pref.shizuoka.jp/dataset/9932.html,,96045,08_公害および災害.zip,ZIP,,災害,archive,strict,https://opendata.pref.shizuoka.jp/fs/9/6/0/4/5/_/08________.zip
shizuoka-pref,静岡県オープンデータ（ふじのくにオープンデータカタログ）,静岡県オープンデータ,1cc466b6-22e6-4bef-aa70-b5534cd4b431,静岡県都市計画基礎調査（伊豆市）,https://opendata.pref.shizuoka.jp/dataset/9932.html,,96046,09_観光・景観・歴史.zip,ZIP,,景観,archive,strict,https://opendata.pref.shizuoka.jp/fs/9/6/0/4/6/_/09_________.zip
shizuoka-pref,静岡県オープンデータ（ふじのくにオープンデータカタログ）,静岡県オープンデータ,1ee6527b-ca30-4e88-8c04-1100e07e59f1,静岡県都市計画基礎調査（伊豆の国市）,https://opendata.pref.shizuoka.jp/dataset/9933.html,,849717,静岡県都市計画基礎調査（伊豆の国市）,HTML,,,document,strict,https://www.geospatial.jp/ckan/dataset/tosikeikaku202306izunokuni
shizuoka-pref,静岡県オープンデータ（ふじのくにオープンデータカタログ）,静岡県オープンデータ,1ee6527b-ca30-4e88-8c04-1100e07e59f1,静岡県都市計画基礎調査（伊豆の国市）,https://opendata.pref.shizuoka.jp/dataset/9933.html,,96048,01_人口.zip,ZIP,,人口,archive,strict,https://opendata.pref.shizuoka.jp/fs/9/6/0/4/8/_/01___.zip
shizuoka-pref,静岡県オープンデータ（ふじのくにオープンデータカタログ）,静岡県オープンデータ,1ee6527b-ca30-4e88-8c04-1100e07e59f1,静岡県都市計画基礎調査（伊豆の国市）,https://opendata.pref.shizuoka.jp/dataset/9933.html,,96049,02_産業.zip,ZIP,,産業,archive,strict,https://opendata.pref.shizuoka.jp/fs/9/6/0/4/9/_/02___.zip
shizuoka-pref,静岡県オープンデータ（ふじのくにオープンデータカタログ）,静岡県オープンデータ,1ee6527b-ca30-4e88-8c04-1100e07e59f1,静岡県都市計画基礎調査（伊豆の国市）,https://opendata.pref.shizuoka.jp/dataset/9933.html,,849718,03_土地利用.zip,HTML,,土地利用,document,strict,https://www.geospatial.jp/ckan/dataset/tosikeikaku202306izunokuni
shizuoka-pref,静岡県オープンデータ（ふじのくにオープンデータカタログ）,静岡県オープンデータ,1ee6527b-ca30-4e88-8c04-1100e07e59f1,静岡県都市計画基礎調査（伊豆の国市）,https://opendata.pref.shizuoka.jp/dataset/9933.html,,96050,04_建物（建物利用現況は市町が調査）.zip,ZIP,,建物,archive,strict,https://opendata.pref.shizuoka.jp/fs/9/6/0/5/0/_/04_________________.zip
shizuoka-pref,静岡県オープンデータ（ふじのくにオープンデータカタログ）,静岡県オープンデータ,1ee6527b-ca30-4e88-8c04-1100e07e59f1,静岡県都市計画基礎調査（伊豆の国市）,https://opendata.pref.shizuoka.jp/dataset/9933.html,,96051,05_都市施設.zip,ZIP,,都市施設,archive,strict,https://opendata.pref.shizuoka.jp/fs/9/6/0/5/1/_/05_____.zip
shizuoka-pref,静岡県オープンデータ（ふじのくにオープンデータカタログ）,静岡県オープンデータ,1ee6527b-ca30-4e88-8c04-1100e07e59f1,静岡県都市計画基礎調査（伊豆の国市）,https://opendata.pref.shizuoka.jp/dataset/9933.html,,96052,06_地価.zip,ZIP,,地価,archive,strict,https://opendata.pref.shizuoka.jp/fs/9/6/0/5/2/_/06___.zip
shizuoka-pref,静岡県オープンデータ（ふじのくにオープンデータカタログ）,静岡県オープンデータ,1ee6527b-ca30-4e88-8c04-1100e07e59f1,静岡県都市計画基礎調査（伊豆の国市）,https://opendata.pref.shizuoka.jp/dataset/9933.html,,96053,07_自然環境.zip,ZIP,,自然環境,archive,strict,https://opendata.pref.shizuoka.jp/fs/9/6/0/5/3/_/07_____.zip
shizuoka-pref,静岡県オープンデータ（ふじのくにオープンデータカタログ）,静岡県オープンデータ,1ee6527b-ca30-4e88-8c04-1100e07e59f1,静岡県都市計画基礎調査（伊豆の国市）,https://opendata.pref.shizuoka.jp/dataset/9933.html,,96054,08_公害および災害.zip,ZIP,,災害,archive,strict,https://opendata.pref.shizuoka.jp/fs/9/6/0/5/4/_/08________.zip
shizuoka-pref,静岡県オープンデータ（ふじのくにオープンデータカタログ）,静岡県オープンデータ,1ee6527b-ca30-4e88-8c04-1100e07e59f1,静岡県都市計画基礎調査（伊豆の国市）,https://opendata.pref.shizuoka.jp/dataset/9933.html,,96055,09_観光・景観・歴史.zip,ZIP,,景観,archive,strict,https://opendata.pref.shizuoka.jp/fs/9/6/0/5/5/_/09_________.zip
shizuoka-pref,静岡県オープンデータ（ふじのくにオープンデータカタログ）,静岡県オープンデータ,1fdccb55-dafe-4801-bc14-8ea2a5825bcb,静岡県都市計画基礎調査（函南町）,https://opendata.pref.shizuoka.jp/dataset/9934.html,,849719,静岡県都市計画基礎調査（函南町）,HTML,,,document,strict,https://www.geospatial.jp/ckan/dataset/tosikeikaku202306kannami
shizuoka-pref,静岡県オープンデータ（ふじのくにオープンデータカタログ）,静岡県オープンデータ,1fdccb55-dafe-4801-bc14-8ea2a5825bcb,静岡県都市計画基礎調査（函南町）,https://opendata.pref.shizuoka.jp/dataset/9934.html,,96058,01_人口.zip,ZIP,,人口,archive,strict,https://opendata.pref.shizuoka.jp/fs/9/6/0/5/8/_/01___.zip
shizuoka-pref,静岡県オープンデータ（ふじのくにオープンデータカタログ）,静岡県オープンデータ,1fdccb55-dafe-4801-bc14-8ea2a5825bcb,静岡県都市計画基礎調査（函南町）,https://opendata.pref.shizuoka.jp/dataset/9934.html,,96059,02_産業.zip,ZIP,,産業,archive,strict,https://opendata.pref.shizuoka.jp/fs/9/6/0/5/9/_/02___.zip
shizuoka-pref,静岡県オープンデータ（ふじのくにオープンデータカタログ）,静岡県オープンデータ,1fdccb55-dafe-4801-bc14-8ea2a5825bcb,静岡県都市計画基礎調査（函南町）,https://opendata.pref.shizuoka.jp/dataset/9934.html,,849720,03_土地利用.zip,HTML,,土地利用,document,strict,https://www.geospatial.jp/ckan/dataset/tosikeikaku202306kannami
shizuoka-pref,静岡県オープンデータ（ふじのくにオープンデータカタログ）,静岡県オープンデータ,1fdccb55-dafe-4801-bc14-8ea2a5825bcb,静岡県都市計画基礎調査（函南町）,https://opendata.pref.shizuoka.jp/dataset/9934.html,,96060,04_建物（建物利用現況は市町が調査）.zip,ZIP,,建物,archive,strict,https://opendata.pref.shizuoka.jp/fs/9/6/0/6/0/_/04_________________.zip
shizuoka-pref,静岡県オープンデータ（ふじのくにオープンデータカタログ）,静岡県オープンデータ,1fdccb55-dafe-4801-bc14-8ea2a5825bcb,静岡県都市計画基礎調査（函南町）,https://opendata.pref.shizuoka.jp/dataset/9934.html,,96061,05_都市施設.zip,ZIP,,都市施設,archive,strict,https://opendata.pref.shizuoka.jp/fs/9/6/0/6/1/_/05_____.zip
shizuoka-pref,静岡県オープンデータ（ふじのくにオープンデータカタログ）,静岡県オープンデータ,1fdccb55-dafe-4801-bc14-8ea2a5825bcb,静岡県都市計画基礎調査（函南町）,https://opendata.pref.shizuoka.jp/dataset/9934.html,,96062,06_地価.zip,ZIP,,地価,archive,strict,https://opendata.pref.shizuoka.jp/fs/9/6/0/6/2/_/06___.zip
shizuoka-pref,静岡県オープンデータ（ふじのくにオープンデータカタログ）,静岡県オープンデータ,1fdccb55-dafe-4801-bc14-8ea2a5825bcb,静岡県都市計画基礎調査（函南町）,https://opendata.pref.shizuoka.jp/dataset/9934.html,,96063,07_自然環境.zip,ZIP,,自然環境,archive,strict,https://opendata.pref.shizuoka.jp/fs/9/6/0/6/3/_/07_____.zip
shizuoka-pref,静岡県オープンデータ（ふじのくにオープンデータカタログ）,静岡県オープンデータ,1fdccb55-dafe-4801-bc14-8ea2a5825bcb,静岡県都市計画基礎調査（函南町）,https://opendata.pref.shizuoka.jp/dataset/9934.html,,96064,08_公害および災害.zip,ZIP,,災害,archive,strict,https://opendata.pref.shizuoka.jp/fs/9/6/0/6/4/_/08________.zip
shizuoka-pref,静岡県オープンデータ（ふじのくにオープンデータカタログ）,静岡県オープンデータ,1fdccb55-dafe-4801-bc14-8ea2a5825bcb,静岡県都市計画基礎調査（函南町）,https://opendata.pref.shizuoka.jp/dataset/9934.html,,96065,09_観光・景観・歴史.zip,ZIP,,景観,archive,strict,https://opendata.pref.shizuoka.jp/fs/9/6/0/6/5/_/09_________.zip
shizuoka-pref,静岡県オープンデータ（ふじのくにオープンデータカタログ）,静岡県オープンデータ,bdcdf118-061d-4449-9f81-6c4e463905d6,静岡県都市計画基礎調査（御殿場市）,https://opendata.pref.shizuoka.jp/dataset/9935.html,,96066,00_共通.zip,ZIP,,,archive,strict,https://opendata.pref.shizuoka.jp/fs/9/6/0/6/6/_/00___.zip
shizuoka-pref,静岡県オープンデータ（ふじのくにオープンデータカタログ）,静岡県オープンデータ,bdcdf118-061d-4449-9f81-6c4e463905d6,静岡県都市計画基礎調査（御殿場市）,https://opendata.pref.shizuoka.jp/dataset/9935.html,,96067,01_人口.zip,ZIP,,人口,archive,strict,https://opendata.pref.shizuoka.jp/fs/9/6/0/6/7/_/01___.zip
shizuoka-pref,静岡県オープンデータ（ふじのくにオープンデータカタログ）,静岡県オープンデータ,bdcdf118-061d-4449-9f81-6c4e463905d6,静岡県都市計画基礎調査（御殿場市）,https://opendata.pref.shizuoka.jp/dataset/9935.html,,96068,02_産業.zip,ZIP,,産業,archive,strict,https://opendata.pref.shizuoka.jp/fs/9/6/0/6/8/_/02___.zip
shizuoka-pref,静岡県オープンデータ（ふじのくにオープンデータカタログ）,静岡県オープンデータ,bdcdf118-061d-4449-9f81-6c4e463905d6,静岡県都市計画基礎調査（御殿場市）,https://opendata.pref.shizuoka.jp/dataset/9935.html,,849722,03_土地利用.zip,HTML,,土地利用,document,strict,https://www.geospatial.jp/ckan/dataset/tosikeikaku202306gotemba
shizuoka-pref,静岡県オープンデータ（ふじのくにオープンデータカタログ）,静岡県オープンデータ,bdcdf118-061d-4449-9f81-6c4e463905d6,静岡県都市計画基礎調査（御殿場市）,https://opendata.pref.shizuoka.jp/dataset/9935.html,,96069,04_建物（建物利用現況は市町が調査）.zip,ZIP,,建物,archive,strict,https://opendata.pref.shizuoka.jp/fs/9/6/0/6/9/_/04_________________.zip
shizuoka-pref,静岡県オープンデータ（ふじのくにオープンデータカタログ）,静岡県オープンデータ,bdcdf118-061d-4449-9f81-6c4e463905d6,静岡県都市計画基礎調査（御殿場市）,https://opendata.pref.shizuoka.jp/dataset/9935.html,,96070,05_都市施設.zip,ZIP,,都市施設,archive,strict,https://opendata.pref.shizuoka.jp/fs/9/6/0/7/0/_/05_____.zip
shizuoka-pref,静岡県オープンデータ（ふじのくにオープンデータカタログ）,静岡県オープンデータ,bdcdf118-061d-4449-9f81-6c4e463905d6,静岡県都市計画基礎調査（御殿場市）,https://opendata.pref.shizuoka.jp/dataset/9935.html,,96071,06_地価.zip,ZIP,,地価,archive,strict,https://opendata.pref.shizuoka.jp/fs/9/6/0/7/1/_/06___.zip
shizuoka-pref,静岡県オープンデータ（ふじのくにオープンデータカタログ）,静岡県オープンデータ,bdcdf118-061d-4449-9f81-6c4e463905d6,静岡県都市計画基礎調査（御殿場市）,https://opendata.pref.shizuoka.jp/dataset/9935.html,,96072,07_自然環境.zip,ZIP,,自然環境,archive,strict,https://opendata.pref.shizuoka.jp/fs/9/6/0/7/2/_/07_____.zip
shizuoka-pref,静岡県オープンデータ（ふじのくにオープンデータカタログ）,静岡県オープンデータ,bdcdf118-061d-4449-9f81-6c4e463905d6,静岡県都市計画基礎調査（御殿場市）,https://opendata.pref.shizuoka.jp/dataset/9935.html,,96073,08_公害および災害.zip,ZIP,,災害,archive,strict,https://opendata.pref.shizuoka.jp/fs/9/6/0/7/3/_/08________.zip
shizuoka-pref,静岡県オープンデータ（ふじのくにオープンデータカタログ）,静岡県オープンデータ,bdcdf118-061d-4449-9f81-6c4e463905d6,静岡県都市計画基礎調査（御殿場市）,https://opendata.pref.shizuoka.jp/dataset/9935.html,,96074,09_観光・景観・歴史.zip,ZIP,,景観,archive,strict,https://opendata.pref.shizuoka.jp/fs/9/6/0/7/4/_/09_________.zip
shizuoka-pref,静岡県オープンデータ（ふじのくにオープンデータカタログ）,静岡県オープンデータ,bdcdf118-061d-4449-9f81-6c4e463905d6,静岡県都市計画基礎調査（御殿場市）,https://opendata.pref.shizuoka.jp/dataset/9935.html,,849721,静岡県都市計画基礎調査（御殿場市）,HTML,,,document,strict,https://www.geospatial.jp/ckan/dataset/tosikeikaku202306gotemba
shizuoka-pref,静岡県オープンデータ（ふじのくにオープンデータカタログ）,静岡県オープンデータ,a4a55680-4f37-4f21-85f3-52b5e3088391,静岡県都市計画基礎調査（小山町）,https://opendata.pref.shizuoka.jp/dataset/9936.html,,96076,00_共通.zip,ZIP,,,archive,strict,https://opendata.pref.shizuoka.jp/fs/9/6/0/7/6/_/00___.zip
shizuoka-pref,静岡県オープンデータ（ふじのくにオープンデータカタログ）,静岡県オープンデータ,a4a55680-4f37-4f21-85f3-52b5e3088391,静岡県都市計画基礎調査（小山町）,https://opendata.pref.shizuoka.jp/dataset/9936.html,,96077,01_人口.zip,ZIP,,人口,archive,strict,https://opendata.pref.shizuoka.jp/fs/9/6/0/7/7/_/01___.zip
shizuoka-pref,静岡県オープンデータ（ふじのくにオープンデータカタログ）,静岡県オープンデータ,a4a55680-4f37-4f21-85f3-52b5e3088391,静岡県都市計画基礎調査（小山町）,https://opendata.pref.shizuoka.jp/dataset/9936.html,,96078,02_産業.zip,ZIP,,産業,archive,strict,https://opendata.pref.shizuoka.jp/fs/9/6/0/7/8/_/02___.zip
shizuoka-pref,静岡県オープンデータ（ふじのくにオープンデータカタログ）,静岡県オープンデータ,a4a55680-4f37-4f21-85f3-52b5e3088391,静岡県都市計画基礎調査（小山町）,https://opendata.pref.shizuoka.jp/dataset/9936.html,,849724,03_土地利用.zip,HTML,,土地利用,document,strict,https://www.geospatial.jp/ckan/dataset/tosikeikaku202306oyama
shizuoka-pref,静岡県オープンデータ（ふじのくにオープンデータカタログ）,静岡県オープンデータ,a4a55680-4f37-4f21-85f3-52b5e3088391,静岡県都市計画基礎調査（小山町）,https://opendata.pref.shizuoka.jp/dataset/9936.html,,96079,04_建物（建物利用現況は市町が調査）.zip,ZIP,,建物,archive,strict,https://opendata.pref.shizuoka.jp/fs/9/6/0/7/9/_/04_________________.zip
shizuoka-pref,静岡県オープンデータ（ふじのくにオープンデータカタログ）,静岡県オープンデータ,a4a55680-4f37-4f21-85f3-52b5e3088391,静岡県都市計画基礎調査（小山町）,https://opendata.pref.shizuoka.jp/dataset/9936.html,,96080,05_都市施設.zip,ZIP,,都市施設,archive,strict,https://opendata.pref.shizuoka.jp/fs/9/6/0/8/0/_/05_____.zip
shizuoka-pref,静岡県オープンデータ（ふじのくにオープンデータカタログ）,静岡県オープンデータ,a4a55680-4f37-4f21-85f3-52b5e3088391,静岡県都市計画基礎調査（小山町）,https://opendata.pref.shizuoka.jp/dataset/9936.html,,96081,06_地価.zip,ZIP,,地価,archive,strict,https://opendata.pref.shizuoka.jp/fs/9/6/0/8/1/_/06___.zip
shizuoka-pref,静岡県オープンデータ（ふじのくにオープンデータカタログ）,静岡県オープンデータ,a4a55680-4f37-4f21-85f3-52b5e3088391,静岡県都市計画基礎調査（小山町）,https://opendata.pref.shizuoka.jp/dataset/9936.html,,96082,07_自然環境.zip,ZIP,,自然環境,archive,strict,https://opendata.pref.shizuoka.jp/fs/9/6/0/8/2/_/07_____.zip
shizuoka-pref,静岡県オープンデータ（ふじのくにオープンデータカタログ）,静岡県オープンデータ,a4a55680-4f37-4f21-85f3-52b5e3088391,静岡県都市計画基礎調査（小山町）,https://opendata.pref.shizuoka.jp/dataset/9936.html,,96083,08_公害および災害.zip,ZIP,,災害,archive,strict,https://opendata.pref.shizuoka.jp/fs/9/6/0/8/3/_/08________.zip
shizuoka-pref,静岡県オープンデータ（ふじのくにオープンデータカタログ）,静岡県オープンデータ,a4a55680-4f37-4f21-85f3-52b5e3088391,静岡県都市計画基礎調査（小山町）,https://opendata.pref.shizuoka.jp/dataset/9936.html,,96084,09_観光・景観・歴史.zip,ZIP,,景観,archive,strict,https://opendata.pref.shizuoka.jp/fs/9/6/0/8/4/_/09_________.zip
shizuoka-pref,静岡県オープンデータ（ふじのくにオープンデータカタログ）,静岡県オープンデータ,a4a55680-4f37-4f21-85f3-52b5e3088391,静岡県都市計画基礎調査（小山町）,https://opendata.pref.shizuoka.jp/dataset/9936.html,,849723,静岡県都市計画基礎調査（小山町）,HTML,,,document,strict,https://www.geospatial.jp/ckan/dataset/tosikeikaku202306oyama
shizuoka-pref,静岡県オープンデータ（ふじのくにオープンデータカタログ）,静岡県オープンデータ,cb9d3fc6-9590-48b1-95cc-b6d6f67f2007,静岡県都市計画基礎調査（三島市）,https://opendata.pref.shizuoka.jp/dataset/9937.html,,849725,静岡県都市計画基礎調査（三島市）,HTML,,,document,strict,https://www.geospatial.jp/ckan/dataset/tosikeikaku202306mishima
shizuoka-pref,静岡県オープンデータ（ふじのくにオープンデータカタログ）,静岡県オープンデータ,cb9d3fc6-9590-48b1-95cc-b6d6f67f2007,静岡県都市計画基礎調査（三島市）,https://opendata.pref.shizuoka.jp/dataset/9937.html,,96087,01_人口.zip,ZIP,,人口,archive,strict,https://opendata.pref.shizuoka.jp/fs/9/6/0/8/7/_/01___.zip
shizuoka-pref,静岡県オープンデータ（ふじのくにオープンデータカタログ）,静岡県オープンデータ,cb9d3fc6-9590-48b1-95cc-b6d6f67f2007,静岡県都市計画基礎調査（三島市）,https://opendata.pref.shizuoka.jp/dataset/9937.html,,96088,02_産業.zip,ZIP,,産業,archive,strict,https://opendata.pref.shizuoka.jp/fs/9/6/0/8/8/_/02___.zip
shizuoka-pref,静岡県オープンデータ（ふじのくにオープンデータカタログ）,静岡県オープンデータ,cb9d3fc6-9590-48b1-95cc-b6d6f67f2007,静岡県都市計画基礎調査（三島市）,https://opendata.pref.shizuoka.jp/dataset/9937.html,,849726,03_土地利用.zip,HTML,,土地利用,document,strict,https://www.geospatial.jp/ckan/dataset/tosikeikaku202306mishima
shizuoka-pref,静岡県オープンデータ（ふじのくにオープンデータカタログ）,静岡県オープンデータ,cb9d3fc6-9590-48b1-95cc-b6d6f67f2007,静岡県都市計画基礎調査（三島市）,https://opendata.pref.shizuoka.jp/dataset/9937.html,,96089,04_建物（建物利用現況は市町が調査）.zip,ZIP,,建物,archive,strict,https://opendata.pref.shizuoka.jp/fs/9/6/0/8/9/_/04_________________.zip
shizuoka-pref,静岡県オープンデータ（ふじのくにオープンデータカタログ）,静岡県オープンデータ,cb9d3fc6-9590-48b1-95cc-b6d6f67f2007,静岡県都市計画基礎調査（三島市）,https://opendata.pref.shizuoka.jp/dataset/9937.html,,96090,05_都市施設.zip,ZIP,,都市施設,archive,strict,https://opendata.pref.shizuoka.jp/fs/9/6/0/9/0/_/05_____.zip
shizuoka-pref,静岡県オープンデータ（ふじのくにオープンデータカタログ）,静岡県オープンデータ,cb9d3fc6-9590-48b1-95cc-b6d6f67f2007,静岡県都市計画基礎調査（三島市）,https://opendata.pref.shizuoka.jp/dataset/9937.html,,96091,06_地価.zip,ZIP,,地価,archive,strict,https://opendata.pref.shizuoka.jp/fs/9/6/0/9/1/_/06___.zip
shizuoka-pref,静岡県オープンデータ（ふじのくにオープンデータカタログ）,静岡県オープンデータ,cb9d3fc6-9590-48b1-95cc-b6d6f67f2007,静岡県都市計画基礎調査（三島市）,https://opendata.pref.shizuoka.jp/dataset/9937.html,,96092,07_自然環境.zip,ZIP,,自然環境,archive,strict,https://opendata.pref.shizuoka.jp/fs/9/6/0/9/2/_/07_____.zip
shizuoka-pref,静岡県オープンデータ（ふじのくにオープンデータカタログ）,静岡県オープンデータ,cb9d3fc6-9590-48b1-95cc-b6d6f67f2007,静岡県都市計画基礎調査（三島市）,https://opendata.pref.shizuoka.jp/dataset/9937.html,,96093,08_公害および災害.zip,ZIP,,災害,archive,strict,https://opendata.pref.shizuoka.jp/fs/9/6/0/9/3/_/08________.zip
shizuoka-pref,静岡県オープンデータ（ふじのくにオープンデータカタログ）,静岡県オープンデータ,cb9d3fc6-9590-48b1-95cc-b6d6f67f2007,静岡県都市計画基礎調査（三島市）,https://opendata.pref.shizuoka.jp/dataset/9937.html,,96094,09_観光・景観・歴史.zip,ZIP,,景観,archive,strict,https://opendata.pref.shizuoka.jp/fs/9/6/0/9/4/_/09_________.zip
shizuoka-pref,静岡県オープンデータ（ふじのくにオープンデータカタログ）,静岡県オープンデータ,c9f79d5e-5906-4ac8-8de3-9bc4c53067dc,静岡県都市計画基礎調査（沼津市）,https://opendata.pref.shizuoka.jp/dataset/9938.html,,849727,静岡県都市計画基礎調査（沼津市）,HTML,,,document,strict,https://www.geospatial.jp/ckan/dataset/tosikeikaku202306numazu
shizuoka-pref,静岡県オープンデータ（ふじのくにオープンデータカタログ）,静岡県オープンデータ,c9f79d5e-5906-4ac8-8de3-9bc4c53067dc,静岡県都市計画基礎調査（沼津市）,https://opendata.pref.shizuoka.jp/dataset/9938.html,,849728,01_人口.zip,HTML,,人口,document,strict,https://www.geospatial.jp/ckan/dataset/tosikeikaku202306numazu
shizuoka-pref,静岡県オープンデータ（ふじのくにオープンデータカタログ）,静岡県オープンデータ,c9f79d5e-5906-4ac8-8de3-9bc4c53067dc,静岡県都市計画基礎調査（沼津市）,https://opendata.pref.shizuoka.jp/dataset/9938.html,,96154,02_産業.zip,ZIP,,産業,archive,strict,https://opendata.pref.shizuoka.jp/fs/9/6/1/5/4/_/02___.zip
shizuoka-pref,静岡県オープンデータ（ふじのくにオープンデータカタログ）,静岡県オープンデータ,c9f79d5e-5906-4ac8-8de3-9bc4c53067dc,静岡県都市計画基礎調査（沼津市）,https://opendata.pref.shizuoka.jp/dataset/9938.html,,849729,03_土地利用.zip,HTML,,土地利用,document,strict,https://www.geospatial.jp/ckan/dataset/tosikeikaku202306numazu
shizuoka-pref,静岡県オープンデータ（ふじのくにオープンデータカタログ）,静岡県オープンデータ,c9f79d5e-5906-4ac8-8de3-9bc4c53067dc,静岡県都市計画基礎調査（沼津市）,https://opendata.pref.shizuoka.jp/dataset/9938.html,,96155,04_建物（建物利用現況は市町が調査）.zip,ZIP,,建物,archive,strict,https://opendata.pref.shizuoka.jp/fs/9/6/1/5/5/_/04_________________.zip
shizuoka-pref,静岡県オープンデータ（ふじのくにオープンデータカタログ）,静岡県オープンデータ,c9f79d5e-5906-4ac8-8de3-9bc4c53067dc,静岡県都市計画基礎調査（沼津市）,https://opendata.pref.shizuoka.jp/dataset/9938.html,,849730,05_都市施設.zip,HTML,,都市施設,document,strict,https://www.geospatial.jp/ckan/dataset/tosikeikaku202306numazu
shizuoka-pref,静岡県オープンデータ（ふじのくにオープンデータカタログ）,静岡県オープンデータ,c9f79d5e-5906-4ac8-8de3-9bc4c53067dc,静岡県都市計画基礎調査（沼津市）,https://opendata.pref.shizuoka.jp/dataset/9938.html,,96156,06_地価.zip,ZIP,,地価,archive,strict,https://opendata.pref.shizuoka.jp/fs/9/6/1/5/6/_/06___.zip
shizuoka-pref,静岡県オープンデータ（ふじのくにオープンデータカタログ）,静岡県オープンデータ,c9f79d5e-5906-4ac8-8de3-9bc4c53067dc,静岡県都市計画基礎調査（沼津市）,https://opendata.pref.shizuoka.jp/dataset/9938.html,,849731,07_自然環境.zip,HTML,,自然環境,document,strict,https://www.geospatial.jp/ckan/dataset/tosikeikaku202306numazu
shizuoka-pref,静岡県オープンデータ（ふじのくにオープンデータカタログ）,静岡県オープンデータ,c9f79d5e-5906-4ac8-8de3-9bc4c53067dc,静岡県都市計画基礎調査（沼津市）,https://opendata.pref.shizuoka.jp/dataset/9938.html,,849732,08_公害および災害.zip,HTML,,災害,document,strict,https://www.geospatial.jp/ckan/dataset/tosikeikaku202306numazu
shizuoka-pref,静岡県オープンデータ（ふじのくにオープンデータカタログ）,静岡県オープンデータ,c9f79d5e-5906-4ac8-8de3-9bc4c53067dc,静岡県都市計画基礎調査（沼津市）,https://opendata.pref.shizuoka.jp/dataset/9938.html,,849733,08_公害および災害.zip,HTML,,災害,document,strict,https://www.geospatial.jp/ckan/dataset/tosikeikaku202306numazu
shizuoka-pref,静岡県オープンデータ（ふじのくにオープンデータカタログ）,静岡県オープンデータ,c9f79d5e-5906-4ac8-8de3-9bc4c53067dc,静岡県都市計画基礎調査（沼津市）,https://opendata.pref.shizuoka.jp/dataset/9938.html,,849734,09_観光・景観・歴史.zip,HTML,,景観,document,strict,https://www.geospatial.jp/ckan/dataset/tosikeikaku202306numazu
shizuoka-pref,静岡県オープンデータ（ふじのくにオープンデータカタログ）,静岡県オープンデータ,1d78170b-ac63-4131-bac2-cd51bd167810,静岡県都市計画基礎調査（長泉町）,https://opendata.pref.shizuoka.jp/dataset/9939.html,,849736,静岡県都市計画基礎調査（長泉町）,HTML,,,document,strict,https://www.geospatial.jp/ckan/dataset/tosikeikaku202306nagaizumi
shizuoka-pref,静岡県オープンデータ（ふじのくにオープンデータカタログ）,静岡県オープンデータ,1d78170b-ac63-4131-bac2-cd51bd167810,静岡県都市計画基礎調査（長泉町）,https://opendata.pref.shizuoka.jp/dataset/9939.html,,96158,01_人口.zip,ZIP,,人口,archive,strict,https://opendata.pref.shizuoka.jp/fs/9/6/1/5/8/_/01___.zip
shizuoka-pref,静岡県オープンデータ（ふじのくにオープンデータカタログ）,静岡県オープンデータ,1d78170b-ac63-4131-bac2-cd51bd167810,静岡県都市計画基礎調査（長泉町）,https://opendata.pref.shizuoka.jp/dataset/9939.html,,96159,02_産業.zip,ZIP,,産業,archive,strict,https://opendata.pref.shizuoka.jp/fs/9/6/1/5/9/_/02___.zip
shizuoka-pref,静岡県オープンデータ（ふじのくにオープンデータカタログ）,静岡県オープンデータ,1d78170b-ac63-4131-bac2-cd51bd167810,静岡県都市計画基礎調査（長泉町）,https://opendata.pref.shizuoka.jp/dataset/9939.html,,96160,03_土地利用.zip,ZIP,,土地利用,archive,strict,https://opendata.pref.shizuoka.jp/fs/9/6/1/6/0/_/03_____.zip
shizuoka-pref,静岡県オープンデータ（ふじのくにオープンデータカタログ）,静岡県オープンデータ,1d78170b-ac63-4131-bac2-cd51bd167810,静岡県都市計画基礎調査（長泉町）,https://opendata.pref.shizuoka.jp/dataset/9939.html,,96161,04_建物（建物利用現況は市町が調査）.zip,ZIP,,建物,archive,strict,https://opendata.pref.shizuoka.jp/fs/9/6/1/6/1/_/04_________________.zip
shizuoka-pref,静岡県オープンデータ（ふじのくにオープンデータカタログ）,静岡県オープンデータ,1d78170b-ac63-4131-bac2-cd51bd167810,静岡県都市計画基礎調査（長泉町）,https://opendata.pref.shizuoka.jp/dataset/9939.html,,96162,05_都市施設.zip,ZIP,,都市施設,archive,strict,https://opendata.pref.shizuoka.jp/fs/9/6/1/6/2/_/05_____.zip
shizuoka-pref,静岡県オープンデータ（ふじのくにオープンデータカタログ）,静岡県オープンデータ,1d78170b-ac63-4131-bac2-cd51bd167810,静岡県都市計画基礎調査（長泉町）,https://opendata.pref.shizuoka.jp/dataset/9939.html,,96163,06_地価.zip,ZIP,,地価,archive,strict,https://opendata.pref.shizuoka.jp/fs/9/6/1/6/3/_/06___.zip
shizuoka-pref,静岡県オープンデータ（ふじのくにオープンデータカタログ）,静岡県オープンデータ,1d78170b-ac63-4131-bac2-cd51bd167810,静岡県都市計画基礎調査（長泉町）,https://opendata.pref.shizuoka.jp/dataset/9939.html,,96164,07_自然環境.zip,ZIP,,自然環境,archive,strict,https://opendata.pref.shizuoka.jp/fs/9/6/1/6/4/_/07_____.zip
shizuoka-pref,静岡県オープンデータ（ふじのくにオープンデータカタログ）,静岡県オープンデータ,1d78170b-ac63-4131-bac2-cd51bd167810,静岡県都市計画基礎調査（長泉町）,https://opendata.pref.shizuoka.jp/dataset/9939.html,,96165,08_公害および災害.zip,ZIP,,災害,archive,strict,https://opendata.pref.shizuoka.jp/fs/9/6/1/6/5/_/08________.zip
shizuoka-pref,静岡県オープンデータ（ふじのくにオープンデータカタログ）,静岡県オープンデータ,1d78170b-ac63-4131-bac2-cd51bd167810,静岡県都市計画基礎調査（長泉町）,https://opendata.pref.shizuoka.jp/dataset/9939.html,,96166,09_観光・景観・歴史.zip,ZIP,,景観,archive,strict,https://opendata.pref.shizuoka.jp/fs/9/6/1/6/6/_/09_________.zip
shizuoka-pref,静岡県オープンデータ（ふじのくにオープンデータカタログ）,静岡県オープンデータ,33395db6-1d9a-4dcf-8d5e-7b070b980c2c,静岡県都市計画基礎調査（清水町）,https://opendata.pref.shizuoka.jp/dataset/9940.html,,849735,静岡県都市計画基礎調査（清水町）,HTML,,,document,strict,https://www.geospatial.jp/ckan/dataset/tosikeikaku202306shimizu
shizuoka-pref,静岡県オープンデータ（ふじのくにオープンデータカタログ）,静岡県オープンデータ,33395db6-1d9a-4dcf-8d5e-7b070b980c2c,静岡県都市計画基礎調査（清水町）,https://opendata.pref.shizuoka.jp/dataset/9940.html,,96168,01_人口.zip,ZIP,,人口,archive,strict,https://opendata.pref.shizuoka.jp/fs/9/6/1/6/8/_/01___.zip
shizuoka-pref,静岡県オープンデータ（ふじのくにオープンデータカタログ）,静岡県オープンデータ,33395db6-1d9a-4dcf-8d5e-7b070b980c2c,静岡県都市計画基礎調査（清水町）,https://opendata.pref.shizuoka.jp/dataset/9940.html,,96169,02_産業.zip,ZIP,,産業,archive,strict,https://opendata.pref.shizuoka.jp/fs/9/6/1/6/9/_/02___.zip
shizuoka-pref,静岡県オープンデータ（ふじのくにオープンデータカタログ）,静岡県オープンデータ,33395db6-1d9a-4dcf-8d5e-7b070b980c2c,静岡県都市計画基礎調査（清水町）,https://opendata.pref.shizuoka.jp/dataset/9940.html,,96170,03_土地利用.zip,ZIP,,土地利用,archive,strict,https://opendata.pref.shizuoka.jp/fs/9/6/1/7/0/_/03_____.zip
shizuoka-pref,静岡県オープンデータ（ふじのくにオープンデータカタログ）,静岡県オープンデータ,33395db6-1d9a-4dcf-8d5e-7b070b980c2c,静岡県都市計画基礎調査（清水町）,https://opendata.pref.shizuoka.jp/dataset/9940.html,,96171,04_建物（建物利用現況は市町が調査）.zip,ZIP,,建物,archive,strict,https://opendata.pref.shizuoka.jp/fs/9/6/1/7/1/_/04_________________.zip
shizuoka-pref,静岡県オープンデータ（ふじのくにオープンデータカタログ）,静岡県オープンデータ,33395db6-1d9a-4dcf-8d5e-7b070b980c2c,静岡県都市計画基礎調査（清水町）,https://opendata.pref.shizuoka.jp/dataset/9940.html,,96172,05_都市施設.zip,ZIP,,都市施設,archive,strict,https://opendata.pref.shizuoka.jp/fs/9/6/1/7/2/_/05_____.zip
shizuoka-pref,静岡県オープンデータ（ふじのくにオープンデータカタログ）,静岡県オープンデータ,33395db6-1d9a-4dcf-8d5e-7b070b980c2c,静岡県都市計画基礎調査（清水町）,https://opendata.pref.shizuoka.jp/dataset/9940.html,,96173,06_地価.zip,ZIP,,地価,archive,strict,https://opendata.pref.shizuoka.jp/fs/9/6/1/7/3/_/06___.zip
shizuoka-pref,静岡県オープンデータ（ふじのくにオープンデータカタログ）,静岡県オープンデータ,33395db6-1d9a-4dcf-8d5e-7b070b980c2c,静岡県都市計画基礎調査（清水町）,https://opendata.pref.shizuoka.jp/dataset/9940.html,,96174,07_自然環境.zip,ZIP,,自然環境,archive,strict,https://opendata.pref.shizuoka.jp/fs/9/6/1/7/4/_/07_____.zip
shizuoka-pref,静岡県オープンデータ（ふじのくにオープンデータカタログ）,静岡県オープンデータ,33395db6-1d9a-4dcf-8d5e-7b070b980c2c,静岡県都市計画基礎調査（清水町）,https://opendata.pref.shizuoka.jp/dataset/9940.html,,96175,08_公害および災害.zip,ZIP,,災害,archive,strict,https://opendata.pref.shizuoka.jp/fs/9/6/1/7/5/_/08________.zip
shizuoka-pref,静岡県オープンデータ（ふじのくにオープンデータカタログ）,静岡県オープンデータ,33395db6-1d9a-4dcf-8d5e-7b070b980c2c,静岡県都市計画基礎調査（清水町）,https://opendata.pref.shizuoka.jp/dataset/9940.html,,96176,09_観光・景観・歴史.zip,ZIP,,景観,archive,strict,https://opendata.pref.shizuoka.jp/fs/9/6/1/7/6/_/09_________.zip
shizuoka-pref,静岡県オープンデータ（ふじのくにオープンデータカタログ）,静岡県オープンデータ,3d5b8854-27e2-4c70-8bdd-a10f859b633f,静岡県都市計画基礎調査（裾野市）,https://opendata.pref.shizuoka.jp/dataset/9941.html,,849737,静岡県都市計画基礎調査（裾野市）,HTML,,,document,strict,https://www.geospatial.jp/ckan/dataset/tosikeikaku202306susono
shizuoka-pref,静岡県オープンデータ（ふじのくにオープンデータカタログ）,静岡県オープンデータ,3d5b8854-27e2-4c70-8bdd-a10f859b633f,静岡県都市計画基礎調査（裾野市）,https://opendata.pref.shizuoka.jp/dataset/9941.html,,96178,01_人口.zip,ZIP,,人口,archive,strict,https://opendata.pref.shizuoka.jp/fs/9/6/1/7/8/_/01___.zip
shizuoka-pref,静岡県オープンデータ（ふじのくにオープンデータカタログ）,静岡県オープンデータ,3d5b8854-27e2-4c70-8bdd-a10f859b633f,静岡県都市計画基礎調査（裾野市）,https://opendata.pref.shizuoka.jp/dataset/9941.html,,96179,02_産業.zip,ZIP,,産業,archive,strict,https://opendata.pref.shizuoka.jp/fs/9/6/1/7/9/_/02___.zip
shizuoka-pref,静岡県オープンデータ（ふじのくにオープンデータカタログ）,静岡県オープンデータ,3d5b8854-27e2-4c70-8bdd-a10f859b633f,静岡県都市計画基礎調査（裾野市）,https://opendata.pref.shizuoka.jp/dataset/9941.html,,849738,03_土地利用.zip,HTML,,土地利用,document,strict,https://www.geospatial.jp/ckan/dataset/tosikeikaku202306susono
shizuoka-pref,静岡県オープンデータ（ふじのくにオープンデータカタログ）,静岡県オープンデータ,3d5b8854-27e2-4c70-8bdd-a10f859b633f,静岡県都市計画基礎調査（裾野市）,https://opendata.pref.shizuoka.jp/dataset/9941.html,,96180,04_建物（建物利用現況は市町が調査）.zip,ZIP,,建物,archive,strict,https://opendata.pref.shizuoka.jp/fs/9/6/1/8/0/_/04_________________.zip
shizuoka-pref,静岡県オープンデータ（ふじのくにオープンデータカタログ）,静岡県オープンデータ,3d5b8854-27e2-4c70-8bdd-a10f859b633f,静岡県都市計画基礎調査（裾野市）,https://opendata.pref.shizuoka.jp/dataset/9941.html,,849739,05_都市施設.zip,HTML,,都市施設,document,strict,https://www.geospatial.jp/ckan/dataset/tosikeikaku202306susono
shizuoka-pref,静岡県オープンデータ（ふじのくにオープンデータカタログ）,静岡県オープンデータ,3d5b8854-27e2-4c70-8bdd-a10f859b633f,静岡県都市計画基礎調査（裾野市）,https://opendata.pref.shizuoka.jp/dataset/9941.html,,96181,06_地価.zip,ZIP,,地価,archive,strict,https://opendata.pref.shizuoka.jp/fs/9/6/1/8/1/_/06___.zip
shizuoka-pref,静岡県オープンデータ（ふじのくにオープンデータカタログ）,静岡県オープンデータ,3d5b8854-27e2-4c70-8bdd-a10f859b633f,静岡県都市計画基礎調査（裾野市）,https://opendata.pref.shizuoka.jp/dataset/9941.html,,96182,07_自然環境.zip,ZIP,,自然環境,archive,strict,https://opendata.pref.shizuoka.jp/fs/9/6/1/8/2/_/07_____.zip
shizuoka-pref,静岡県オープンデータ（ふじのくにオープンデータカタログ）,静岡県オープンデータ,3d5b8854-27e2-4c70-8bdd-a10f859b633f,静岡県都市計画基礎調査（裾野市）,https://opendata.pref.shizuoka.jp/dataset/9941.html,,96183,08_公害および災害.zip,ZIP,,災害,archive,strict,https://opendata.pref.shizuoka.jp/fs/9/6/1/8/3/_/08________.zip
shizuoka-pref,静岡県オープンデータ（ふじのくにオープンデータカタログ）,静岡県オープンデータ,3d5b8854-27e2-4c70-8bdd-a10f859b633f,静岡県都市計画基礎調査（裾野市）,https://opendata.pref.shizuoka.jp/dataset/9941.html,,96184,09_観光・景観・歴史.zip,ZIP,,景観,archive,strict,https://opendata.pref.shizuoka.jp/fs/9/6/1/8/4/_/09_________.zip
shizuoka-pref,静岡県オープンデータ（ふじのくにオープンデータカタログ）,静岡県オープンデータ,9945e9c1-b439-45dc-8bfd-f1dbf687abb9,静岡県都市計画基礎調査（富士宮市）,https://opendata.pref.shizuoka.jp/dataset/9942.html,,849744,静岡県都市計画基礎調査（富士宮市）,HTML,,,document,strict,https://www.geospatial.jp/ckan/dataset/tosikeikaku202306fujinomiya
shizuoka-pref,静岡県オープンデータ（ふじのくにオープンデータカタログ）,静岡県オープンデータ,9945e9c1-b439-45dc-8bfd-f1dbf687abb9,静岡県都市計画基礎調査（富士宮市）,https://opendata.pref.shizuoka.jp/dataset/9942.html,,849745,01_人口.zip,HTML,,人口,document,strict,https://www.geospatial.jp/ckan/dataset/tosikeikaku202306fujinomiya
shizuoka-pref,静岡県オープンデータ（ふじのくにオープンデータカタログ）,静岡県オープンデータ,9945e9c1-b439-45dc-8bfd-f1dbf687abb9,静岡県都市計画基礎調査（富士宮市）,https://opendata.pref.shizuoka.jp/dataset/9942.html,,96186,02_産業.zip,ZIP,,産業,archive,strict,https://opendata.pref.shizuoka.jp/fs/9/6/1/8/6/_/02___.zip
shizuoka-pref,静岡県オープンデータ（ふじのくにオープンデータカタログ）,静岡県オープンデータ,9945e9c1-b439-45dc-8bfd-f1dbf687abb9,静岡県都市計画基礎調査（富士宮市）,https://opendata.pref.shizuoka.jp/dataset/9942.html,,849746,03_土地利用.zip,HTML,,土地利用,document,strict,https://www.geospatial.jp/ckan/dataset/tosikeikaku202306fujinomiya
shizuoka-pref,静岡県オープンデータ（ふじのくにオープンデータカタログ）,静岡県オープンデータ,9945e9c1-b439-45dc-8bfd-f1dbf687abb9,静岡県都市計画基礎調査（富士宮市）,https://opendata.pref.shizuoka.jp/dataset/9942.html,,96187,04_建物（建物利用現況は市町が調査）.zip,ZIP,,建物,archive,strict,https://opendata.pref.shizuoka.jp/fs/9/6/1/8/7/_/04_________________.zip
shizuoka-pref,静岡県オープンデータ（ふじのくにオープンデータカタログ）,静岡県オープンデータ,9945e9c1-b439-45dc-8bfd-f1dbf687abb9,静岡県都市計画基礎調査（富士宮市）,https://opendata.pref.shizuoka.jp/dataset/9942.html,,96188,05_都市施設.zip,ZIP,,都市施設,archive,strict,https://opendata.pref.shizuoka.jp/fs/9/6/1/8/8/_/05_____.zip
shizuoka-pref,静岡県オープンデータ（ふじのくにオープンデータカタログ）,静岡県オープンデータ,9945e9c1-b439-45dc-8bfd-f1dbf687abb9,静岡県都市計画基礎調査（富士宮市）,https://opendata.pref.shizuoka.jp/dataset/9942.html,,96189,06_地価.zip,ZIP,,地価,archive,strict,https://opendata.pref.shizuoka.jp/fs/9/6/1/8/9/_/06___.zip
shizuoka-pref,静岡県オープンデータ（ふじのくにオープンデータカタログ）,静岡県オープンデータ,9945e9c1-b439-45dc-8bfd-f1dbf687abb9,静岡県都市計画基礎調査（富士宮市）,https://opendata.pref.shizuoka.jp/dataset/9942.html,,96190,07_自然環境.zip,ZIP,,自然環境,archive,strict,https://opendata.pref.shizuoka.jp/fs/9/6/1/9/0/_/07_____.zip
shizuoka-pref,静岡県オープンデータ（ふじのくにオープンデータカタログ）,静岡県オープンデータ,9945e9c1-b439-45dc-8bfd-f1dbf687abb9,静岡県都市計画基礎調査（富士宮市）,https://opendata.pref.shizuoka.jp/dataset/9942.html,,849747,08_公害および災害.zip,HTML,,災害,document,strict,https://www.geospatial.jp/ckan/dataset/tosikeikaku202306fujinomiya
shizuoka-pref,静岡県オープンデータ（ふじのくにオープンデータカタログ）,静岡県オープンデータ,9945e9c1-b439-45dc-8bfd-f1dbf687abb9,静岡県都市計画基礎調査（富士宮市）,https://opendata.pref.shizuoka.jp/dataset/9942.html,,849748,09_観光・景観・歴史.zip,HTML,,景観,document,strict,https://www.geospatial.jp/ckan/dataset/tosikeikaku202306fujinomiya
shizuoka-pref,静岡県オープンデータ（ふじのくにオープンデータカタログ）,静岡県オープンデータ,9945e9c1-b439-45dc-8bfd-f1dbf687abb9,静岡県都市計画基礎調査（富士宮市）,https://opendata.pref.shizuoka.jp/dataset/9942.html,,96191,調書（富士宮市）.xlsx,XLSX,,,tabular,strict,https://opendata.pref.shizuoka.jp/fs/9/6/1/9/1/_/________.xlsx
shizuoka-pref,静岡県オープンデータ（ふじのくにオープンデータカタログ）,静岡県オープンデータ,4d741d87-aba5-468f-a10b-1dedcb08d7a0,静岡県都市計画基礎調査（島田市）,https://opendata.pref.shizuoka.jp/dataset/9943.html,,96192,00_区域界.zip,ZIP,,,archive,strict,https://opendata.pref.shizuoka.jp/fs/9/6/1/9/2/_/00____.zip
shizuoka-pref,静岡県オープンデータ（ふじのくにオープンデータカタログ）,静岡県オープンデータ,4d741d87-aba5-468f-a10b-1dedcb08d7a0,静岡県都市計画基礎調査（島田市）,https://opendata.pref.shizuoka.jp/dataset/9943.html,,849677,01_人口.zip,HTML,,人口,document,strict,https://www.geospatial.jp/ckan/dataset/tosikeikaku202306shimada
shizuoka-pref,静岡県オープンデータ（ふじのくにオープンデータカタログ）,静岡県オープンデータ,4d741d87-aba5-468f-a10b-1dedcb08d7a0,静岡県都市計画基礎調査（島田市）,https://opendata.pref.shizuoka.jp/dataset/9943.html,,96193,02_産業.zip,ZIP,,産業,archive,strict,https://opendata.pref.shizuoka.jp/fs/9/6/1/9/3/_/02___.zip
shizuoka-pref,静岡県オープンデータ（ふじのくにオープンデータカタログ）,静岡県オープンデータ,4d741d87-aba5-468f-a10b-1dedcb08d7a0,静岡県都市計画基礎調査（島田市）,https://opendata.pref.shizuoka.jp/dataset/9943.html,,849678,03_土地利用.zip,HTML,,土地利用,document,strict,https://www.geospatial.jp/ckan/dataset/tosikeikaku202306shimada
shizuoka-pref,静岡県オープンデータ（ふじのくにオープンデータカタログ）,静岡県オープンデータ,4d741d87-aba5-468f-a10b-1dedcb08d7a0,静岡県都市計画基礎調査（島田市）,https://opendata.pref.shizuoka.jp/dataset/9943.html,,96194,04_建物（建物利用現況は市町が調査）.zip,ZIP,,建物,archive,strict,https://opendata.pref.shizuoka.jp/fs/9/6/1/9/4/_/04_________________.zip
shizuoka-pref,静岡県オープンデータ（ふじのくにオープンデータカタログ）,静岡県オープンデータ,4d741d87-aba5-468f-a10b-1dedcb08d7a0,静岡県都市計画基礎調査（島田市）,https://opendata.pref.shizuoka.jp/dataset/9943.html,,849679,05_都市施設.zip,HTML,,都市施設,document,strict,https://www.geospatial.jp/ckan/dataset/tosikeikaku202306shimada
shizuoka-pref,静岡県オープンデータ（ふじのくにオープンデータカタログ）,静岡県オープンデータ,4d741d87-aba5-468f-a10b-1dedcb08d7a0,静岡県都市計画基礎調査（島田市）,https://opendata.pref.shizuoka.jp/dataset/9943.html,,96195,06_地価.zip,ZIP,,地価,archive,strict,https://opendata.pref.shizuoka.jp/fs/9/6/1/9/5/_/06___.zip
shizuoka-pref,静岡県オープンデータ（ふじのくにオープンデータカタログ）,静岡県オープンデータ,4d741d87-aba5-468f-a10b-1dedcb08d7a0,静岡県都市計画基礎調査（島田市）,https://opendata.pref.shizuoka.jp/dataset/9943.html,,96196,07_自然環境.zip,ZIP,,自然環境,archive,strict,https://opendata.pref.shizuoka.jp/fs/9/6/1/9/6/_/07_____.zip
shizuoka-pref,静岡県オープンデータ（ふじのくにオープンデータカタログ）,静岡県オープンデータ,4d741d87-aba5-468f-a10b-1dedcb08d7a0,静岡県都市計画基礎調査（島田市）,https://opendata.pref.shizuoka.jp/dataset/9943.html,,96197,08_公害および災害.zip,ZIP,,災害,archive,strict,https://opendata.pref.shizuoka.jp/fs/9/6/1/9/7/_/08________.zip
shizuoka-pref,静岡県オープンデータ（ふじのくにオープンデータカタログ）,静岡県オープンデータ,4d741d87-aba5-468f-a10b-1dedcb08d7a0,静岡県都市計画基礎調査（島田市）,https://opendata.pref.shizuoka.jp/dataset/9943.html,,96198,09_観光・景観・歴史.zip,ZIP,,景観,archive,strict,https://opendata.pref.shizuoka.jp/fs/9/6/1/9/8/_/09_________.zip
shizuoka-pref,静岡県オープンデータ（ふじのくにオープンデータカタログ）,静岡県オープンデータ,4d741d87-aba5-468f-a10b-1dedcb08d7a0,静岡県都市計画基礎調査（島田市）,https://opendata.pref.shizuoka.jp/dataset/9943.html,,849676,静岡県都市計画基礎調査（島田市）,HTML,,,document,strict,https://www.geospatial.jp/ckan/dataset/tosikeikaku202306shimada
shizuoka-pref,静岡県オープンデータ（ふじのくにオープンデータカタログ）,静岡県オープンデータ,c001e2c3-b5a0-4984-b0ae-6880af1cee62,静岡県都市計画基礎調査（吉田町）,https://opendata.pref.shizuoka.jp/dataset/9944.html,,96200,00_区域界.zip,ZIP,,,archive,strict,https://opendata.pref.shizuoka.jp/fs/9/6/2/0/0/_/00____.zip
shizuoka-pref,静岡県オープンデータ（ふじのくにオープンデータカタログ）,静岡県オープンデータ,c001e2c3-b5a0-4984-b0ae-6880af1cee62,静岡県都市計画基礎調査（吉田町）,https://opendata.pref.shizuoka.jp/dataset/9944.html,,96201,01_人口.zip,ZIP,,人口,archive,strict,https://opendata.pref.shizuoka.jp/fs/9/6/2/0/1/_/01___.zip
shizuoka-pref,静岡県オープンデータ（ふじのくにオープンデータカタログ）,静岡県オープンデータ,c001e2c3-b5a0-4984-b0ae-6880af1cee62,静岡県都市計画基礎調査（吉田町）,https://opendata.pref.shizuoka.jp/dataset/9944.html,,96202,02_産業.zip,ZIP,,産業,archive,strict,https://opendata.pref.shizuoka.jp/fs/9/6/2/0/2/_/02___.zip
shizuoka-pref,静岡県オープンデータ（ふじのくにオープンデータカタログ）,静岡県オープンデータ,c001e2c3-b5a0-4984-b0ae-6880af1cee62,静岡県都市計画基礎調査（吉田町）,https://opendata.pref.shizuoka.jp/dataset/9944.html,,849675,03_土地利用.zip,HTML,,土地利用,document,strict,https://www.geospatial.jp/ckan/dataset/tosikeikaku202306yoshida
shizuoka-pref,静岡県オープンデータ（ふじのくにオープンデータカタログ）,静岡県オープンデータ,c001e2c3-b5a0-4984-b0ae-6880af1cee62,静岡県都市計画基礎調査（吉田町）,https://opendata.pref.shizuoka.jp/dataset/9944.html,,96203,04_建物（建物利用現況は市町が調査）.zip,ZIP,,建物,archive,strict,https://opendata.pref.shizuoka.jp/fs/9/6/2/0/3/_/04_________________.zip
shizuoka-pref,静岡県オープンデータ（ふじのくにオープンデータカタログ）,静岡県オープンデータ,c001e2c3-b5a0-4984-b0ae-6880af1cee62,静岡県都市計画基礎調査（吉田町）,https://opendata.pref.shizuoka.jp/dataset/9944.html,,96204,05_都市施設.zip,ZIP,,都市施設,archive,strict,https://opendata.pref.shizuoka.jp/fs/9/6/2/0/4/_/05_____.zip
shizuoka-pref,静岡県オープンデータ（ふじのくにオープンデータカタログ）,静岡県オープンデータ,c001e2c3-b5a0-4984-b0ae-6880af1cee62,静岡県都市計画基礎調査（吉田町）,https://opendata.pref.shizuoka.jp/dataset/9944.html,,96205,06_地価.zip,ZIP,,地価,archive,strict,https://opendata.pref.shizuoka.jp/fs/9/6/2/0/5/_/06___.zip
shizuoka-pref,静岡県オープンデータ（ふじのくにオープンデータカタログ）,静岡県オープンデータ,c001e2c3-b5a0-4984-b0ae-6880af1cee62,静岡県都市計画基礎調査（吉田町）,https://opendata.pref.shizuoka.jp/dataset/9944.html,,96206,07_自然環境.zip,ZIP,,自然環境,archive,strict,https://opendata.pref.shizuoka.jp/fs/9/6/2/0/6/_/07_____.zip
shizuoka-pref,静岡県オープンデータ（ふじのくにオープンデータカタログ）,静岡県オープンデータ,c001e2c3-b5a0-4984-b0ae-6880af1cee62,静岡県都市計画基礎調査（吉田町）,https://opendata.pref.shizuoka.jp/dataset/9944.html,,96207,08_公害および災害.zip,ZIP,,災害,archive,strict,https://opendata.pref.shizuoka.jp/fs/9/6/2/0/7/_/08________.zip
shizuoka-pref,静岡県オープンデータ（ふじのくにオープンデータカタログ）,静岡県オープンデータ,c001e2c3-b5a0-4984-b0ae-6880af1cee62,静岡県都市計画基礎調査（吉田町）,https://opendata.pref.shizuoka.jp/dataset/9944.html,,96208,09_観光・景観・歴史.zip,ZIP,,景観,archive,strict,https://opendata.pref.shizuoka.jp/fs/9/6/2/0/8/_/09_________.zip
shizuoka-pref,静岡県オープンデータ（ふじのくにオープンデータカタログ）,静岡県オープンデータ,c001e2c3-b5a0-4984-b0ae-6880af1cee62,静岡県都市計画基礎調査（吉田町）,https://opendata.pref.shizuoka.jp/dataset/9944.html,,849674,静岡県都市計画基礎調査（吉田町）,HTML,,,document,strict,https://www.geospatial.jp/ckan/dataset/tosikeikaku202306yoshida
shizuoka-pref,静岡県オープンデータ（ふじのくにオープンデータカタログ）,静岡県オープンデータ,b5bb569d-0d5f-48c8-b9eb-d97ee697a9d7,静岡県都市計画基礎調査（御前崎市）,https://opendata.pref.shizuoka.jp/dataset/9945.html,,96210,00_区域界.zip,ZIP,,,archive,strict,https://opendata.pref.shizuoka.jp/fs/9/6/2/1/0/_/00____.zip
shizuoka-pref,静岡県オープンデータ（ふじのくにオープンデータカタログ）,静岡県オープンデータ,b5bb569d-0d5f-48c8-b9eb-d97ee697a9d7,静岡県都市計画基礎調査（御前崎市）,https://opendata.pref.shizuoka.jp/dataset/9945.html,,96211,01_人口.zip,ZIP,,人口,archive,strict,https://opendata.pref.shizuoka.jp/fs/9/6/2/1/1/_/01___.zip
shizuoka-pref,静岡県オープンデータ（ふじのくにオープンデータカタログ）,静岡県オープンデータ,b5bb569d-0d5f-48c8-b9eb-d97ee697a9d7,静岡県都市計画基礎調査（御前崎市）,https://opendata.pref.shizuoka.jp/dataset/9945.html,,96212,02_産業.zip,ZIP,,産業,archive,strict,https://opendata.pref.shizuoka.jp/fs/9/6/2/1/2/_/02___.zip
shizuoka-pref,静岡県オープンデータ（ふじのくにオープンデータカタログ）,静岡県オープンデータ,b5bb569d-0d5f-48c8-b9eb-d97ee697a9d7,静岡県都市計画基礎調査（御前崎市）,https://opendata.pref.shizuoka.jp/dataset/9945.html,,849673,03_土地利用.zip,HTML,,土地利用,document,strict,https://www.geospatial.jp/ckan/dataset/tosikeikaku202306omaezaki
shizuoka-pref,静岡県オープンデータ（ふじのくにオープンデータカタログ）,静岡県オープンデータ,b5bb569d-0d5f-48c8-b9eb-d97ee697a9d7,静岡県都市計画基礎調査（御前崎市）,https://opendata.pref.shizuoka.jp/dataset/9945.html,,96213,04_建物（建物利用現況は市町が調査）.zip,ZIP,,建物,archive,strict,https://opendata.pref.shizuoka.jp/fs/9/6/2/1/3/_/04_________________.zip
shizuoka-pref,静岡県オープンデータ（ふじのくにオープンデータカタログ）,静岡県オープンデータ,b5bb569d-0d5f-48c8-b9eb-d97ee697a9d7,静岡県都市計画基礎調査（御前崎市）,https://opendata.pref.shizuoka.jp/dataset/9945.html,,96214,05_都市施設.zip,ZIP,,都市施設,archive,strict,https://opendata.pref.shizuoka.jp/fs/9/6/2/1/4/_/05_____.zip
shizuoka-pref,静岡県オープンデータ（ふじのくにオープンデータカタログ）,静岡県オープンデータ,b5bb569d-0d5f-48c8-b9eb-d97ee697a9d7,静岡県都市計画基礎調査（御前崎市）,https://opendata.pref.shizuoka.jp/dataset/9945.html,,96215,06_地価.zip,ZIP,,地価,archive,strict,https://opendata.pref.shizuoka.jp/fs/9/6/2/1/5/_/06___.zip
shizuoka-pref,静岡県オープンデータ（ふじのくにオープンデータカタログ）,静岡県オープンデータ,b5bb569d-0d5f-48c8-b9eb-d97ee697a9d7,静岡県都市計画基礎調査（御前崎市）,https://opendata.pref.shizuoka.jp/dataset/9945.html,,96216,07_自然環境.zip,ZIP,,自然環境,archive,strict,https://opendata.pref.shizuoka.jp/fs/9/6/2/1/6/_/07_____.zip
shizuoka-pref,静岡県オープンデータ（ふじのくにオープンデータカタログ）,静岡県オープンデータ,b5bb569d-0d5f-48c8-b9eb-d97ee697a9d7,静岡県都市計画基礎調査（御前崎市）,https://opendata.pref.shizuoka.jp/dataset/9945.html,,96217,08_公害および災害.zip,ZIP,,災害,archive,strict,https://opendata.pref.shizuoka.jp/fs/9/6/2/1/7/_/08________.zip
shizuoka-pref,静岡県オープンデータ（ふじのくにオープンデータカタログ）,静岡県オープンデータ,b5bb569d-0d5f-48c8-b9eb-d97ee697a9d7,静岡県都市計画基礎調査（御前崎市）,https://opendata.pref.shizuoka.jp/dataset/9945.html,,96218,09_観光・景観・歴史.zip,ZIP,,景観,archive,strict,https://opendata.pref.shizuoka.jp/fs/9/6/2/1/8/_/09_________.zip
shizuoka-pref,静岡県オープンデータ（ふじのくにオープンデータカタログ）,静岡県オープンデータ,b5bb569d-0d5f-48c8-b9eb-d97ee697a9d7,静岡県都市計画基礎調査（御前崎市）,https://opendata.pref.shizuoka.jp/dataset/9945.html,,849672,静岡県都市計画基礎調査（御前崎市）,HTML,,,document,strict,https://www.geospatial.jp/ckan/dataset/tosikeikaku202306omaezaki
shizuoka-pref,静岡県オープンデータ（ふじのくにオープンデータカタログ）,静岡県オープンデータ,0ca60362-f8d0-4792-a2d1-1d3a02c9729d,静岡県都市計画基礎調査（掛川市）,https://opendata.pref.shizuoka.jp/dataset/9946.html,,849670,01_人口.zip,HTML,,人口,document,strict,https://www.geospatial.jp/ckan/dataset/tosikeikaku202306kakegawa
shizuoka-pref,静岡県オープンデータ（ふじのくにオープンデータカタログ）,静岡県オープンデータ,0ca60362-f8d0-4792-a2d1-1d3a02c9729d,静岡県都市計画基礎調査（掛川市）,https://opendata.pref.shizuoka.jp/dataset/9946.html,,96220,02_産業.zip,ZIP,,産業,archive,strict,https://opendata.pref.shizuoka.jp/fs/9/6/2/2/0/_/02___.zip
shizuoka-pref,静岡県オープンデータ（ふじのくにオープンデータカタログ）,静岡県オープンデータ,0ca60362-f8d0-4792-a2d1-1d3a02c9729d,静岡県都市計画基礎調査（掛川市）,https://opendata.pref.shizuoka.jp/dataset/9946.html,,849671,03_土地利用.zip,HTML,,土地利用,document,strict,https://www.geospatial.jp/ckan/dataset/tosikeikaku202306kakegawa
shizuoka-pref,静岡県オープンデータ（ふじのくにオープンデータカタログ）,静岡県オープンデータ,0ca60362-f8d0-4792-a2d1-1d3a02c9729d,静岡県都市計画基礎調査（掛川市）,https://opendata.pref.shizuoka.jp/dataset/9946.html,,96221,04_建物（建物利用現況は市町が調査）.zip,ZIP,,建物,archive,strict,https://opendata.pref.shizuoka.jp/fs/9/6/2/2/1/_/04_________________.zip
shizuoka-pref,静岡県オープンデータ（ふじのくにオープンデータカタログ）,静岡県オープンデータ,0ca60362-f8d0-4792-a2d1-1d3a02c9729d,静岡県都市計画基礎調査（掛川市）,https://opendata.pref.shizuoka.jp/dataset/9946.html,,96222,05_都市施設.zip,ZIP,,都市施設,archive,strict,https://opendata.pref.shizuoka.jp/fs/9/6/2/2/2/_/05_____.zip
shizuoka-pref,静岡県オープンデータ（ふじのくにオープンデータカタログ）,静岡県オープンデータ,0ca60362-f8d0-4792-a2d1-1d3a02c9729d,静岡県都市計画基礎調査（掛川市）,https://opendata.pref.shizuoka.jp/dataset/9946.html,,96223,06_地価.zip,ZIP,,地価,archive,strict,https://opendata.pref.shizuoka.jp/fs/9/6/2/2/3/_/06___.zip
shizuoka-pref,静岡県オープンデータ（ふじのくにオープンデータカタログ）,静岡県オープンデータ,0ca60362-f8d0-4792-a2d1-1d3a02c9729d,静岡県都市計画基礎調査（掛川市）,https://opendata.pref.shizuoka.jp/dataset/9946.html,,96224,07_自然環境.zip,ZIP,,自然環境,archive,strict,https://opendata.pref.shizuoka.jp/fs/9/6/2/2/4/_/07_____.zip
shizuoka-pref,静岡県オープンデータ（ふじのくにオープンデータカタログ）,静岡県オープンデータ,0ca60362-f8d0-4792-a2d1-1d3a02c9729d,静岡県都市計画基礎調査（掛川市）,https://opendata.pref.shizuoka.jp/dataset/9946.html,,96225,08_公害および災害.zip,ZIP,,災害,archive,strict,https://opendata.pref.shizuoka.jp/fs/9/6/2/2/5/_/08________.zip
shizuoka-pref,静岡県オープンデータ（ふじのくにオープンデータカタログ）,静岡県オープンデータ,0ca60362-f8d0-4792-a2d1-1d3a02c9729d,静岡県都市計画基礎調査（掛川市）,https://opendata.pref.shizuoka.jp/dataset/9946.html,,96226,09_観光・景観・歴史.zip,ZIP,,景観,archive,strict,https://opendata.pref.shizuoka.jp/fs/9/6/2/2/6/_/09_________.zip
shizuoka-pref,静岡県オープンデータ（ふじのくにオープンデータカタログ）,静岡県オープンデータ,0ca60362-f8d0-4792-a2d1-1d3a02c9729d,静岡県都市計画基礎調査（掛川市）,https://opendata.pref.shizuoka.jp/dataset/9946.html,,849669,静岡県都市計画基礎調査（掛川市）,HTML,,,document,strict,https://www.geospatial.jp/ckan/dataset/tosikeikaku202306kakegawa
shizuoka-pref,静岡県オープンデータ（ふじのくにオープンデータカタログ）,静岡県オープンデータ,ad5a56e6-32fd-4bf0-97ac-4ff4654f0aae,静岡県都市計画基礎調査（菊川市）,https://opendata.pref.shizuoka.jp/dataset/9947.html,,96228,01_人口.zip,ZIP,,人口,archive,strict,https://opendata.pref.shizuoka.jp/fs/9/6/2/2/8/_/01___.zip
shizuoka-pref,静岡県オープンデータ（ふじのくにオープンデータカタログ）,静岡県オープンデータ,ad5a56e6-32fd-4bf0-97ac-4ff4654f0aae,静岡県都市計画基礎調査（菊川市）,https://opendata.pref.shizuoka.jp/dataset/9947.html,,96229,02_産業.zip,ZIP,,産業,archive,strict,https://opendata.pref.shizuoka.jp/fs/9/6/2/2/9/_/02___.zip
shizuoka-pref,静岡県オープンデータ（ふじのくにオープンデータカタログ）,静岡県オープンデータ,ad5a56e6-32fd-4bf0-97ac-4ff4654f0aae,静岡県都市計画基礎調査（菊川市）,https://opendata.pref.shizuoka.jp/dataset/9947.html,,849627,03_土地利用.zip,HTML,,土地利用,document,strict,https://www.geospatial.jp/ckan/dataset/tosikeikaku202306kikugawa
shizuoka-pref,静岡県オープンデータ（ふじのくにオープンデータカタログ）,静岡県オープンデータ,ad5a56e6-32fd-4bf0-97ac-4ff4654f0aae,静岡県都市計画基礎調査（菊川市）,https://opendata.pref.shizuoka.jp/dataset/9947.html,,96230,04_建物（建物利用現況は市町が調査）.zip,ZIP,,建物,archive,strict,https://opendata.pref.shizuoka.jp/fs/9/6/2/3/0/_/04_________________.zip
shizuoka-pref,静岡県オープンデータ（ふじのくにオープンデータカタログ）,静岡県オープンデータ,ad5a56e6-32fd-4bf0-97ac-4ff4654f0aae,静岡県都市計画基礎調査（菊川市）,https://opendata.pref.shizuoka.jp/dataset/9947.html,,96231,05_都市施設.zip,ZIP,,都市施設,archive,strict,https://opendata.pref.shizuoka.jp/fs/9/6/2/3/1/_/05_____.zip
shizuoka-pref,静岡県オープンデータ（ふじのくにオープンデータカタログ）,静岡県オープンデータ,ad5a56e6-32fd-4bf0-97ac-4ff4654f0aae,静岡県都市計画基礎調査（菊川市）,https://opendata.pref.shizuoka.jp/dataset/9947.html,,96232,06_地価.zip,ZIP,,地価,archive,strict,https://opendata.pref.shizuoka.jp/fs/9/6/2/3/2/_/06___.zip
shizuoka-pref,静岡県オープンデータ（ふじのくにオープンデータカタログ）,静岡県オープンデータ,ad5a56e6-32fd-4bf0-97ac-4ff4654f0aae,静岡県都市計画基礎調査（菊川市）,https://opendata.pref.shizuoka.jp/dataset/9947.html,,96233,07_自然環境.zip,ZIP,,自然環境,archive,strict,https://opendata.pref.shizuoka.jp/fs/9/6/2/3/3/_/07_____.zip
shizuoka-pref,静岡県オープンデータ（ふじのくにオープンデータカタログ）,静岡県オープンデータ,ad5a56e6-32fd-4bf0-97ac-4ff4654f0aae,静岡県都市計画基礎調査（菊川市）,https://opendata.pref.shizuoka.jp/dataset/9947.html,,96234,08_公害および災害.zip,ZIP,,災害,archive,strict,https://opendata.pref.shizuoka.jp/fs/9/6/2/3/4/_/08________.zip
shizuoka-pref,静岡県オープンデータ（ふじのくにオープンデータカタログ）,静岡県オープンデータ,ad5a56e6-32fd-4bf0-97ac-4ff4654f0aae,静岡県都市計画基礎調査（菊川市）,https://opendata.pref.shizuoka.jp/dataset/9947.html,,96235,09_観光・景観・歴史.zip,ZIP,,景観,archive,strict,https://opendata.pref.shizuoka.jp/fs/9/6/2/3/5/_/09_________.zip
shizuoka-pref,静岡県オープンデータ（ふじのくにオープンデータカタログ）,静岡県オープンデータ,ad5a56e6-32fd-4bf0-97ac-4ff4654f0aae,静岡県都市計画基礎調査（菊川市）,https://opendata.pref.shizuoka.jp/dataset/9947.html,,849626,静岡県都市計画基礎調査（菊川市）,HTML,,,document,strict,https://www.geospatial.jp/ckan/dataset/tosikeikaku202306kikugawa
shizuoka-pref,静岡県オープンデータ（ふじのくにオープンデータカタログ）,静岡県オープンデータ,c39f1288-8563-4b34-a526-cbda48143dfe,静岡県都市計画基礎調査（袋井市）,https://opendata.pref.shizuoka.jp/dataset/9948.html,,849622,静岡県都市計画基礎調査（袋井市）,HTML,,,document,strict,https://www.geospatial.jp/ckan/dataset/tosikeikaku202306fukuroi
shizuoka-pref,静岡県オープンデータ（ふじのくにオープンデータカタログ）,静岡県オープンデータ,c39f1288-8563-4b34-a526-cbda48143dfe,静岡県都市計画基礎調査（袋井市）,https://opendata.pref.shizuoka.jp/dataset/9948.html,,96240,01_人口.zip,ZIP,,人口,archive,strict,https://opendata.pref.shizuoka.jp/fs/9/6/2/4/0/_/01___.zip
shizuoka-pref,静岡県オープンデータ（ふじのくにオープンデータカタログ）,静岡県オープンデータ,c39f1288-8563-4b34-a526-cbda48143dfe,静岡県都市計画基礎調査（袋井市）,https://opendata.pref.shizuoka.jp/dataset/9948.html,,96241,02_産業.zip,ZIP,,産業,archive,strict,https://opendata.pref.shizuoka.jp/fs/9/6/2/4/1/_/02___.zip
shizuoka-pref,静岡県オープンデータ（ふじのくにオープンデータカタログ）,静岡県オープンデータ,c39f1288-8563-4b34-a526-cbda48143dfe,静岡県都市計画基礎調査（袋井市）,https://opendata.pref.shizuoka.jp/dataset/9948.html,,849624,03_土地利用.zip,HTML,,土地利用,document,strict,https://www.geospatial.jp/ckan/dataset/tosikeikaku202306fukuroi
shizuoka-pref,静岡県オープンデータ（ふじのくにオープンデータカタログ）,静岡県オープンデータ,c39f1288-8563-4b34-a526-cbda48143dfe,静岡県都市計画基礎調査（袋井市）,https://opendata.pref.shizuoka.jp/dataset/9948.html,,96242,04_建物（建物利用現況は市町が調査）.zip,ZIP,,建物,archive,strict,https://opendata.pref.shizuoka.jp/fs/9/6/2/4/2/_/04_________________.zip
shizuoka-pref,静岡県オープンデータ（ふじのくにオープンデータカタログ）,静岡県オープンデータ,c39f1288-8563-4b34-a526-cbda48143dfe,静岡県都市計画基礎調査（袋井市）,https://opendata.pref.shizuoka.jp/dataset/9948.html,,96244,05_都市施設.zip,ZIP,,都市施設,archive,strict,https://opendata.pref.shizuoka.jp/fs/9/6/2/4/4/_/05_____.zip
shizuoka-pref,静岡県オープンデータ（ふじのくにオープンデータカタログ）,静岡県オープンデータ,c39f1288-8563-4b34-a526-cbda48143dfe,静岡県都市計画基礎調査（袋井市）,https://opendata.pref.shizuoka.jp/dataset/9948.html,,96245,06_地価.zip,ZIP,,地価,archive,strict,https://opendata.pref.shizuoka.jp/fs/9/6/2/4/5/_/06___.zip
shizuoka-pref,静岡県オープンデータ（ふじのくにオープンデータカタログ）,静岡県オープンデータ,c39f1288-8563-4b34-a526-cbda48143dfe,静岡県都市計画基礎調査（袋井市）,https://opendata.pref.shizuoka.jp/dataset/9948.html,,96246,07_自然環境.zip,ZIP,,自然環境,archive,strict,https://opendata.pref.shizuoka.jp/fs/9/6/2/4/6/_/07_____.zip
shizuoka-pref,静岡県オープンデータ（ふじのくにオープンデータカタログ）,静岡県オープンデータ,c39f1288-8563-4b34-a526-cbda48143dfe,静岡県都市計画基礎調査（袋井市）,https://opendata.pref.shizuoka.jp/dataset/9948.html,,96247,08_公害および災害.zip,ZIP,,災害,archive,strict,https://opendata.pref.shizuoka.jp/fs/9/6/2/4/7/_/08________.zip
shizuoka-pref,静岡県オープンデータ（ふじのくにオープンデータカタログ）,静岡県オープンデータ,c39f1288-8563-4b34-a526-cbda48143dfe,静岡県都市計画基礎調査（袋井市）,https://opendata.pref.shizuoka.jp/dataset/9948.html,,96248,09_観光・景観・歴史.zip,ZIP,,景観,archive,strict,https://opendata.pref.shizuoka.jp/fs/9/6/2/4/8/_/09_________.zip
shizuoka-pref,静岡県オープンデータ（ふじのくにオープンデータカタログ）,静岡県オープンデータ,c39f1288-8563-4b34-a526-cbda48143dfe,静岡県都市計画基礎調査（袋井市）,https://opendata.pref.shizuoka.jp/dataset/9948.html,,96250,定義書.zip,ZIP,,,archive,strict,https://opendata.pref.shizuoka.jp/fs/9/6/2/5/0/_/___.zip
shizuoka-pref,静岡県オープンデータ（ふじのくにオープンデータカタログ）,静岡県オープンデータ,c6db40f7-69c2-4c58-ad6e-9c620e29b8e0,静岡県都市計画基礎調査（森町）,https://opendata.pref.shizuoka.jp/dataset/9949.html,,849620,静岡県都市計画基礎調査（森町）,HTML,,,document,strict,https://www.geospatial.jp/ckan/dataset/tosikeikaku202306mori
shizuoka-pref,静岡県オープンデータ（ふじのくにオープンデータカタログ）,静岡県オープンデータ,c6db40f7-69c2-4c58-ad6e-9c620e29b8e0,静岡県都市計画基礎調査（森町）,https://opendata.pref.shizuoka.jp/dataset/9949.html,,96252,01_人口.zip,ZIP,,人口,archive,strict,https://opendata.pref.shizuoka.jp/fs/9/6/2/5/2/_/01___.zip
shizuoka-pref,静岡県オープンデータ（ふじのくにオープンデータカタログ）,静岡県オープンデータ,c6db40f7-69c2-4c58-ad6e-9c620e29b8e0,静岡県都市計画基礎調査（森町）,https://opendata.pref.shizuoka.jp/dataset/9949.html,,96253,02_産業.zip,ZIP,,産業,archive,strict,https://opendata.pref.shizuoka.jp/fs/9/6/2/5/3/_/02___.zip
shizuoka-pref,静岡県オープンデータ（ふじのくにオープンデータカタログ）,静岡県オープンデータ,c6db40f7-69c2-4c58-ad6e-9c620e29b8e0,静岡県都市計画基礎調査（森町）,https://opendata.pref.shizuoka.jp/dataset/9949.html,,849621,03_土地利用.zip,HTML,,土地利用,document,strict,https://www.geospatial.jp/ckan/dataset/tosikeikaku202306mori
shizuoka-pref,静岡県オープンデータ（ふじのくにオープンデータカタログ）,静岡県オープンデータ,c6db40f7-69c2-4c58-ad6e-9c620e29b8e0,静岡県都市計画基礎調査（森町）,https://opendata.pref.shizuoka.jp/dataset/9949.html,,96255,04_建物（建物利用現況は市町が調査）.zip,ZIP,,建物,archive,strict,https://opendata.pref.shizuoka.jp/fs/9/6/2/5/5/_/04_________________.zip
shizuoka-pref,静岡県オープンデータ（ふじのくにオープンデータカタログ）,静岡県オープンデータ,c6db40f7-69c2-4c58-ad6e-9c620e29b8e0,静岡県都市計画基礎調査（森町）,https://opendata.pref.shizuoka.jp/dataset/9949.html,,96256,05_都市施設.zip,ZIP,,都市施設,archive,strict,https://opendata.pref.shizuoka.jp/fs/9/6/2/5/6/_/05_____.zip
shizuoka-pref,静岡県オープンデータ（ふじのくにオープンデータカタログ）,静岡県オープンデータ,c6db40f7-69c2-4c58-ad6e-9c620e29b8e0,静岡県都市計画基礎調査（森町）,https://opendata.pref.shizuoka.jp/dataset/9949.html,,96257,06_地価.zip,ZIP,,地価,archive,strict,https://opendata.pref.shizuoka.jp/fs/9/6/2/5/7/_/06___.zip
shizuoka-pref,静岡県オープンデータ（ふじのくにオープンデータカタログ）,静岡県オープンデータ,c6db40f7-69c2-4c58-ad6e-9c620e29b8e0,静岡県都市計画基礎調査（森町）,https://opendata.pref.shizuoka.jp/dataset/9949.html,,96258,07_自然環境.zip,ZIP,,自然環境,archive,strict,https://opendata.pref.shizuoka.jp/fs/9/6/2/5/8/_/07_____.zip
shizuoka-pref,静岡県オープンデータ（ふじのくにオープンデータカタログ）,静岡県オープンデータ,c6db40f7-69c2-4c58-ad6e-9c620e29b8e0,静岡県都市計画基礎調査（森町）,https://opendata.pref.shizuoka.jp/dataset/9949.html,,96259,08_公害および災害.zip,ZIP,,災害,archive,strict,https://opendata.pref.shizuoka.jp/fs/9/6/2/5/9/_/08________.zip
shizuoka-pref,静岡県オープンデータ（ふじのくにオープンデータカタログ）,静岡県オープンデータ,c6db40f7-69c2-4c58-ad6e-9c620e29b8e0,静岡県都市計画基礎調査（森町）,https://opendata.pref.shizuoka.jp/dataset/9949.html,,96260,09_観光・景観・歴史.zip,ZIP,,景観,archive,strict,https://opendata.pref.shizuoka.jp/fs/9/6/2/6/0/_/09_________.zip
shizuoka-pref,静岡県オープンデータ（ふじのくにオープンデータカタログ）,静岡県オープンデータ,c6db40f7-69c2-4c58-ad6e-9c620e29b8e0,静岡県都市計画基礎調査（森町）,https://opendata.pref.shizuoka.jp/dataset/9949.html,,96261,定義書.zip,ZIP,,,archive,strict,https://opendata.pref.shizuoka.jp/fs/9/6/2/6/1/_/___.zip
shizuoka-pref,静岡県オープンデータ（ふじのくにオープンデータカタログ）,静岡県オープンデータ,10bde00e-5a28-43fe-a814-991e441540f3,静岡県都市計画基礎調査（都市計画基礎調査要綱・GIS作成仕様書）,https://opendata.pref.shizuoka.jp/dataset/9952.html,,849619,静岡県都市計画基礎調査（都市計画基礎調査要綱・GIS作成仕様書）,HTML,,,document,strict,https://www.geospatial.jp/ckan/dataset/tosikeikaku202306youkou_gisshiyou
